{
    "__createdwith": "opl's Model Creator",
    "ambientocclusion": false,
    "textures": {
        "texture": "blocks/dispenser_front_horizontal",
        "particle": "blocks/dispenser_front_horizontal",
        "_panel": "custom/tv_panel"
    },
    "elements": [
        {
            "from": [0,3,1],
            "to": [16,16,4],
            "faces": {
                "up": {
                    "uv": [0,8.25,2,14.75],
                    "texture": "#texture",
                    "rotation": 90
                },
                "down": {
                    "uv": [0.25,10.75,1.75,13.25],
                    "texture": "#texture"
                },
                "west": {
                    "uv": [0,7.5,2.25,15.75],
                    "texture": "#texture"
                },
                "east": {
                    "uv": [0,8.5,2,9.75],
                    "texture": "#texture"
                },
                "north": {
                    "uv": [1.75,6.75,16,15.75],
                    "texture": "#texture"
                },
                "south": {
                    "uv": [0,6.75,2,15.75],
                    "texture": "#texture"
                }
            }
        },
        {
            "from": [1,4,4],
            "to": [15,15,9],
            "faces": {
                "up": {
                    "uv": [0,8.25,2,14.75],
                    "texture": "#texture",
                    "rotation": 90
                },
                "down": {
                    "uv": [0.25,10.75,1.75,13.25],
                    "texture": "#texture"
                },
                "west": {
                    "uv": [0,7.5,2.25,15.75],
                    "texture": "#texture"
                },
                "east": {
                    "uv": [0,8.5,2,9.75],
                    "texture": "#texture"
                },
                "north": {
                    "uv": [2.25,6.75,16,15.5],
                    "texture": "#texture"
                },
                "south": {
                    "uv": [0,7,2,16],
                    "texture": "#texture"
                }
            }
        },
        {
            "from": [3,4,9],
            "to": [13,14,14],
            "faces": {
                "up": {
                    "uv": [0,8.25,2,14.75],
                    "texture": "#texture",
                    "rotation": 90
                },
                "down": {
                    "uv": [0.25,10.75,1.75,13.25],
                    "texture": "#texture"
                },
                "west": {
                    "uv": [0,7.5,2.25,15.75],
                    "texture": "#texture"
                },
                "east": {
                    "uv": [0,8.5,2,9.75],
                    "texture": "#texture"
                },
                "north": {
                    "uv": [2.25,6.75,16,15.5],
                    "texture": "#texture"
                },
                "south": {
                    "uv": [0,7,2.25,10.5],
                    "texture": "#texture"
                }
            }
        },
        {
            "from": [0,0,0],
            "to": [16,1,16],
            "faces": {
                "up": {
                    "uv": [4.5,0,6.5,6.5],
                    "texture": "#texture",
                    "rotation": 90
                },
                "down": {
                    "uv": [0.25,10.75,1.75,13.25],
                    "texture": "#texture"
                },
                "west": {
                    "uv": [0,7.5,2.25,15.75],
                    "texture": "#texture"
                },
                "east": {
                    "uv": [0,8.5,2,9.75],
                    "texture": "#texture"
                },
                "north": {
                    "uv": [0.25,0,10.5,4.25],
                    "texture": "#texture"
                },
                "south": {
                    "uv": [0,7,2.25,10.5],
                    "texture": "#texture"
                }
            }
        },
        {
            "from": [6,1,4],
            "to": [10,4,8],
            "faces": {
                "up": {
                    "uv": [4.5,0,6.5,6.5],
                    "texture": "#texture",
                    "rotation": 90
                },
                "down": {
                    "uv": [0.25,10.75,1.75,13.25],
                    "texture": "#texture"
                },
                "west": {
                    "uv": [0,7.5,2.25,15.75],
                    "texture": "#texture"
                },
                "east": {
                    "uv": [0,8.5,2,9.75],
                    "texture": "#texture"
                },
                "north": {
                    "uv": [0.25,0,10.5,4.25],
                    "texture": "#texture"
                },
                "south": {
                    "uv": [0,7,2.25,10.5],
                    "texture": "#texture"
                }
            }
        }
    ]
}