{
    "__createdwith": "opl's Model Creator",
    "ambientocclusion": false,
    "textures": {
        "side": "custom/custom_grass_side",
        "top": "custom/custom_grass_top",
        "overlay": "custom/custom_grass_top",
        "bottom": "custom/custom_dirt",
        "_grass": "custom/custom_grass",
        "particle": "custom/tall_grass"
    },
    "elements": [
        {
            "from": [0,0,0],
            "to": [16,16,16],
            "faces": {
                "up": {
                    "texture": "#top",
                    "cullface": up,
                    "tintindex": 0
                },
                "down": {
                    "texture": "#bottom",
                    "cullface": down
                },
                "west": {
                    "texture": "#side",
                    "cullface": west
                },
                "east": {
                    "texture": "#side",
                    "cullface": east
                },
                "north": {
                    "texture": "#side",
                    "cullface": north
                },
                "south": {
                    "texture": "#side",
                    "cullface": south
                }
            }
        },
        {
            "from": [8,16,3],
            "to": [9,25,19],
            "faces": {
                "west": {
                    "uv": [0,7.5,16,16],
                    "texture": "#_grass",
                    "cullface": up,
                    "tintindex": 0
                },
                "east": {
                    "uv": [0,7.5,16,16],
                    "texture": "#_grass",
                    "cullface": up,
                    "tintindex": 0
                }
            }
        },
        {
            "from": [5,16,6],
            "to": [21,25,7],
            "faces": {
                "north": {
                    "uv": [0,7.5,16,16],
                    "texture": "#_grass",
                    "cullface": up,
                    "tintindex": 0
                },
                "south": {
                    "uv": [0,7.5,16,16],
                    "texture": "#_grass",
                    "cullface": up,
                    "tintindex": 0
                }
            }
        },
        {
            "from": [-4,16,9],
            "to": [12,25,10],
            "faces": {
                "north": {
                    "uv": [0,7.5,16,16],
                    "texture": "#_grass",
                    "cullface": up,
                    "tintindex": 0
                },
                "south": {
                    "uv": [0,7.5,16,16],
                    "texture": "#_grass",
                    "cullface": up,
                    "tintindex": 0
                }
            }
        },
        {
            "from": [6,16,-4],
            "to": [7,25,12],
            "faces": {
                "west": {
                    "uv": [0,7.5,16,16],
                    "texture": "#_grass",
                    "cullface": up,
                    "tintindex": 0
                },
                "east": {
                    "uv": [0,7.5,16,16],
                    "texture": "#_grass",
                    "cullface": up,
                    "tintindex": 0
                }
            }
        },
        {
            "from": [-3,16,3],
            "to": [13,25,4],
            "faces": {
                "north": {
                    "uv": [0,7.5,16,16],
                    "texture": "#_grass",
                    "cullface": up,
                    "tintindex": 0
                },
                "south": {
                    "uv": [0,7.5,16,16],
                    "texture": "#_grass",
                    "cullface": up,
                    "tintindex": 0
                }
            }
        },
        {
            "from": [14,16,3],
            "to": [15,25,19],
            "faces": {
                "west": {
                    "uv": [0,7.5,16,16],
                    "texture": "#_grass",
                    "cullface": up,
                    "tintindex": 0
                },
                "east": {
                    "uv": [0,7.5,16,16],
                    "texture": "#_grass",
                    "cullface": up,
                    "tintindex": 0
                }
            }
        },
        {
            "from": [4,16,4],
            "to": [5,25,20],
            "faces": {
                "west": {
                    "uv": [0,7.5,16,16],
                    "texture": "#_grass",
                    "cullface": up,
                    "tintindex": 0
                },
                "east": {
                    "uv": [0,7.5,16,16],
                    "texture": "#_grass",
                    "cullface": up,
                    "tintindex": 0
                }
            }
        },
        {
            "from": [2,16,12],
            "to": [18,25,13],
            "faces": {
                "north": {
                    "uv": [0,7.5,16,16],
                    "texture": "#_grass",
                    "cullface": up,
                    "tintindex": 0
                },
                "south": {
                    "uv": [0,7.5,16,16],
                    "texture": "#_grass",
                    "cullface": up,
                    "tintindex": 0
                }
            }
        },
        {
            "from": [2,16,-4],
            "to": [3,25,12],
            "faces": {
                "west": {
                    "uv": [0,7.5,16,16],
                    "texture": "#_grass",
                    "cullface": up,
                    "tintindex": 0
                },
                "east": {
                    "uv": [0,7.5,16,16],
                    "texture": "#_grass",
                    "cullface": up,
                    "tintindex": 0
                }
            }
        },
        {
            "from": [5,16,1],
            "to": [21,25,2],
            "faces": {
                "north": {
                    "uv": [0,7.5,16,16],
                    "texture": "#_grass",
                    "cullface": up,
                    "tintindex": 0
                },
                "south": {
                    "uv": [0,7.5,16,16],
                    "texture": "#_grass",
                    "cullface": up,
                    "tintindex": 0
                }
            }
        },
        {
            "from": [-3,16,14],
            "to": [13,25,15],
            "faces": {
                "north": {
                    "uv": [0,7.5,16,16],
                    "texture": "#_grass",
                    "cullface": up,
                    "tintindex": 0
                },
                "south": {
                    "uv": [0,7.5,16,16],
                    "texture": "#_grass",
                    "cullface": up,
                    "tintindex": 0
                }
            }
        },
        {
            "from": [11,16,-2],
            "to": [12,25,15],
            "faces": {
                "west": {
                    "uv": [0,7.5,16,16],
                    "texture": "#_grass",
                    "cullface": up,
                    "tintindex": 0
                },
                "east": {
                    "uv": [0,7.5,16,16],
                    "texture": "#_grass",
                    "cullface": up,
                    "tintindex": 0
                }
            }
        }
    ]
}