{
    "__createdwith": "opl's Model Creator",
    "ambientocclusion": false,
    "textures": {
        "side": "custom/custom_grass_side",
        "top": "custom/custom_grass_top",
        "overlay": "blocks/grass_side_overl",
        "bottom": "custom/custom_dirt",
        "_grass": "custom/custom_grass_2",
        "particle": "custom/tall_grass"
    },
    "elements": [
        {
            "from": [0,0,0],
            "to": [16,16,16],
            "faces": {
                "up": {
                    "texture": "#top",
                    "cullface": up,
                    "tintindex": 0
                },
                "down": {
                    "texture": "#bottom",
                    "cullface": down
                },
                "west": {
                    "texture": "#side",
                    "cullface": west
                },
                "east": {
                    "texture": "#side",
                    "cullface": east
                },
                "north": {
                    "texture": "#side",
                    "cullface": north
                },
                "south": {
                    "texture": "#side",
                    "cullface": south
                }
            }
        },
        {
            "from": [0,16,5],
            "to": [16,28,6],
            "faces": {
                "north": {
                    "uv": [0,7.5,16,16],
                    "texture": "#_grass",
                    "cullface": up,
                    "tintindex": 0
                },
                "south": {
                    "uv": [0,7.5,16,16],
                    "texture": "#_grass",
                    "cullface": up,
                    "tintindex": 0
                }
            }
        },
        {
            "from": [14,16,3],
            "to": [15,25,19],
            "faces": {
                "west": {
                    "uv": [0,7.5,16,16],
                    "texture": "#_grass",
                    "cullface": up,
                    "tintindex": 0
                },
                "east": {
                    "uv": [0,7.5,16,16],
                    "texture": "#_grass",
                    "cullface": up,
                    "tintindex": 0
                }
            }
        },
        {
            "from": [1,16,13],
            "to": [17,25,14],
            "faces": {
                "north": {
                    "uv": [0,7.5,16,16],
                    "texture": "#_grass",
                    "cullface": up,
                    "tintindex": 0
                },
                "south": {
                    "uv": [0,7.5,16,16],
                    "texture": "#_grass",
                    "cullface": up,
                    "tintindex": 0
                }
            }
        },
        {
            "from": [1,16,-3],
            "to": [2,25,14],
            "faces": {
                "west": {
                    "uv": [0,7.5,16,16],
                    "texture": "#_grass",
                    "cullface": up,
                    "tintindex": 0
                },
                "east": {
                    "uv": [0,7.5,16,16],
                    "texture": "#_grass",
                    "cullface": up,
                    "tintindex": 0
                }
            }
        }
    ]
}