{
    "__createdwith": "opl's Model Creator",
    "ambientocclusion": false,
    "textures": {
        "side": "blocks/log_jungle",
        "end": "blocks/log_jungle",
        "particle": "blocks/log_jungle_top"
    },
    "elements": [
        {
            "from": [0,0,1.9],
            "to": [16,16,14.1],
            "faces": {
                "up": {
                    "uv": [1.5,2,14.5,14],
                    "texture": "#particle"
                },
                "down": {
                    "uv": [1.5,2,14.5,14.05],
                    "texture": "#particle"
                },
                "west": {
                    "uv": [2.1000004,0,14,16],
                    "texture": "#side",
                    "cullface": west
                },
                "east": {
                    "uv": [2,0,14,16],
                    "texture": "#side",
                    "cullface": east
                },
                "north": {
                    "uv": [0,0,16,2],
                    "texture": "#end",
                    "cullface": north
                },
                "south": {
                    "uv": [0,0,16,2],
                    "texture": "#end",
                    "cullface": south
                }
            }
        },
        {
            "from": [-2,0,14.1],
            "to": [18,16,16.1],
            "faces": {
                "up": {
                    "uv": [0,14,16,16],
                    "texture": "#particle"
                },
                "down": {
                    "uv": [0,16,16,14],
                    "texture": "#particle"
                },
                "west": {
                    "uv": [0,0,2,16],
                    "texture": "#side"
                },
                "east": {
                    "uv": [0,0,2,16],
                    "texture": "#side"
                },
                "north": {
                    "uv": [0,0,16,16],
                    "texture": "#side",
                    "rotation": 180
                },
                "south": {
                    "uv": [0,0,16,15.5],
                    "texture": "#side",
                    "rotation": 180
                }
            }
        },
        {
            "from": [-2,0,-0.1],
            "to": [18,16,1.9],
            "faces": {
                "up": {
                    "uv": [0,16,16,14],
                    "texture": "#particle"
                },
                "down": {
                    "uv": [0,14,16,16],
                    "texture": "#particle"
                },
                "west": {
                    "uv": [0,0,2,16],
                    "texture": "#side"
                },
                "east": {
                    "uv": [0,0,2,16],
                    "texture": "#side"
                },
                "north": {
                    "uv": [0,0,16,16],
                    "texture": "#side",
                    "rotation": 180
                },
                "south": {
                    "uv": [0,0,16,15.5],
                    "texture": "#side",
                    "rotation": 180
                }
            }
        }
    ]
}