{
    "__createdwith": "opl's Model Creator",
    "ambientocclusion": false,
    "textures": {
        "side": "blocks/log_jungle",
        "end": "blocks/log_jungle",
        "particle": "blocks/log_jungle_top"
    },
    "elements": [
        {
            "from": [-2,14.1,0],
            "to": [18,16.1,16],
            "faces": {
                "up": {
                    "uv": [0,0,16,16],
                    "texture": "#side"
                },
                "down": {
                    "uv": [0,0,16,16],
                    "texture": "#side"
                },
                "west": {
                    "uv": [0,0,2,16],
                    "texture": "#side",
                    "rotation": 90
                },
                "east": {
                    "uv": [0,0,2,16],
                    "texture": "#side",
                    "rotation": 90
                },
                "north": {
                    "uv": [0,0,16,2],
                    "texture": "#particle"
                },
                "south": {
                    "uv": [0,0,16,2],
                    "texture": "#particle"
                }
            }
        },
        {
            "from": [0,1.8999996,0],
            "to": [16,14.1,16],
            "faces": {
                "up": {
                    "texture": "#side",
                    "cullface": up
                },
                "down": {
                    "texture": "#side",
                    "cullface": down
                },
                "west": {
                    "uv": [2,0,14,16],
                    "texture": "#side",
                    "cullface": west,
                    "rotation": 90
                },
                "east": {
                    "uv": [2,0,14,16],
                    "texture": "#side",
                    "cullface": east,
                    "rotation": 90
                },
                "north": {
                    "uv": [1.5,2,14.5,14.1],
                    "texture": "#particle"
                },
                "south": {
                    "uv": [1.5,2,14.5,14],
                    "texture": "#particle",
                    "rotation": 180
                }
            }
        },
        {
            "from": [-2.1,-0.1,0],
            "to": [17.9,1.9,16],
            "faces": {
                "up": {
                    "uv": [0,0,16,16],
                    "texture": "#side"
                },
                "down": {
                    "uv": [0,0,16,16],
                    "texture": "#side"
                },
                "west": {
                    "uv": [0,0,2,16],
                    "texture": "#side",
                    "rotation": 90
                },
                "east": {
                    "uv": [0,0,2,16],
                    "texture": "#side",
                    "rotation": 90
                },
                "north": {
                    "uv": [0,2,16,0],
                    "texture": "#particle"
                },
                "south": {
                    "uv": [0,2,16,0],
                    "texture": "#particle"
                }
            }
        }
    ]
}