{
    "__createdwith": "opl's Model Creator",
    "ambientocclusion": false,
    "textures": {
        "footplace": "custom/ladder_footplace",
        "texture": "custom/ladder",
        "particle": "custom/ladder"
    },
    "elements": [
        {
            "from": [12.5,0,14.5],
            "to": [14,16,16],
            "faces": {
                "up": {
                    "uv": [6.333332,0.75,8.833332,3.25],
                    "texture": "#texture"
                },
                "down": {
                    "uv": [8,9.5,6.5,8],
                    "texture": "#texture"
                },
                "west": {
                    "uv": [5,0,11,16],
                    "texture": "#texture"
                },
                "east": {
                    "uv": [5,0,11,16],
                    "texture": "#texture"
                },
                "north": {
                    "uv": [5,0,11,16],
                    "texture": "#texture"
                },
                "south": {
                    "uv": [5,0,11,16],
                    "texture": "#texture"
                }
            }
        },
        {
            "from": [3.5,14.5,14.75],
            "to": [12.5,15,15.75],
            "faces": {
                "up": {
                    "uv": [0,9.125,15.8125,12.875],
                    "texture": "#footplace"
                },
                "down": {
                    "uv": [10.875,16,5.125,0],
                    "texture": "#texture"
                },
                "west": {
                    "uv": [11.5,13,12,13.5],
                    "texture": "#texture"
                },
                "east": {
                    "uv": [4,12.5,4.5,13],
                    "texture": "#texture"
                },
                "north": {
                    "uv": [5.25,1,11,3.625],
                    "texture": "#texture"
                },
                "south": {
                    "uv": [5.25,6.5,10.75,8],
                    "texture": "#texture"
                }
            }
        },
        {
            "from": [2,0,14.5],
            "to": [3.5,16,16],
            "faces": {
                "up": {
                    "uv": [6.333332,0.75,8.833332,3.25],
                    "texture": "#texture"
                },
                "down": {
                    "uv": [8,9.5,6.5,8],
                    "texture": "#texture"
                },
                "west": {
                    "uv": [5,0,11,16],
                    "texture": "#texture"
                },
                "east": {
                    "uv": [5,0,11,16],
                    "texture": "#texture"
                },
                "north": {
                    "uv": [5,0,11,16],
                    "texture": "#texture"
                },
                "south": {
                    "uv": [5,0,11,16],
                    "texture": "#texture"
                }
            }
        },
        {
            "from": [3.5,10.5,14.75],
            "to": [12.5,11,15.75],
            "faces": {
                "up": {
                    "uv": [0,9.3125,16,12.875],
                    "texture": "#footplace"
                },
                "down": {
                    "uv": [10.875,16,5.125,0],
                    "texture": "#texture"
                },
                "west": {
                    "uv": [11.5,13,12,13.5],
                    "texture": "#texture"
                },
                "east": {
                    "uv": [4,12.5,4.5,13],
                    "texture": "#texture"
                },
                "north": {
                    "uv": [5.25,1,11,3.625],
                    "texture": "#texture"
                },
                "south": {
                    "uv": [5.25,6.5,10.75,8],
                    "texture": "#texture"
                }
            }
        },
        {
            "from": [3.5,6.5,14.75],
            "to": [12.5,7,15.75],
            "faces": {
                "up": {
                    "uv": [0,9.3125,15.9375,12.875],
                    "texture": "#footplace"
                },
                "down": {
                    "uv": [10.875,16,5.125,0],
                    "texture": "#texture"
                },
                "west": {
                    "uv": [11.5,13,12,13.5],
                    "texture": "#texture"
                },
                "east": {
                    "uv": [4,12.5,4.5,13],
                    "texture": "#texture"
                },
                "north": {
                    "uv": [5.25,1,11,3.625],
                    "texture": "#texture"
                },
                "south": {
                    "uv": [5.25,6.5,10.75,8],
                    "texture": "#texture"
                }
            }
        },
        {
            "from": [3.5,2.5,14.75],
            "to": [12.5,3,15.75],
            "faces": {
                "up": {
                    "uv": [0,9.4375,15.75,12.875],
                    "texture": "#footplace"
                },
                "down": {
                    "uv": [10.875,16,5.125,0],
                    "texture": "#texture"
                },
                "west": {
                    "uv": [11.5,13,12,13.5],
                    "texture": "#texture"
                },
                "east": {
                    "uv": [4,12.5,4.5,13],
                    "texture": "#texture"
                },
                "north": {
                    "uv": [5.25,1,11,3.625],
                    "texture": "#texture"
                },
                "south": {
                    "uv": [5.25,6.5,10.75,8],
                    "texture": "#texture"
                }
            }
        },
        {
            "from": [13.25,2.25,11.5],
            "to": [14,18.25,12.25],
            "faces": {
                "up": {
                    "uv": [6.333332,0.75,8.833332,3.25],
                    "texture": "#texture"
                },
                "down": {
                    "uv": [8,9.5,6.5,8],
                    "texture": "#texture"
                },
                "west": {
                    "uv": [5,0,6.3125,0.5625],
                    "texture": "#texture"
                },
                "east": {
                    "uv": [5,0,5.625,2],
                    "texture": "#texture"
                },
                "north": {
                    "uv": [5,0,5.8125,1.625],
                    "texture": "#texture"
                },
                "south": {
                    "uv": [5,0,5.75,1.5],
                    "texture": "#texture"
                }
            }
        },
        {
            "from": [13.5,7.25,12],
            "to": [13.75,8,14.5],
            "faces": {
                "up": {
                    "uv": [11.395832,9.0625,12.5,10.1875],
                    "texture": "#texture"
                },
                "down": {
                    "uv": [8,9.5,6.5,8],
                    "texture": "#texture"
                },
                "west": {
                    "uv": [5,0,6.9375,0.9375],
                    "texture": "#texture"
                },
                "east": {
                    "uv": [5,0,6.9375,1.125],
                    "texture": "#texture"
                },
                "north": {
                    "uv": [5,0,11,16],
                    "texture": "#texture"
                },
                "south": {
                    "uv": [5,0,11,16],
                    "texture": "#texture"
                }
            }
        },
        {
            "from": [2.25,7.25,12],
            "to": [2.5,8,14.5],
            "faces": {
                "up": {
                    "uv": [11.395832,9.0625,12.5,10.1875],
                    "texture": "#texture"
                },
                "down": {
                    "uv": [8,9.5,6.5,8],
                    "texture": "#texture"
                },
                "west": {
                    "uv": [5,0,6.9375,0.9375],
                    "texture": "#texture"
                },
                "east": {
                    "uv": [5,0,6.9375,1.125],
                    "texture": "#texture"
                },
                "north": {
                    "uv": [5,0,11,16],
                    "texture": "#texture"
                },
                "south": {
                    "uv": [5,0,11,16],
                    "texture": "#texture"
                }
            }
        },
        {
            "from": [2,2.25,11.25],
            "to": [2.75,18.25,12],
            "faces": {
                "up": {
                    "uv": [6.333332,0.75,8.833332,3.25],
                    "texture": "#texture"
                },
                "down": {
                    "uv": [8,9.5,6.5,8],
                    "texture": "#texture"
                },
                "west": {
                    "uv": [5,0,6.3125,0.5625],
                    "texture": "#texture"
                },
                "east": {
                    "uv": [5,0,5.625,2],
                    "texture": "#texture"
                },
                "north": {
                    "uv": [5,0,5.8125,1.625],
                    "texture": "#texture"
                },
                "south": {
                    "uv": [5,0,5.75,1.5],
                    "texture": "#texture"
                }
            }
        }
    ]
}