{
    "__createdwith": "opl's Model Creator",
    "ambientocclusion": false,
    "textures": {
        "side": "blocks/rail_normal",
        "particle": "blocks/rail_normal"
    },
    "elements": [
        {
            "from": [-3,3,12.5],
            "to": [0.5,3.75,16],
            "faces": {
                "up": {
                    "uv": [12,0,14,16],
                    "texture": "#side",
                    "cullface": up,
                    "tintindex": 0
                },
                "down": {
                    "uv": [12,0,14,16],
                    "texture": "#side",
                    "cullface": down
                },
                "west": {
                    "uv": [2,0,3,16],
                    "texture": "#side",
                    "cullface": west,
                    "rotation": 90
                },
                "east": {
                    "uv": [2,0,3,16],
                    "texture": "#side",
                    "cullface": east,
                    "rotation": 90
                },
                "north": {
                    "uv": [14,11.75,12,12.25],
                    "texture": "#side",
                    "cullface": north
                },
                "south": {
                    "uv": [12,10.5,14,11],
                    "texture": "#side",
                    "cullface": south
                }
            }
        },
        {
            "from": [-1.75,3.75,12.5],
            "to": [-0.75,6,16],
            "faces": {
                "up": {
                    "uv": [12,0,14,16],
                    "texture": "#side",
                    "cullface": up,
                    "tintindex": 0
                },
                "down": {
                    "uv": [12,0,14,16],
                    "texture": "#side",
                    "cullface": down
                },
                "west": {
                    "uv": [2,0,3,16],
                    "texture": "#side",
                    "cullface": west,
                    "rotation": 90
                },
                "east": {
                    "uv": [2,0,3,16],
                    "texture": "#side",
                    "cullface": east,
                    "rotation": 90
                },
                "north": {
                    "uv": [14,11.75,12,12.25],
                    "texture": "#side",
                    "cullface": north
                },
                "south": {
                    "uv": [12,10.5,14,11],
                    "texture": "#side",
                    "cullface": south
                }
            }
        },
        {
            "from": [-2.25,6,12.5],
            "to": [-0.25,6.5,16],
            "faces": {
                "up": {
                    "uv": [12,0,14,16],
                    "texture": "#side",
                    "cullface": up,
                    "tintindex": 0
                },
                "down": {
                    "uv": [12,0,14,16],
                    "texture": "#side",
                    "cullface": down
                },
                "west": {
                    "uv": [2,0,3,16],
                    "texture": "#side",
                    "cullface": west,
                    "rotation": 90
                },
                "east": {
                    "uv": [2,0,3,16],
                    "texture": "#side",
                    "cullface": east,
                    "rotation": 90
                },
                "north": {
                    "uv": [14,11.75,12,12.25],
                    "texture": "#side",
                    "cullface": north
                },
                "south": {
                    "uv": [12,10.5,14,11],
                    "texture": "#side",
                    "cullface": south
                }
            }
        },
        {
            "from": [12.5,3.75,-1.75],
            "to": [16,6,-0.75],
            "faces": {
                "up": {
                    "uv": [12,0,14,16],
                    "texture": "#side",
                    "cullface": up,
                    "tintindex": 0
                },
                "down": {
                    "uv": [12,0,14,16],
                    "texture": "#side",
                    "cullface": down
                },
                "west": {
                    "uv": [2,0,3,16],
                    "texture": "#side",
                    "cullface": west,
                    "rotation": 90
                },
                "east": {
                    "uv": [2,0,3,16],
                    "texture": "#side",
                    "cullface": east,
                    "rotation": 90
                },
                "north": {
                    "uv": [14,11,13.25,12.25],
                    "texture": "#side",
                    "cullface": north,
                    "rotation": 180
                },
                "south": {
                    "uv": [13,9.5,14,11],
                    "texture": "#side",
                    "cullface": south
                }
            }
        },
        {
            "from": [12.5,3,-3],
            "to": [16,3.75,0.5],
            "faces": {
                "up": {
                    "uv": [12,0,14,16],
                    "texture": "#side",
                    "cullface": up,
                    "tintindex": 0
                },
                "down": {
                    "uv": [12,0,14,16],
                    "texture": "#side",
                    "cullface": down
                },
                "west": {
                    "uv": [2,0,3,16],
                    "texture": "#side",
                    "cullface": west,
                    "rotation": 90
                },
                "east": {
                    "uv": [2,0,3,16],
                    "texture": "#side",
                    "cullface": east,
                    "rotation": 90
                },
                "north": {
                    "uv": [14,11.75,12,12.25],
                    "texture": "#side",
                    "cullface": north
                },
                "south": {
                    "uv": [12,10.5,14,11],
                    "texture": "#side",
                    "cullface": south
                }
            }
        },
        {
            "from": [12.5,6,-2.25],
            "to": [16,6.5,-0.25],
            "faces": {
                "up": {
                    "uv": [12,0,14,16],
                    "texture": "#side",
                    "cullface": up,
                    "rotation": 90,
                    "tintindex": 0
                },
                "down": {
                    "uv": [12,0,14,16],
                    "texture": "#side",
                    "cullface": down
                },
                "west": {
                    "uv": [2,0,3,16],
                    "texture": "#side",
                    "cullface": west,
                    "rotation": 90
                },
                "east": {
                    "uv": [2,0,3,16],
                    "texture": "#side",
                    "cullface": east,
                    "rotation": 90
                },
                "north": {
                    "uv": [14,11.75,12,12.25],
                    "texture": "#side",
                    "cullface": north
                },
                "south": {
                    "uv": [12,10.5,14,11],
                    "texture": "#side",
                    "cullface": south
                }
            }
        },
        {
            "from": [5.5,3,-1],
            "to": [9,3.75,2.5],
            "faces": {
                "up": {
                    "uv": [12,0,14,16],
                    "texture": "#side",
                    "cullface": up,
                    "tintindex": 0
                },
                "down": {
                    "uv": [12,0,14,16],
                    "texture": "#side",
                    "cullface": down
                },
                "west": {
                    "uv": [2,0,3,16],
                    "texture": "#side",
                    "cullface": west,
                    "rotation": 90
                },
                "east": {
                    "uv": [2,0,3,16],
                    "texture": "#side",
                    "cullface": east,
                    "rotation": 90
                },
                "north": {
                    "uv": [14,11.75,12,12.25],
                    "texture": "#side",
                    "cullface": north
                },
                "south": {
                    "uv": [12,10.5,14,11],
                    "texture": "#side",
                    "cullface": south
                }
            }
        },
        {
            "from": [5.5,3.75,0.25],
            "to": [9,6,1.25],
            "faces": {
                "up": {
                    "uv": [12,0,14,16],
                    "texture": "#side",
                    "cullface": up,
                    "tintindex": 0
                },
                "down": {
                    "uv": [12,0,14,16],
                    "texture": "#side",
                    "cullface": down
                },
                "west": {
                    "uv": [2,0,3,16],
                    "texture": "#side",
                    "cullface": west,
                    "rotation": 90
                },
                "east": {
                    "uv": [2,0,3,16],
                    "texture": "#side",
                    "cullface": east,
                    "rotation": 90
                },
                "north": {
                    "uv": [14,10.75,13,12.25],
                    "texture": "#side",
                    "cullface": north
                },
                "south": {
                    "uv": [13,9.25,14,11],
                    "texture": "#side",
                    "cullface": south
                }
            }
        },
        {
            "from": [5.5,6,-0.25],
            "to": [9,6.5,1.75],
            "faces": {
                "up": {
                    "uv": [12,0,14,16],
                    "texture": "#side",
                    "cullface": up,
                    "rotation": 90,
                    "tintindex": 0
                },
                "down": {
                    "uv": [12,0,14,16],
                    "texture": "#side",
                    "cullface": down
                },
                "west": {
                    "uv": [2,0,3,16],
                    "texture": "#side",
                    "cullface": west,
                    "rotation": 90
                },
                "east": {
                    "uv": [2,0,3,16],
                    "texture": "#side",
                    "cullface": east,
                    "rotation": 90
                },
                "north": {
                    "uv": [14,11.75,12,12.25],
                    "texture": "#side",
                    "cullface": north
                },
                "south": {
                    "uv": [12,10.5,14,11],
                    "texture": "#side",
                    "cullface": south
                }
            }
        },
        {
            "from": [9,3,-2.25],
            "to": [12.5,3.75,1.25],
            "faces": {
                "up": {
                    "uv": [12,0,14,16],
                    "texture": "#side",
                    "cullface": up,
                    "tintindex": 0
                },
                "down": {
                    "uv": [12,0,14,16],
                    "texture": "#side",
                    "cullface": down
                },
                "west": {
                    "uv": [2,0,3,16],
                    "texture": "#side",
                    "cullface": west,
                    "rotation": 90
                },
                "east": {
                    "uv": [2,0,3,16],
                    "texture": "#side",
                    "cullface": east,
                    "rotation": 90
                },
                "north": {
                    "uv": [14,11.75,12,12.25],
                    "texture": "#side",
                    "cullface": north
                },
                "south": {
                    "uv": [12,10.5,14,11],
                    "texture": "#side",
                    "cullface": south
                }
            }
        },
        {
            "from": [9,3.75,-1],
            "to": [12.5,6,0],
            "faces": {
                "up": {
                    "uv": [12,0,14,16],
                    "texture": "#side",
                    "cullface": up,
                    "tintindex": 0
                },
                "down": {
                    "uv": [12,0,14,16],
                    "texture": "#side",
                    "cullface": down
                },
                "west": {
                    "uv": [2,0,3,16],
                    "texture": "#side",
                    "cullface": west,
                    "rotation": 90
                },
                "east": {
                    "uv": [2,0,3,16],
                    "texture": "#side",
                    "cullface": east,
                    "rotation": 90
                },
                "north": {
                    "uv": [14,10.75,13.25,12.25],
                    "texture": "#side",
                    "cullface": north
                },
                "south": {
                    "uv": [13.25,9.25,14,11],
                    "texture": "#side",
                    "cullface": south
                }
            }
        },
        {
            "from": [9,6,-1.5],
            "to": [12.5,6.5,0.5],
            "faces": {
                "up": {
                    "uv": [12,0,14,16],
                    "texture": "#side",
                    "cullface": up,
                    "rotation": 90,
                    "tintindex": 0
                },
                "down": {
                    "uv": [12,0,14,16],
                    "texture": "#side",
                    "cullface": down
                },
                "west": {
                    "uv": [2,0,3,16],
                    "texture": "#side",
                    "cullface": west,
                    "rotation": 90
                },
                "east": {
                    "uv": [2,0,3,16],
                    "texture": "#side",
                    "cullface": east,
                    "rotation": 90
                },
                "north": {
                    "uv": [14,11.75,12,12.25],
                    "texture": "#side",
                    "cullface": north
                },
                "south": {
                    "uv": [12,10.5,14,11],
                    "texture": "#side",
                    "cullface": south
                }
            }
        },
        {
            "from": [-1,3,5.5],
            "to": [2.5,3.75,9],
            "faces": {
                "up": {
                    "uv": [12,0,14,16],
                    "texture": "#side",
                    "cullface": up,
                    "tintindex": 0
                },
                "down": {
                    "uv": [12,0,14,16],
                    "texture": "#side",
                    "cullface": down
                },
                "west": {
                    "uv": [2,0,3,16],
                    "texture": "#side",
                    "cullface": west,
                    "rotation": 90
                },
                "east": {
                    "uv": [2,0,3,16],
                    "texture": "#side",
                    "cullface": east,
                    "rotation": 90
                },
                "north": {
                    "uv": [14,11.75,12,12.25],
                    "texture": "#side",
                    "cullface": north
                },
                "south": {
                    "uv": [12,10.5,14,11],
                    "texture": "#side",
                    "cullface": south
                }
            }
        },
        {
            "from": [-0.25,6,5.5],
            "to": [1.75,6.5,9],
            "faces": {
                "up": {
                    "uv": [12,0,14,16],
                    "texture": "#side",
                    "cullface": up,
                    "tintindex": 0
                },
                "down": {
                    "uv": [12,0,14,16],
                    "texture": "#side",
                    "cullface": down
                },
                "west": {
                    "uv": [2,0,3,16],
                    "texture": "#side",
                    "cullface": west,
                    "rotation": 90
                },
                "east": {
                    "uv": [2,0,3,16],
                    "texture": "#side",
                    "cullface": east,
                    "rotation": 90
                },
                "north": {
                    "uv": [14,11.75,12,12.25],
                    "texture": "#side",
                    "cullface": north
                },
                "south": {
                    "uv": [12,10.5,14,11],
                    "texture": "#side",
                    "cullface": south
                }
            }
        },
        {
            "from": [0.25,3.75,5.5],
            "to": [1.25,6,9],
            "faces": {
                "up": {
                    "uv": [12,0,14,16],
                    "texture": "#side",
                    "cullface": up,
                    "tintindex": 0
                },
                "down": {
                    "uv": [12,0,14,16],
                    "texture": "#side",
                    "cullface": down
                },
                "west": {
                    "uv": [2,0,3,16],
                    "texture": "#side",
                    "cullface": west,
                    "rotation": 90
                },
                "east": {
                    "uv": [2,0,3,16],
                    "texture": "#side",
                    "cullface": east,
                    "rotation": 90
                },
                "north": {
                    "uv": [14,11.75,12,12.25],
                    "texture": "#side",
                    "cullface": north
                },
                "south": {
                    "uv": [12,10.5,14,11],
                    "texture": "#side",
                    "cullface": south
                }
            }
        },
        {
            "from": [-2.25,3,9],
            "to": [1.25,3.75,12.5],
            "faces": {
                "up": {
                    "uv": [12,0,14,16],
                    "texture": "#side",
                    "cullface": up,
                    "tintindex": 0
                },
                "down": {
                    "uv": [12,0,14,16],
                    "texture": "#side",
                    "cullface": down
                },
                "west": {
                    "uv": [2,0,3,16],
                    "texture": "#side",
                    "cullface": west,
                    "rotation": 90
                },
                "east": {
                    "uv": [2,0,3,16],
                    "texture": "#side",
                    "cullface": east,
                    "rotation": 90
                },
                "north": {
                    "uv": [14,11.75,12,12.25],
                    "texture": "#side",
                    "cullface": north
                },
                "south": {
                    "uv": [12,10.5,14,11],
                    "texture": "#side",
                    "cullface": south
                }
            }
        },
        {
            "from": [-1.5,6,9],
            "to": [0.5,6.5,12.5],
            "faces": {
                "up": {
                    "uv": [12,0,14,16],
                    "texture": "#side",
                    "cullface": up,
                    "tintindex": 0
                },
                "down": {
                    "uv": [12,0,14,16],
                    "texture": "#side",
                    "cullface": down
                },
                "west": {
                    "uv": [2,0,3,16],
                    "texture": "#side",
                    "cullface": west,
                    "rotation": 90
                },
                "east": {
                    "uv": [2,0,3,16],
                    "texture": "#side",
                    "cullface": east,
                    "rotation": 90
                },
                "north": {
                    "uv": [14,11.75,12,12.25],
                    "texture": "#side",
                    "cullface": north
                },
                "south": {
                    "uv": [12,10.5,14,11],
                    "texture": "#side",
                    "cullface": south
                }
            }
        },
        {
            "from": [-1,3.75,9],
            "to": [0,6,12.5],
            "faces": {
                "up": {
                    "uv": [12,0,14,16],
                    "texture": "#side",
                    "cullface": up,
                    "tintindex": 0
                },
                "down": {
                    "uv": [12,0,14,16],
                    "texture": "#side",
                    "cullface": down
                },
                "west": {
                    "uv": [2,0,3,16],
                    "texture": "#side",
                    "cullface": west,
                    "rotation": 90
                },
                "east": {
                    "uv": [2,0,3,16],
                    "texture": "#side",
                    "cullface": east,
                    "rotation": 90
                },
                "north": {
                    "uv": [14,11.75,12,12.25],
                    "texture": "#side",
                    "cullface": north
                },
                "south": {
                    "uv": [12,10.5,14,11],
                    "texture": "#side",
                    "cullface": south
                }
            }
        },
        {
            "from": [0.75,3,4],
            "to": [4.25,3.75,5.5],
            "faces": {
                "up": {
                    "uv": [12,0,14,16],
                    "texture": "#side",
                    "cullface": up,
                    "tintindex": 0
                },
                "down": {
                    "uv": [12,0,14,16],
                    "texture": "#side",
                    "cullface": down
                },
                "west": {
                    "uv": [2,0,3,16],
                    "texture": "#side",
                    "cullface": west,
                    "rotation": 90
                },
                "east": {
                    "uv": [2,0,3,16],
                    "texture": "#side",
                    "cullface": east,
                    "rotation": 90
                },
                "north": {
                    "uv": [14,11.75,12,12.25],
                    "texture": "#side",
                    "cullface": north
                },
                "south": {
                    "uv": [12,10.5,14,11],
                    "texture": "#side",
                    "cullface": south
                }
            }
        },
        {
            "from": [1.5,6,3.25],
            "to": [3.5,6.5,5.5],
            "faces": {
                "up": {
                    "uv": [12,0,14,16],
                    "texture": "#side",
                    "cullface": up,
                    "tintindex": 0
                },
                "down": {
                    "uv": [12,0,14,16],
                    "texture": "#side",
                    "cullface": down
                },
                "west": {
                    "uv": [2,0,3,16],
                    "texture": "#side",
                    "cullface": west,
                    "rotation": 90
                },
                "east": {
                    "uv": [2,0,3,16],
                    "texture": "#side",
                    "cullface": east,
                    "rotation": 90
                },
                "north": {
                    "uv": [14,11.75,12,12.25],
                    "texture": "#side",
                    "cullface": north
                },
                "south": {
                    "uv": [12,10.5,14,11],
                    "texture": "#side",
                    "cullface": south
                }
            }
        },
        {
            "from": [2,3.75,2.75],
            "to": [3,6,5.5],
            "faces": {
                "up": {
                    "uv": [12,0,14,16],
                    "texture": "#side",
                    "cullface": up,
                    "tintindex": 0
                },
                "down": {
                    "uv": [12,0,14,16],
                    "texture": "#side",
                    "cullface": down
                },
                "west": {
                    "uv": [2,0,3,16],
                    "texture": "#side",
                    "cullface": west,
                    "rotation": 90
                },
                "east": {
                    "uv": [2,0,3,16],
                    "texture": "#side",
                    "cullface": east,
                    "rotation": 90
                },
                "north": {
                    "uv": [14,11.75,12,12.25],
                    "texture": "#side",
                    "cullface": north
                },
                "south": {
                    "uv": [12,10.5,14,11],
                    "texture": "#side",
                    "cullface": south
                }
            }
        },
        {
            "from": [4.25,3,0.5],
            "to": [5.5,3.75,4],
            "faces": {
                "up": {
                    "uv": [12,0,14,16],
                    "texture": "#side",
                    "cullface": up,
                    "tintindex": 0
                },
                "down": {
                    "uv": [12,0,14,16],
                    "texture": "#side",
                    "cullface": down
                },
                "west": {
                    "uv": [2,0,3,16],
                    "texture": "#side",
                    "cullface": west,
                    "rotation": 90
                },
                "east": {
                    "uv": [2,0,3,16],
                    "texture": "#side",
                    "cullface": east,
                    "rotation": 90
                },
                "north": {
                    "uv": [14,11.75,12,12.25],
                    "texture": "#side",
                    "cullface": north
                },
                "south": {
                    "uv": [12,10.5,14,11],
                    "texture": "#side",
                    "cullface": south
                }
            }
        },
        {
            "from": [3,3.75,1.75],
            "to": [5.5,6,2.75],
            "faces": {
                "up": {
                    "uv": [12,0,14,16],
                    "texture": "#side",
                    "cullface": up,
                    "tintindex": 0
                },
                "down": {
                    "uv": [12,0,14,16],
                    "texture": "#side",
                    "cullface": down
                },
                "west": {
                    "uv": [2,0,3,16],
                    "texture": "#side",
                    "cullface": west,
                    "rotation": 90
                },
                "east": {
                    "uv": [2,0,3,16],
                    "texture": "#side",
                    "cullface": east,
                    "rotation": 90
                },
                "north": {
                    "uv": [14,10.75,13.25,12.25],
                    "texture": "#side",
                    "cullface": north
                },
                "south": {
                    "uv": [13,9.5,14,11],
                    "texture": "#side",
                    "cullface": south
                }
            }
        },
        {
            "from": [3.5,6,1.25],
            "to": [5.5,6.5,3.25],
            "faces": {
                "up": {
                    "uv": [12,0,14,16],
                    "texture": "#side",
                    "cullface": up,
                    "rotation": 90,
                    "tintindex": 0
                },
                "down": {
                    "uv": [12,0,14,16],
                    "texture": "#side",
                    "cullface": down
                },
                "west": {
                    "uv": [2,0,3,16],
                    "texture": "#side",
                    "cullface": west,
                    "rotation": 90
                },
                "east": {
                    "uv": [2,0,3,16],
                    "texture": "#side",
                    "cullface": east,
                    "rotation": 90
                },
                "north": {
                    "uv": [14,11.75,12,12.25],
                    "texture": "#side",
                    "cullface": north
                },
                "south": {
                    "uv": [12,10.5,14,11],
                    "texture": "#side",
                    "cullface": south
                }
            }
        },
        {
            "from": [2.25,6,2],
            "to": [3.5,6.5,3.25],
            "faces": {
                "up": {
                    "uv": [12,0,14,16],
                    "texture": "#side",
                    "cullface": up,
                    "rotation": 90,
                    "tintindex": 0
                },
                "down": {
                    "uv": [12,0,14,16],
                    "texture": "#side",
                    "cullface": down
                },
                "west": {
                    "uv": [2,0,3,16],
                    "texture": "#side",
                    "cullface": west,
                    "rotation": 90
                },
                "east": {
                    "uv": [2,0,3,16],
                    "texture": "#side",
                    "cullface": east,
                    "rotation": 90
                },
                "north": {
                    "uv": [14,11.75,12,12.25],
                    "texture": "#side",
                    "cullface": north
                },
                "south": {
                    "uv": [12,10.5,14,11],
                    "texture": "#side",
                    "cullface": south
                }
            }
        },
        {
            "from": [10,0,10],
            "to": [15,3,15],
            "faces": {
                "up": {
                    "uv": [4,1,12,3],
                    "texture": "#side",
                    "cullface": up,
                    "tintindex": 0
                },
                "down": {
                    "uv": [12,3,4,1],
                    "texture": "#side",
                    "cullface": down
                },
                "west": {
                    "uv": [1,1,2,3],
                    "texture": "#side",
                    "cullface": west,
                    "rotation": 90
                },
                "east": {
                    "uv": [1,1,2,3],
                    "texture": "#side",
                    "cullface": east,
                    "rotation": 90
                },
                "north": {
                    "uv": [4,9,12,11],
                    "texture": "#side",
                    "cullface": north
                },
                "south": {
                    "uv": [4,9,12,11],
                    "texture": "#side",
                    "cullface": south
                }
            }
        },
        {
            "from": [5,0,5],
            "to": [10,3,10],
            "faces": {
                "up": {
                    "uv": [4,1,12,3],
                    "texture": "#side",
                    "cullface": up,
                    "tintindex": 0
                },
                "down": {
                    "uv": [12,3,4,1],
                    "texture": "#side",
                    "cullface": down
                },
                "west": {
                    "uv": [1,1,2,3],
                    "texture": "#side",
                    "cullface": west,
                    "rotation": 90
                },
                "east": {
                    "uv": [1,1,2,3],
                    "texture": "#side",
                    "cullface": east,
                    "rotation": 90
                },
                "north": {
                    "uv": [4,9,12,11],
                    "texture": "#side",
                    "cullface": north
                },
                "south": {
                    "uv": [4,9,12,11],
                    "texture": "#side",
                    "cullface": south
                }
            }
        },
        {
            "from": [0,0,0],
            "to": [5,3,5],
            "faces": {
                "up": {
                    "uv": [4,1,12,3],
                    "texture": "#side",
                    "cullface": up,
                    "tintindex": 0
                },
                "down": {
                    "uv": [12,3,4,1],
                    "texture": "#side",
                    "cullface": down
                },
                "west": {
                    "uv": [1,1,2,3],
                    "texture": "#side",
                    "cullface": west,
                    "rotation": 90
                },
                "east": {
                    "uv": [1,1,2,3],
                    "texture": "#side",
                    "cullface": east,
                    "rotation": 90
                },
                "north": {
                    "uv": [4,9,12,11],
                    "texture": "#side",
                    "cullface": north
                },
                "south": {
                    "uv": [4,9,12,11],
                    "texture": "#side",
                    "cullface": south
                }
            }
        },
        {
            "from": [20,0,20],
            "to": [25,3,25],
            "faces": {
                "up": {
                    "uv": [4,1,12,3],
                    "texture": "#side",
                    "cullface": up,
                    "tintindex": 0
                },
                "down": {
                    "uv": [12,3,4,1],
                    "texture": "#side",
                    "cullface": down
                },
                "west": {
                    "uv": [1,1,2,3],
                    "texture": "#side",
                    "cullface": west,
                    "rotation": 90
                },
                "east": {
                    "uv": [1,1,2,3],
                    "texture": "#side",
                    "cullface": east,
                    "rotation": 90
                },
                "north": {
                    "uv": [4,9,12,11],
                    "texture": "#side",
                    "cullface": north
                },
                "south": {
                    "uv": [4,9,12,11],
                    "texture": "#side",
                    "cullface": south
                }
            }
        },
        {
            "from": [15,0,15],
            "to": [20,3,20],
            "faces": {
                "up": {
                    "uv": [4,1,12,3],
                    "texture": "#side",
                    "cullface": up,
                    "tintindex": 0
                },
                "down": {
                    "uv": [12,3,4,1],
                    "texture": "#side",
                    "cullface": down
                },
                "west": {
                    "uv": [1,1,2,3],
                    "texture": "#side",
                    "cullface": west,
                    "rotation": 90
                },
                "east": {
                    "uv": [1,1,2,3],
                    "texture": "#side",
                    "cullface": east,
                    "rotation": 90
                },
                "north": {
                    "uv": [4,9,12,11],
                    "texture": "#side",
                    "cullface": north
                },
                "south": {
                    "uv": [4,9,12,11],
                    "texture": "#side",
                    "cullface": south
                }
            }
        },
        {
            "from": [10,0,8],
            "to": [12,3,10],
            "faces": {
                "up": {
                    "uv": [4,1,12,3],
                    "texture": "#side",
                    "cullface": up,
                    "tintindex": 0
                },
                "down": {
                    "uv": [12,3,4,1],
                    "texture": "#side",
                    "cullface": down
                },
                "west": {
                    "uv": [1,1,2,3],
                    "texture": "#side",
                    "cullface": west,
                    "rotation": 90
                },
                "east": {
                    "uv": [1,1,2,3],
                    "texture": "#side",
                    "cullface": east,
                    "rotation": 90
                },
                "north": {
                    "uv": [4,9,12,11],
                    "texture": "#side",
                    "cullface": north
                },
                "south": {
                    "uv": [4,9,12,11],
                    "texture": "#side",
                    "cullface": south
                }
            }
        },
        {
            "from": [8,0,10],
            "to": [10,3,12],
            "faces": {
                "up": {
                    "uv": [4,1,12,3],
                    "texture": "#side",
                    "cullface": up,
                    "tintindex": 0
                },
                "down": {
                    "uv": [12,3,4,1],
                    "texture": "#side",
                    "cullface": down
                },
                "west": {
                    "uv": [1,1,2,3],
                    "texture": "#side",
                    "cullface": west,
                    "rotation": 90
                },
                "east": {
                    "uv": [1,1,2,3],
                    "texture": "#side",
                    "cullface": east,
                    "rotation": 90
                },
                "north": {
                    "uv": [4,9,12,11],
                    "texture": "#side",
                    "cullface": north
                },
                "south": {
                    "uv": [4,9,12,11],
                    "texture": "#side",
                    "cullface": south
                }
            }
        },
        {
            "from": [3,0,5],
            "to": [5,3,7],
            "faces": {
                "up": {
                    "uv": [4,1,12,3],
                    "texture": "#side",
                    "cullface": up,
                    "tintindex": 0
                },
                "down": {
                    "uv": [12,3,4,1],
                    "texture": "#side",
                    "cullface": down
                },
                "west": {
                    "uv": [1,1,2,3],
                    "texture": "#side",
                    "cullface": west,
                    "rotation": 90
                },
                "east": {
                    "uv": [1,1,2,3],
                    "texture": "#side",
                    "cullface": east,
                    "rotation": 90
                },
                "north": {
                    "uv": [4,9,12,11],
                    "texture": "#side",
                    "cullface": north
                },
                "south": {
                    "uv": [4,9,12,11],
                    "texture": "#side",
                    "cullface": south
                }
            }
        },
        {
            "from": [5,0,3],
            "to": [7,3,5],
            "faces": {
                "up": {
                    "uv": [4,1,12,3],
                    "texture": "#side",
                    "cullface": up,
                    "tintindex": 0
                },
                "down": {
                    "uv": [12,3,4,1],
                    "texture": "#side",
                    "cullface": down
                },
                "west": {
                    "uv": [1,1,2,3],
                    "texture": "#side",
                    "cullface": west,
                    "rotation": 90
                },
                "east": {
                    "uv": [1,1,2,3],
                    "texture": "#side",
                    "cullface": east,
                    "rotation": 90
                },
                "north": {
                    "uv": [4,9,12,11],
                    "texture": "#side",
                    "cullface": north
                },
                "south": {
                    "uv": [4,9,12,11],
                    "texture": "#side",
                    "cullface": south
                }
            }
        },
        {
            "from": [13,0,15],
            "to": [15,3,17],
            "faces": {
                "up": {
                    "uv": [4,1,12,3],
                    "texture": "#side",
                    "cullface": up,
                    "tintindex": 0
                },
                "down": {
                    "uv": [12,3,4,1],
                    "texture": "#side",
                    "cullface": down
                },
                "west": {
                    "uv": [1,1,2,3],
                    "texture": "#side",
                    "cullface": west,
                    "rotation": 90
                },
                "east": {
                    "uv": [1,1,2,3],
                    "texture": "#side",
                    "cullface": east,
                    "rotation": 90
                },
                "north": {
                    "uv": [4,9,12,11],
                    "texture": "#side",
                    "cullface": north
                },
                "south": {
                    "uv": [4,9,12,11],
                    "texture": "#side",
                    "cullface": south
                }
            }
        },
        {
            "from": [15,0,13],
            "to": [17,3,15],
            "faces": {
                "up": {
                    "uv": [4,1,12,3],
                    "texture": "#side",
                    "cullface": up,
                    "tintindex": 0
                },
                "down": {
                    "uv": [12,3,4,1],
                    "texture": "#side",
                    "cullface": down
                },
                "west": {
                    "uv": [1,1,2,3],
                    "texture": "#side",
                    "cullface": west,
                    "rotation": 90
                },
                "east": {
                    "uv": [1,1,2,3],
                    "texture": "#side",
                    "cullface": east,
                    "rotation": 90
                },
                "north": {
                    "uv": [4,9,12,11],
                    "texture": "#side",
                    "cullface": north
                },
                "south": {
                    "uv": [4,9,12,11],
                    "texture": "#side",
                    "cullface": south
                }
            }
        },
        {
            "from": [18,0,20],
            "to": [20,3,22],
            "faces": {
                "up": {
                    "uv": [4,1,12,3],
                    "texture": "#side",
                    "cullface": up,
                    "tintindex": 0
                },
                "down": {
                    "uv": [12,3,4,1],
                    "texture": "#side",
                    "cullface": down
                },
                "west": {
                    "uv": [1,1,2,3],
                    "texture": "#side",
                    "cullface": west,
                    "rotation": 90
                },
                "east": {
                    "uv": [1,1,2,3],
                    "texture": "#side",
                    "cullface": east,
                    "rotation": 90
                },
                "north": {
                    "uv": [4,9,12,11],
                    "texture": "#side",
                    "cullface": north
                },
                "south": {
                    "uv": [4,9,12,11],
                    "texture": "#side",
                    "cullface": south
                }
            }
        },
        {
            "from": [20,0,18],
            "to": [22,3,20],
            "faces": {
                "up": {
                    "uv": [4,1,12,3],
                    "texture": "#side",
                    "cullface": up,
                    "tintindex": 0
                },
                "down": {
                    "uv": [12,3,4,1],
                    "texture": "#side",
                    "cullface": down
                },
                "west": {
                    "uv": [1,1,2,3],
                    "texture": "#side",
                    "cullface": west,
                    "rotation": 90
                },
                "east": {
                    "uv": [1,1,2,3],
                    "texture": "#side",
                    "cullface": east,
                    "rotation": 90
                },
                "north": {
                    "uv": [4,9,12,11],
                    "texture": "#side",
                    "cullface": north
                },
                "south": {
                    "uv": [4,9,12,11],
                    "texture": "#side",
                    "cullface": south
                }
            }
        }
    ]
}