{
    "__createdwith": "opl's Model Creator",
    "ambientocclusion": false,
    "textures": {
        "side": "blocks/rail_normal",
        "particle": "blocks/rail_normal"
    },
    "elements": [
        {
            "from": [-10,6,4],
            "to": [26,9,10],
            "faces": {
                "up": {
                    "uv": [4,1,12,3],
                    "texture": "#side",
                    "cullface": up,
                    "tintindex": 0
                },
                "down": {
                    "uv": [12,3,4,1],
                    "texture": "#side",
                    "cullface": down
                },
                "west": {
                    "uv": [1,1,2,3],
                    "texture": "#side",
                    "cullface": west,
                    "rotation": 90
                },
                "east": {
                    "uv": [1,1,2,3],
                    "texture": "#side",
                    "cullface": east,
                    "rotation": 90
                },
                "north": {
                    "uv": [4,9,12,11],
                    "texture": "#side",
                    "cullface": north
                },
                "south": {
                    "uv": [4,9,12,11],
                    "texture": "#side",
                    "cullface": south
                }
            }
        },
        {
            "from": [-3,19,-1],
            "to": [0.5,19.75,0],
            "faces": {
                "up": {
                    "uv": [12,0,14,16],
                    "texture": "#side",
                    "cullface": up,
                    "tintindex": 0
                },
                "down": {
                    "uv": [12,0,14,16],
                    "texture": "#side",
                    "cullface": down
                },
                "west": {
                    "uv": [2,0,3,16],
                    "texture": "#side",
                    "cullface": west,
                    "rotation": 90
                },
                "east": {
                    "uv": [2,0,3,16],
                    "texture": "#side",
                    "cullface": east,
                    "rotation": 90
                },
                "north": {
                    "uv": [14,11.75,12,12.25],
                    "texture": "#side",
                    "cullface": north
                },
                "south": {
                    "uv": [12,10.5,14,11],
                    "texture": "#side",
                    "cullface": south
                }
            }
        },
        {
            "from": [-2.25,22,-1],
            "to": [-0.25,22.5,0],
            "faces": {
                "up": {
                    "uv": [12,0,14,16],
                    "texture": "#side",
                    "cullface": up,
                    "tintindex": 0
                },
                "down": {
                    "uv": [12,0,14,16],
                    "texture": "#side",
                    "cullface": down
                },
                "west": {
                    "uv": [2,0,3,16],
                    "texture": "#side",
                    "cullface": west,
                    "rotation": 90
                },
                "east": {
                    "uv": [2,0,3,16],
                    "texture": "#side",
                    "cullface": east,
                    "rotation": 90
                },
                "north": {
                    "uv": [14,11.75,12,12.25],
                    "texture": "#side",
                    "cullface": north
                },
                "south": {
                    "uv": [12,10.5,14,11],
                    "texture": "#side",
                    "cullface": south
                }
            }
        },
        {
            "from": [-1.75,19.75,-1],
            "to": [-0.75,22,0],
            "faces": {
                "up": {
                    "uv": [12,0,14,16],
                    "texture": "#side",
                    "cullface": up,
                    "tintindex": 0
                },
                "down": {
                    "uv": [12,0,14,16],
                    "texture": "#side",
                    "cullface": down
                },
                "west": {
                    "uv": [2,0,3,16],
                    "texture": "#side",
                    "cullface": west,
                    "rotation": 90
                },
                "east": {
                    "uv": [2,0,3,16],
                    "texture": "#side",
                    "cullface": east,
                    "rotation": 90
                },
                "north": {
                    "uv": [14,11.75,12,12.25],
                    "texture": "#side",
                    "cullface": north
                },
                "south": {
                    "uv": [12,10.5,14,11],
                    "texture": "#side",
                    "cullface": south
                }
            }
        },
        {
            "from": [6.25,3,16],
            "to": [9.75,3.75,17],
            "faces": {
                "up": {
                    "uv": [12,0,14,16],
                    "texture": "#side",
                    "cullface": up,
                    "tintindex": 0
                },
                "down": {
                    "uv": [12,0,14,16],
                    "texture": "#side",
                    "cullface": down
                },
                "west": {
                    "uv": [2,0,3,16],
                    "texture": "#side",
                    "cullface": west,
                    "rotation": 90
                },
                "east": {
                    "uv": [2,0,3,16],
                    "texture": "#side",
                    "cullface": east,
                    "rotation": 90
                },
                "north": {
                    "uv": [14,11.75,12,12.25],
                    "texture": "#side",
                    "cullface": north
                },
                "south": {
                    "uv": [12,10.5,14,11],
                    "texture": "#side",
                    "cullface": south
                }
            }
        },
        {
            "from": [7,6,16],
            "to": [9,6.5,17],
            "faces": {
                "up": {
                    "uv": [12,0,14,16],
                    "texture": "#side",
                    "cullface": up,
                    "tintindex": 0
                },
                "down": {
                    "uv": [12,0,14,16],
                    "texture": "#side",
                    "cullface": down
                },
                "west": {
                    "uv": [2,0,3,16],
                    "texture": "#side",
                    "cullface": west,
                    "rotation": 90
                },
                "east": {
                    "uv": [2,0,3,16],
                    "texture": "#side",
                    "cullface": east,
                    "rotation": 90
                },
                "north": {
                    "uv": [14,11.75,12,12.25],
                    "texture": "#side",
                    "cullface": north
                },
                "south": {
                    "uv": [12,10.5,14,11],
                    "texture": "#side",
                    "cullface": south
                }
            }
        },
        {
            "from": [7.5,3.75,16],
            "to": [8.5,6,17],
            "faces": {
                "up": {
                    "uv": [12,0,14,16],
                    "texture": "#side",
                    "cullface": up,
                    "tintindex": 0
                },
                "down": {
                    "uv": [12,0,14,16],
                    "texture": "#side",
                    "cullface": down
                },
                "west": {
                    "uv": [2,0,3,16],
                    "texture": "#side",
                    "cullface": west,
                    "rotation": 90
                },
                "east": {
                    "uv": [2,0,3,16],
                    "texture": "#side",
                    "cullface": east,
                    "rotation": 90
                },
                "north": {
                    "uv": [14,11.75,12,12.25],
                    "texture": "#side",
                    "cullface": north
                },
                "south": {
                    "uv": [12,10.5,14,11],
                    "texture": "#side",
                    "cullface": south
                }
            }
        },
        {
            "from": [-3,3,14],
            "to": [0.5,3.75,16],
            "faces": {
                "up": {
                    "uv": [12,0,14,16],
                    "texture": "#side",
                    "cullface": up,
                    "tintindex": 0
                },
                "down": {
                    "uv": [12,0,14,16],
                    "texture": "#side",
                    "cullface": down
                },
                "west": {
                    "uv": [2,0,3,16],
                    "texture": "#side",
                    "cullface": west,
                    "rotation": 90
                },
                "east": {
                    "uv": [2,0,3,16],
                    "texture": "#side",
                    "cullface": east,
                    "rotation": 90
                },
                "north": {
                    "uv": [14,11.75,12,12.25],
                    "texture": "#side",
                    "cullface": north
                },
                "south": {
                    "uv": [12,10.5,14,11],
                    "texture": "#side",
                    "cullface": south
                }
            }
        },
        {
            "from": [-1.75,3.75,14],
            "to": [-0.75,6,16],
            "faces": {
                "up": {
                    "uv": [12,0,14,16],
                    "texture": "#side",
                    "cullface": up,
                    "tintindex": 0
                },
                "down": {
                    "uv": [12,0,14,16],
                    "texture": "#side",
                    "cullface": down
                },
                "west": {
                    "uv": [2,0,3,16],
                    "texture": "#side",
                    "cullface": west,
                    "rotation": 90
                },
                "east": {
                    "uv": [2,0,3,16],
                    "texture": "#side",
                    "cullface": east,
                    "rotation": 90
                },
                "north": {
                    "uv": [14,11.75,12,12.25],
                    "texture": "#side",
                    "cullface": north
                },
                "south": {
                    "uv": [12,10.5,14,11],
                    "texture": "#side",
                    "cullface": south
                }
            }
        },
        {
            "from": [-2.25,6,14],
            "to": [-0.25,6.5,16],
            "faces": {
                "up": {
                    "uv": [12,0,14,16],
                    "texture": "#side",
                    "cullface": up,
                    "tintindex": 0
                },
                "down": {
                    "uv": [12,0,14,16],
                    "texture": "#side",
                    "cullface": down
                },
                "west": {
                    "uv": [2,0,3,16],
                    "texture": "#side",
                    "cullface": west,
                    "rotation": 90
                },
                "east": {
                    "uv": [2,0,3,16],
                    "texture": "#side",
                    "cullface": east,
                    "rotation": 90
                },
                "north": {
                    "uv": [14,11.75,12,12.25],
                    "texture": "#side",
                    "cullface": north
                },
                "south": {
                    "uv": [12,10.5,14,11],
                    "texture": "#side",
                    "cullface": south
                }
            }
        },
        {
            "from": [15.5,3,14],
            "to": [19,3.75,16],
            "faces": {
                "up": {
                    "uv": [12,0,14,16],
                    "texture": "#side",
                    "cullface": up,
                    "tintindex": 0
                },
                "down": {
                    "uv": [12,0,14,16],
                    "texture": "#side",
                    "cullface": down
                },
                "west": {
                    "uv": [2,0,3,16],
                    "texture": "#side",
                    "cullface": west,
                    "rotation": 90
                },
                "east": {
                    "uv": [2,0,3,16],
                    "texture": "#side",
                    "cullface": east,
                    "rotation": 90
                },
                "north": {
                    "uv": [14,11.75,12,12.25],
                    "texture": "#side",
                    "cullface": north
                },
                "south": {
                    "uv": [12,10.5,14,11],
                    "texture": "#side",
                    "cullface": south
                }
            }
        },
        {
            "from": [16.75,3.75,14],
            "to": [17.75,6,16],
            "faces": {
                "up": {
                    "uv": [12,0,14,16],
                    "texture": "#side",
                    "cullface": up,
                    "tintindex": 0
                },
                "down": {
                    "uv": [12,0,14,16],
                    "texture": "#side",
                    "cullface": down
                },
                "west": {
                    "uv": [2,0,3,16],
                    "texture": "#side",
                    "cullface": west,
                    "rotation": 90
                },
                "east": {
                    "uv": [2,0,3,16],
                    "texture": "#side",
                    "cullface": east,
                    "rotation": 90
                },
                "north": {
                    "uv": [14,11.75,12,12.25],
                    "texture": "#side",
                    "cullface": north
                },
                "south": {
                    "uv": [12,10.5,14,11],
                    "texture": "#side",
                    "cullface": south
                }
            }
        },
        {
            "from": [16.25,6,14],
            "to": [18.25,6.5,16],
            "faces": {
                "up": {
                    "uv": [12,0,14,16],
                    "texture": "#side",
                    "cullface": up,
                    "tintindex": 0
                },
                "down": {
                    "uv": [12,0,14,16],
                    "texture": "#side",
                    "cullface": down
                },
                "west": {
                    "uv": [2,0,3,16],
                    "texture": "#side",
                    "cullface": west,
                    "rotation": 90
                },
                "east": {
                    "uv": [2,0,3,16],
                    "texture": "#side",
                    "cullface": east,
                    "rotation": 90
                },
                "north": {
                    "uv": [14,11.75,12,12.25],
                    "texture": "#side",
                    "cullface": north
                },
                "south": {
                    "uv": [12,10.5,14,11],
                    "texture": "#side",
                    "cullface": south
                }
            }
        },
        {
            "from": [15.5,5,12],
            "to": [19,5.75,14],
            "faces": {
                "up": {
                    "uv": [12,0,14,16],
                    "texture": "#side",
                    "cullface": up,
                    "tintindex": 0
                },
                "down": {
                    "uv": [12,0,14,16],
                    "texture": "#side",
                    "cullface": down
                },
                "west": {
                    "uv": [2,0,3,16],
                    "texture": "#side",
                    "cullface": west,
                    "rotation": 90
                },
                "east": {
                    "uv": [2,0,3,16],
                    "texture": "#side",
                    "cullface": east,
                    "rotation": 90
                },
                "north": {
                    "uv": [14,11.75,12,12.25],
                    "texture": "#side",
                    "cullface": north
                },
                "south": {
                    "uv": [12,10.5,14,11],
                    "texture": "#side",
                    "cullface": south
                }
            }
        },
        {
            "from": [16.75,5.75,12],
            "to": [17.75,8,14],
            "faces": {
                "up": {
                    "uv": [12,0,14,16],
                    "texture": "#side",
                    "cullface": up,
                    "tintindex": 0
                },
                "down": {
                    "uv": [12,0,14,16],
                    "texture": "#side",
                    "cullface": down
                },
                "west": {
                    "uv": [2,0,3,16],
                    "texture": "#side",
                    "cullface": west,
                    "rotation": 90
                },
                "east": {
                    "uv": [2,0,3,16],
                    "texture": "#side",
                    "cullface": east,
                    "rotation": 90
                },
                "north": {
                    "uv": [14,11.75,12,12.25],
                    "texture": "#side",
                    "cullface": north
                },
                "south": {
                    "uv": [12,10.5,14,11],
                    "texture": "#side",
                    "cullface": south
                }
            }
        },
        {
            "from": [16.25,8,12],
            "to": [18.25,8.5,14],
            "faces": {
                "up": {
                    "uv": [12,0,14,16],
                    "texture": "#side",
                    "cullface": up,
                    "tintindex": 0
                },
                "down": {
                    "uv": [12,0,14,16],
                    "texture": "#side",
                    "cullface": down
                },
                "west": {
                    "uv": [2,0,3,16],
                    "texture": "#side",
                    "cullface": west,
                    "rotation": 90
                },
                "east": {
                    "uv": [2,0,3,16],
                    "texture": "#side",
                    "cullface": east,
                    "rotation": 90
                },
                "north": {
                    "uv": [14,11.75,12,12.25],
                    "texture": "#side",
                    "cullface": north
                },
                "south": {
                    "uv": [12,10.5,14,11],
                    "texture": "#side",
                    "cullface": south
                }
            }
        },
        {
            "from": [-3,5,12],
            "to": [0.5,5.75,14],
            "faces": {
                "up": {
                    "uv": [12,0,14,16],
                    "texture": "#side",
                    "cullface": up,
                    "tintindex": 0
                },
                "down": {
                    "uv": [12,0,14,16],
                    "texture": "#side",
                    "cullface": down
                },
                "west": {
                    "uv": [2,0,3,16],
                    "texture": "#side",
                    "cullface": west,
                    "rotation": 90
                },
                "east": {
                    "uv": [2,0,3,16],
                    "texture": "#side",
                    "cullface": east,
                    "rotation": 90
                },
                "north": {
                    "uv": [14,11.75,12,12.25],
                    "texture": "#side",
                    "cullface": north
                },
                "south": {
                    "uv": [12,10.5,14,11],
                    "texture": "#side",
                    "cullface": south
                }
            }
        },
        {
            "from": [-1.75,5.75,12],
            "to": [-0.75,8,14],
            "faces": {
                "up": {
                    "uv": [12,0,14,16],
                    "texture": "#side",
                    "cullface": up,
                    "tintindex": 0
                },
                "down": {
                    "uv": [12,0,14,16],
                    "texture": "#side",
                    "cullface": down
                },
                "west": {
                    "uv": [2,0,3,16],
                    "texture": "#side",
                    "cullface": west,
                    "rotation": 90
                },
                "east": {
                    "uv": [2,0,3,16],
                    "texture": "#side",
                    "cullface": east,
                    "rotation": 90
                },
                "north": {
                    "uv": [14,11.75,12,12.25],
                    "texture": "#side",
                    "cullface": north
                },
                "south": {
                    "uv": [12,10.5,14,11],
                    "texture": "#side",
                    "cullface": south
                }
            }
        },
        {
            "from": [-2.25,8,12],
            "to": [-0.25,8.5,14],
            "faces": {
                "up": {
                    "uv": [12,0,14,16],
                    "texture": "#side",
                    "cullface": up,
                    "tintindex": 0
                },
                "down": {
                    "uv": [12,0,14,16],
                    "texture": "#side",
                    "cullface": down
                },
                "west": {
                    "uv": [2,0,3,16],
                    "texture": "#side",
                    "cullface": west,
                    "rotation": 90
                },
                "east": {
                    "uv": [2,0,3,16],
                    "texture": "#side",
                    "cullface": east,
                    "rotation": 90
                },
                "north": {
                    "uv": [14,11.75,12,12.25],
                    "texture": "#side",
                    "cullface": north
                },
                "south": {
                    "uv": [12,10.5,14,11],
                    "texture": "#side",
                    "cullface": south
                }
            }
        },
        {
            "from": [15.5,7,10],
            "to": [19,7.75,12],
            "faces": {
                "up": {
                    "uv": [12,0,14,16],
                    "texture": "#side",
                    "cullface": up,
                    "tintindex": 0
                },
                "down": {
                    "uv": [12,0,14,16],
                    "texture": "#side",
                    "cullface": down
                },
                "west": {
                    "uv": [2,0,3,16],
                    "texture": "#side",
                    "cullface": west,
                    "rotation": 90
                },
                "east": {
                    "uv": [2,0,3,16],
                    "texture": "#side",
                    "cullface": east,
                    "rotation": 90
                },
                "north": {
                    "uv": [14,11.75,12,12.25],
                    "texture": "#side",
                    "cullface": north
                },
                "south": {
                    "uv": [12,10.5,14,11],
                    "texture": "#side",
                    "cullface": south
                }
            }
        },
        {
            "from": [16.75,7.75,10],
            "to": [17.75,10,12],
            "faces": {
                "up": {
                    "uv": [12,0,14,16],
                    "texture": "#side",
                    "cullface": up,
                    "tintindex": 0
                },
                "down": {
                    "uv": [12,0,14,16],
                    "texture": "#side",
                    "cullface": down
                },
                "west": {
                    "uv": [2,0,3,16],
                    "texture": "#side",
                    "cullface": west,
                    "rotation": 90
                },
                "east": {
                    "uv": [2,0,3,16],
                    "texture": "#side",
                    "cullface": east,
                    "rotation": 90
                },
                "north": {
                    "uv": [14,11.75,12,12.25],
                    "texture": "#side",
                    "cullface": north
                },
                "south": {
                    "uv": [12,10.5,14,11],
                    "texture": "#side",
                    "cullface": south
                }
            }
        },
        {
            "from": [16.25,10,10],
            "to": [18.25,10.5,12],
            "faces": {
                "up": {
                    "uv": [12,0,14,16],
                    "texture": "#side",
                    "cullface": up,
                    "tintindex": 0
                },
                "down": {
                    "uv": [12,0,14,16],
                    "texture": "#side",
                    "cullface": down
                },
                "west": {
                    "uv": [2,0,3,16],
                    "texture": "#side",
                    "cullface": west,
                    "rotation": 90
                },
                "east": {
                    "uv": [2,0,3,16],
                    "texture": "#side",
                    "cullface": east,
                    "rotation": 90
                },
                "north": {
                    "uv": [14,11.75,12,12.25],
                    "texture": "#side",
                    "cullface": north
                },
                "south": {
                    "uv": [12,10.5,14,11],
                    "texture": "#side",
                    "cullface": south
                }
            }
        },
        {
            "from": [-3,7,10],
            "to": [0.5,7.75,12],
            "faces": {
                "up": {
                    "uv": [12,0,14,16],
                    "texture": "#side",
                    "cullface": up,
                    "tintindex": 0
                },
                "down": {
                    "uv": [12,0,14,16],
                    "texture": "#side",
                    "cullface": down
                },
                "west": {
                    "uv": [2,0,3,16],
                    "texture": "#side",
                    "cullface": west,
                    "rotation": 90
                },
                "east": {
                    "uv": [2,0,3,16],
                    "texture": "#side",
                    "cullface": east,
                    "rotation": 90
                },
                "north": {
                    "uv": [14,11.75,12,12.25],
                    "texture": "#side",
                    "cullface": north
                },
                "south": {
                    "uv": [12,10.5,14,11],
                    "texture": "#side",
                    "cullface": south
                }
            }
        },
        {
            "from": [-1.75,7.75,10],
            "to": [-0.75,10,12],
            "faces": {
                "up": {
                    "uv": [12,0,14,16],
                    "texture": "#side",
                    "cullface": up,
                    "tintindex": 0
                },
                "down": {
                    "uv": [12,0,14,16],
                    "texture": "#side",
                    "cullface": down
                },
                "west": {
                    "uv": [2,0,3,16],
                    "texture": "#side",
                    "cullface": west,
                    "rotation": 90
                },
                "east": {
                    "uv": [2,0,3,16],
                    "texture": "#side",
                    "cullface": east,
                    "rotation": 90
                },
                "north": {
                    "uv": [14,11.75,12,12.25],
                    "texture": "#side",
                    "cullface": north
                },
                "south": {
                    "uv": [12,10.5,14,11],
                    "texture": "#side",
                    "cullface": south
                }
            }
        },
        {
            "from": [-2.25,10,10],
            "to": [-0.25,10.5,12],
            "faces": {
                "up": {
                    "uv": [12,0,14,16],
                    "texture": "#side",
                    "cullface": up,
                    "tintindex": 0
                },
                "down": {
                    "uv": [12,0,14,16],
                    "texture": "#side",
                    "cullface": down
                },
                "west": {
                    "uv": [2,0,3,16],
                    "texture": "#side",
                    "cullface": west,
                    "rotation": 90
                },
                "east": {
                    "uv": [2,0,3,16],
                    "texture": "#side",
                    "cullface": east,
                    "rotation": 90
                },
                "north": {
                    "uv": [14,11.75,12,12.25],
                    "texture": "#side",
                    "cullface": north
                },
                "south": {
                    "uv": [12,10.5,14,11],
                    "texture": "#side",
                    "cullface": south
                }
            }
        },
        {
            "from": [15.5,9,8],
            "to": [19,9.75,10],
            "faces": {
                "up": {
                    "uv": [12,0,14,16],
                    "texture": "#side",
                    "cullface": up,
                    "tintindex": 0
                },
                "down": {
                    "uv": [12,0,14,16],
                    "texture": "#side",
                    "cullface": down
                },
                "west": {
                    "uv": [2,0,3,16],
                    "texture": "#side",
                    "cullface": west,
                    "rotation": 90
                },
                "east": {
                    "uv": [2,0,3,16],
                    "texture": "#side",
                    "cullface": east,
                    "rotation": 90
                },
                "north": {
                    "uv": [14,11.75,12,12.25],
                    "texture": "#side",
                    "cullface": north
                },
                "south": {
                    "uv": [12,10.5,14,11],
                    "texture": "#side",
                    "cullface": south
                }
            }
        },
        {
            "from": [16.75,9.75,8],
            "to": [17.75,12,10],
            "faces": {
                "up": {
                    "uv": [12,0,14,16],
                    "texture": "#side",
                    "cullface": up,
                    "tintindex": 0
                },
                "down": {
                    "uv": [12,0,14,16],
                    "texture": "#side",
                    "cullface": down
                },
                "west": {
                    "uv": [2,0,3,16],
                    "texture": "#side",
                    "cullface": west,
                    "rotation": 90
                },
                "east": {
                    "uv": [2,0,3,16],
                    "texture": "#side",
                    "cullface": east,
                    "rotation": 90
                },
                "north": {
                    "uv": [14,11.75,12,12.25],
                    "texture": "#side",
                    "cullface": north
                },
                "south": {
                    "uv": [12,10.5,14,11],
                    "texture": "#side",
                    "cullface": south
                }
            }
        },
        {
            "from": [16.25,12,8],
            "to": [18.25,12.5,10],
            "faces": {
                "up": {
                    "uv": [12,0,14,16],
                    "texture": "#side",
                    "cullface": up,
                    "tintindex": 0
                },
                "down": {
                    "uv": [12,0,14,16],
                    "texture": "#side",
                    "cullface": down
                },
                "west": {
                    "uv": [2,0,3,16],
                    "texture": "#side",
                    "cullface": west,
                    "rotation": 90
                },
                "east": {
                    "uv": [2,0,3,16],
                    "texture": "#side",
                    "cullface": east,
                    "rotation": 90
                },
                "north": {
                    "uv": [14,11.75,12,12.25],
                    "texture": "#side",
                    "cullface": north
                },
                "south": {
                    "uv": [12,10.5,14,11],
                    "texture": "#side",
                    "cullface": south
                }
            }
        },
        {
            "from": [-3,9,8],
            "to": [0.5,9.75,10],
            "faces": {
                "up": {
                    "uv": [12,0,14,16],
                    "texture": "#side",
                    "cullface": up,
                    "tintindex": 0
                },
                "down": {
                    "uv": [12,0,14,16],
                    "texture": "#side",
                    "cullface": down
                },
                "west": {
                    "uv": [2,0,3,16],
                    "texture": "#side",
                    "cullface": west,
                    "rotation": 90
                },
                "east": {
                    "uv": [2,0,3,16],
                    "texture": "#side",
                    "cullface": east,
                    "rotation": 90
                },
                "north": {
                    "uv": [14,11.75,12,12.25],
                    "texture": "#side",
                    "cullface": north
                },
                "south": {
                    "uv": [12,10.5,14,11],
                    "texture": "#side",
                    "cullface": south
                }
            }
        },
        {
            "from": [-1.75,9.75,8],
            "to": [-0.75,12,10],
            "faces": {
                "up": {
                    "uv": [12,0,14,16],
                    "texture": "#side",
                    "cullface": up,
                    "tintindex": 0
                },
                "down": {
                    "uv": [12,0,14,16],
                    "texture": "#side",
                    "cullface": down
                },
                "west": {
                    "uv": [2,0,3,16],
                    "texture": "#side",
                    "cullface": west,
                    "rotation": 90
                },
                "east": {
                    "uv": [2,0,3,16],
                    "texture": "#side",
                    "cullface": east,
                    "rotation": 90
                },
                "north": {
                    "uv": [14,11.75,12,12.25],
                    "texture": "#side",
                    "cullface": north
                },
                "south": {
                    "uv": [12,10.5,14,11],
                    "texture": "#side",
                    "cullface": south
                }
            }
        },
        {
            "from": [-2.25,12,8],
            "to": [-0.25,12.5,10],
            "faces": {
                "up": {
                    "uv": [12,0,14,16],
                    "texture": "#side",
                    "cullface": up,
                    "tintindex": 0
                },
                "down": {
                    "uv": [12,0,14,16],
                    "texture": "#side",
                    "cullface": down
                },
                "west": {
                    "uv": [2,0,3,16],
                    "texture": "#side",
                    "cullface": west,
                    "rotation": 90
                },
                "east": {
                    "uv": [2,0,3,16],
                    "texture": "#side",
                    "cullface": east,
                    "rotation": 90
                },
                "north": {
                    "uv": [14,11.75,12,12.25],
                    "texture": "#side",
                    "cullface": north
                },
                "south": {
                    "uv": [12,10.5,14,11],
                    "texture": "#side",
                    "cullface": south
                }
            }
        },
        {
            "from": [15.5,11,6],
            "to": [19,11.75,8],
            "faces": {
                "up": {
                    "uv": [12,0,14,16],
                    "texture": "#side",
                    "cullface": up,
                    "tintindex": 0
                },
                "down": {
                    "uv": [12,0,14,16],
                    "texture": "#side",
                    "cullface": down
                },
                "west": {
                    "uv": [2,0,3,16],
                    "texture": "#side",
                    "cullface": west,
                    "rotation": 90
                },
                "east": {
                    "uv": [2,0,3,16],
                    "texture": "#side",
                    "cullface": east,
                    "rotation": 90
                },
                "north": {
                    "uv": [14,11.75,12,12.25],
                    "texture": "#side",
                    "cullface": north
                },
                "south": {
                    "uv": [12,10.5,14,11],
                    "texture": "#side",
                    "cullface": south
                }
            }
        },
        {
            "from": [16.75,11.75,6],
            "to": [17.75,14,8],
            "faces": {
                "up": {
                    "uv": [12,0,14,16],
                    "texture": "#side",
                    "cullface": up,
                    "tintindex": 0
                },
                "down": {
                    "uv": [12,0,14,16],
                    "texture": "#side",
                    "cullface": down
                },
                "west": {
                    "uv": [2,0,3,16],
                    "texture": "#side",
                    "cullface": west,
                    "rotation": 90
                },
                "east": {
                    "uv": [2,0,3,16],
                    "texture": "#side",
                    "cullface": east,
                    "rotation": 90
                },
                "north": {
                    "uv": [14,11.75,12,12.25],
                    "texture": "#side",
                    "cullface": north
                },
                "south": {
                    "uv": [12,10.5,14,11],
                    "texture": "#side",
                    "cullface": south
                }
            }
        },
        {
            "from": [16.25,14,6],
            "to": [18.25,14.5,8],
            "faces": {
                "up": {
                    "uv": [12,0,14,16],
                    "texture": "#side",
                    "cullface": up,
                    "tintindex": 0
                },
                "down": {
                    "uv": [12,0,14,16],
                    "texture": "#side",
                    "cullface": down
                },
                "west": {
                    "uv": [2,0,3,16],
                    "texture": "#side",
                    "cullface": west,
                    "rotation": 90
                },
                "east": {
                    "uv": [2,0,3,16],
                    "texture": "#side",
                    "cullface": east,
                    "rotation": 90
                },
                "north": {
                    "uv": [14,11.75,12,12.25],
                    "texture": "#side",
                    "cullface": north
                },
                "south": {
                    "uv": [12,10.5,14,11],
                    "texture": "#side",
                    "cullface": south
                }
            }
        },
        {
            "from": [-3,11,6],
            "to": [0.5,11.75,8],
            "faces": {
                "up": {
                    "uv": [12,0,14,16],
                    "texture": "#side",
                    "cullface": up,
                    "tintindex": 0
                },
                "down": {
                    "uv": [12,0,14,16],
                    "texture": "#side",
                    "cullface": down
                },
                "west": {
                    "uv": [2,0,3,16],
                    "texture": "#side",
                    "cullface": west,
                    "rotation": 90
                },
                "east": {
                    "uv": [2,0,3,16],
                    "texture": "#side",
                    "cullface": east,
                    "rotation": 90
                },
                "north": {
                    "uv": [14,11.75,12,12.25],
                    "texture": "#side",
                    "cullface": north
                },
                "south": {
                    "uv": [12,10.5,14,11],
                    "texture": "#side",
                    "cullface": south
                }
            }
        },
        {
            "from": [-1.75,11.75,6],
            "to": [-0.75,14,8],
            "faces": {
                "up": {
                    "uv": [12,0,14,16],
                    "texture": "#side",
                    "cullface": up,
                    "tintindex": 0
                },
                "down": {
                    "uv": [12,0,14,16],
                    "texture": "#side",
                    "cullface": down
                },
                "west": {
                    "uv": [2,0,3,16],
                    "texture": "#side",
                    "cullface": west,
                    "rotation": 90
                },
                "east": {
                    "uv": [2,0,3,16],
                    "texture": "#side",
                    "cullface": east,
                    "rotation": 90
                },
                "north": {
                    "uv": [14,11.75,12,12.25],
                    "texture": "#side",
                    "cullface": north
                },
                "south": {
                    "uv": [12,10.5,14,11],
                    "texture": "#side",
                    "cullface": south
                }
            }
        },
        {
            "from": [-2.25,14,6],
            "to": [-0.25,14.5,8],
            "faces": {
                "up": {
                    "uv": [12,0,14,16],
                    "texture": "#side",
                    "cullface": up,
                    "tintindex": 0
                },
                "down": {
                    "uv": [12,0,14,16],
                    "texture": "#side",
                    "cullface": down
                },
                "west": {
                    "uv": [2,0,3,16],
                    "texture": "#side",
                    "cullface": west,
                    "rotation": 90
                },
                "east": {
                    "uv": [2,0,3,16],
                    "texture": "#side",
                    "cullface": east,
                    "rotation": 90
                },
                "north": {
                    "uv": [14,11.75,12,12.25],
                    "texture": "#side",
                    "cullface": north
                },
                "south": {
                    "uv": [12,10.5,14,11],
                    "texture": "#side",
                    "cullface": south
                }
            }
        },
        {
            "from": [15.5,13,4],
            "to": [19,13.75,6],
            "faces": {
                "up": {
                    "uv": [12,0,14,16],
                    "texture": "#side",
                    "cullface": up,
                    "tintindex": 0
                },
                "down": {
                    "uv": [12,0,14,16],
                    "texture": "#side",
                    "cullface": down
                },
                "west": {
                    "uv": [2,0,3,16],
                    "texture": "#side",
                    "cullface": west,
                    "rotation": 90
                },
                "east": {
                    "uv": [2,0,3,16],
                    "texture": "#side",
                    "cullface": east,
                    "rotation": 90
                },
                "north": {
                    "uv": [14,11.75,12,12.25],
                    "texture": "#side",
                    "cullface": north
                },
                "south": {
                    "uv": [12,10.5,14,11],
                    "texture": "#side",
                    "cullface": south
                }
            }
        },
        {
            "from": [16.75,13.75,4],
            "to": [17.75,16,6],
            "faces": {
                "up": {
                    "uv": [12,0,14,16],
                    "texture": "#side",
                    "cullface": up,
                    "tintindex": 0
                },
                "down": {
                    "uv": [12,0,14,16],
                    "texture": "#side",
                    "cullface": down
                },
                "west": {
                    "uv": [2,0,3,16],
                    "texture": "#side",
                    "cullface": west,
                    "rotation": 90
                },
                "east": {
                    "uv": [2,0,3,16],
                    "texture": "#side",
                    "cullface": east,
                    "rotation": 90
                },
                "north": {
                    "uv": [14,11.75,12,12.25],
                    "texture": "#side",
                    "cullface": north
                },
                "south": {
                    "uv": [12,10.5,14,11],
                    "texture": "#side",
                    "cullface": south
                }
            }
        },
        {
            "from": [16.25,16,4],
            "to": [18.25,16.5,6],
            "faces": {
                "up": {
                    "uv": [12,0,14,16],
                    "texture": "#side",
                    "cullface": up,
                    "tintindex": 0
                },
                "down": {
                    "uv": [12,0,14,16],
                    "texture": "#side",
                    "cullface": down
                },
                "west": {
                    "uv": [2,0,3,16],
                    "texture": "#side",
                    "cullface": west,
                    "rotation": 90
                },
                "east": {
                    "uv": [2,0,3,16],
                    "texture": "#side",
                    "cullface": east,
                    "rotation": 90
                },
                "north": {
                    "uv": [14,11.75,12,12.25],
                    "texture": "#side",
                    "cullface": north
                },
                "south": {
                    "uv": [12,10.5,14,11],
                    "texture": "#side",
                    "cullface": south
                }
            }
        },
        {
            "from": [-3,13,4],
            "to": [0.5,13.75,6],
            "faces": {
                "up": {
                    "uv": [12,0,14,16],
                    "texture": "#side",
                    "cullface": up,
                    "tintindex": 0
                },
                "down": {
                    "uv": [12,0,14,16],
                    "texture": "#side",
                    "cullface": down
                },
                "west": {
                    "uv": [2,0,3,16],
                    "texture": "#side",
                    "cullface": west,
                    "rotation": 90
                },
                "east": {
                    "uv": [2,0,3,16],
                    "texture": "#side",
                    "cullface": east,
                    "rotation": 90
                },
                "north": {
                    "uv": [14,11.75,12,12.25],
                    "texture": "#side",
                    "cullface": north
                },
                "south": {
                    "uv": [12,10.5,14,11],
                    "texture": "#side",
                    "cullface": south
                }
            }
        },
        {
            "from": [-1.75,13.75,4],
            "to": [-0.75,16,6],
            "faces": {
                "up": {
                    "uv": [12,0,14,16],
                    "texture": "#side",
                    "cullface": up,
                    "tintindex": 0
                },
                "down": {
                    "uv": [12,0,14,16],
                    "texture": "#side",
                    "cullface": down
                },
                "west": {
                    "uv": [2,0,3,16],
                    "texture": "#side",
                    "cullface": west,
                    "rotation": 90
                },
                "east": {
                    "uv": [2,0,3,16],
                    "texture": "#side",
                    "cullface": east,
                    "rotation": 90
                },
                "north": {
                    "uv": [14,11.75,12,12.25],
                    "texture": "#side",
                    "cullface": north
                },
                "south": {
                    "uv": [12,10.5,14,11],
                    "texture": "#side",
                    "cullface": south
                }
            }
        },
        {
            "from": [-2.25,16,4],
            "to": [-0.25,16.5,6],
            "faces": {
                "up": {
                    "uv": [12,0,14,16],
                    "texture": "#side",
                    "cullface": up,
                    "tintindex": 0
                },
                "down": {
                    "uv": [12,0,14,16],
                    "texture": "#side",
                    "cullface": down
                },
                "west": {
                    "uv": [2,0,3,16],
                    "texture": "#side",
                    "cullface": west,
                    "rotation": 90
                },
                "east": {
                    "uv": [2,0,3,16],
                    "texture": "#side",
                    "cullface": east,
                    "rotation": 90
                },
                "north": {
                    "uv": [14,11.75,12,12.25],
                    "texture": "#side",
                    "cullface": north
                },
                "south": {
                    "uv": [12,10.5,14,11],
                    "texture": "#side",
                    "cullface": south
                }
            }
        },
        {
            "from": [15.5,15,2],
            "to": [19,15.75,4],
            "faces": {
                "up": {
                    "uv": [12,0,14,16],
                    "texture": "#side",
                    "cullface": up,
                    "tintindex": 0
                },
                "down": {
                    "uv": [12,0,14,16],
                    "texture": "#side",
                    "cullface": down
                },
                "west": {
                    "uv": [2,0,3,16],
                    "texture": "#side",
                    "cullface": west,
                    "rotation": 90
                },
                "east": {
                    "uv": [2,0,3,16],
                    "texture": "#side",
                    "cullface": east,
                    "rotation": 90
                },
                "north": {
                    "uv": [14,11.75,12,12.25],
                    "texture": "#side",
                    "cullface": north
                },
                "south": {
                    "uv": [12,10.5,14,11],
                    "texture": "#side",
                    "cullface": south
                }
            }
        },
        {
            "from": [16.75,15.75,2],
            "to": [17.75,18,4],
            "faces": {
                "up": {
                    "uv": [12,0,14,16],
                    "texture": "#side",
                    "cullface": up,
                    "tintindex": 0
                },
                "down": {
                    "uv": [12,0,14,16],
                    "texture": "#side",
                    "cullface": down
                },
                "west": {
                    "uv": [2,0,3,16],
                    "texture": "#side",
                    "cullface": west,
                    "rotation": 90
                },
                "east": {
                    "uv": [2,0,3,16],
                    "texture": "#side",
                    "cullface": east,
                    "rotation": 90
                },
                "north": {
                    "uv": [14,11.75,12,12.25],
                    "texture": "#side",
                    "cullface": north
                },
                "south": {
                    "uv": [12,10.5,14,11],
                    "texture": "#side",
                    "cullface": south
                }
            }
        },
        {
            "from": [16.25,18,2],
            "to": [18.25,18.5,4],
            "faces": {
                "up": {
                    "uv": [12,0,14,16],
                    "texture": "#side",
                    "cullface": up,
                    "tintindex": 0
                },
                "down": {
                    "uv": [12,0,14,16],
                    "texture": "#side",
                    "cullface": down
                },
                "west": {
                    "uv": [2,0,3,16],
                    "texture": "#side",
                    "cullface": west,
                    "rotation": 90
                },
                "east": {
                    "uv": [2,0,3,16],
                    "texture": "#side",
                    "cullface": east,
                    "rotation": 90
                },
                "north": {
                    "uv": [14,11.75,12,12.25],
                    "texture": "#side",
                    "cullface": north
                },
                "south": {
                    "uv": [12,10.5,14,11],
                    "texture": "#side",
                    "cullface": south
                }
            }
        },
        {
            "from": [-3,15,2],
            "to": [0.5,15.75,4],
            "faces": {
                "up": {
                    "uv": [12,0,14,16],
                    "texture": "#side",
                    "cullface": up,
                    "tintindex": 0
                },
                "down": {
                    "uv": [12,0,14,16],
                    "texture": "#side",
                    "cullface": down
                },
                "west": {
                    "uv": [2,0,3,16],
                    "texture": "#side",
                    "cullface": west,
                    "rotation": 90
                },
                "east": {
                    "uv": [2,0,3,16],
                    "texture": "#side",
                    "cullface": east,
                    "rotation": 90
                },
                "north": {
                    "uv": [14,11.75,12,12.25],
                    "texture": "#side",
                    "cullface": north
                },
                "south": {
                    "uv": [12,10.5,14,11],
                    "texture": "#side",
                    "cullface": south
                }
            }
        },
        {
            "from": [-1.75,15.75,2],
            "to": [-0.75,18,4],
            "faces": {
                "up": {
                    "uv": [12,0,14,16],
                    "texture": "#side",
                    "cullface": up,
                    "tintindex": 0
                },
                "down": {
                    "uv": [12,0,14,16],
                    "texture": "#side",
                    "cullface": down
                },
                "west": {
                    "uv": [2,0,3,16],
                    "texture": "#side",
                    "cullface": west,
                    "rotation": 90
                },
                "east": {
                    "uv": [2,0,3,16],
                    "texture": "#side",
                    "cullface": east,
                    "rotation": 90
                },
                "north": {
                    "uv": [14,11.75,12,12.25],
                    "texture": "#side",
                    "cullface": north
                },
                "south": {
                    "uv": [12,10.5,14,11],
                    "texture": "#side",
                    "cullface": south
                }
            }
        },
        {
            "from": [-2.25,18,2],
            "to": [-0.25,18.5,4],
            "faces": {
                "up": {
                    "uv": [12,0,14,16],
                    "texture": "#side",
                    "cullface": up,
                    "tintindex": 0
                },
                "down": {
                    "uv": [12,0,14,16],
                    "texture": "#side",
                    "cullface": down
                },
                "west": {
                    "uv": [2,0,3,16],
                    "texture": "#side",
                    "cullface": west,
                    "rotation": 90
                },
                "east": {
                    "uv": [2,0,3,16],
                    "texture": "#side",
                    "cullface": east,
                    "rotation": 90
                },
                "north": {
                    "uv": [14,11.75,12,12.25],
                    "texture": "#side",
                    "cullface": north
                },
                "south": {
                    "uv": [12,10.5,14,11],
                    "texture": "#side",
                    "cullface": south
                }
            }
        },
        {
            "from": [15.5,17,0],
            "to": [19,17.75,2],
            "faces": {
                "up": {
                    "uv": [12,0,14,16],
                    "texture": "#side",
                    "cullface": up,
                    "tintindex": 0
                },
                "down": {
                    "uv": [12,0,14,16],
                    "texture": "#side",
                    "cullface": down
                },
                "west": {
                    "uv": [2,0,3,16],
                    "texture": "#side",
                    "cullface": west,
                    "rotation": 90
                },
                "east": {
                    "uv": [2,0,3,16],
                    "texture": "#side",
                    "cullface": east,
                    "rotation": 90
                },
                "north": {
                    "uv": [14,11.75,12,12.25],
                    "texture": "#side",
                    "cullface": north
                },
                "south": {
                    "uv": [12,10.5,14,11],
                    "texture": "#side",
                    "cullface": south
                }
            }
        },
        {
            "from": [16.75,17.75,0],
            "to": [17.75,20,2],
            "faces": {
                "up": {
                    "uv": [12,0,14,16],
                    "texture": "#side",
                    "cullface": up,
                    "tintindex": 0
                },
                "down": {
                    "uv": [12,0,14,16],
                    "texture": "#side",
                    "cullface": down
                },
                "west": {
                    "uv": [2,0,3,16],
                    "texture": "#side",
                    "cullface": west,
                    "rotation": 90
                },
                "east": {
                    "uv": [2,0,3,16],
                    "texture": "#side",
                    "cullface": east,
                    "rotation": 90
                },
                "north": {
                    "uv": [14,11.75,12,12.25],
                    "texture": "#side",
                    "cullface": north
                },
                "south": {
                    "uv": [12,10.5,14,11],
                    "texture": "#side",
                    "cullface": south
                }
            }
        },
        {
            "from": [16.25,20,0],
            "to": [18.25,20.5,2],
            "faces": {
                "up": {
                    "uv": [12,0,14,16],
                    "texture": "#side",
                    "cullface": up,
                    "tintindex": 0
                },
                "down": {
                    "uv": [12,0,14,16],
                    "texture": "#side",
                    "cullface": down
                },
                "west": {
                    "uv": [2,0,3,16],
                    "texture": "#side",
                    "cullface": west,
                    "rotation": 90
                },
                "east": {
                    "uv": [2,0,3,16],
                    "texture": "#side",
                    "cullface": east,
                    "rotation": 90
                },
                "north": {
                    "uv": [14,11.75,12,12.25],
                    "texture": "#side",
                    "cullface": north
                },
                "south": {
                    "uv": [12,10.5,14,11],
                    "texture": "#side",
                    "cullface": south
                }
            }
        },
        {
            "from": [-3,17,0],
            "to": [0.5,17.75,2],
            "faces": {
                "up": {
                    "uv": [12,0,14,16],
                    "texture": "#side",
                    "cullface": up,
                    "tintindex": 0
                },
                "down": {
                    "uv": [12,0,14,16],
                    "texture": "#side",
                    "cullface": down
                },
                "west": {
                    "uv": [2,0,3,16],
                    "texture": "#side",
                    "cullface": west,
                    "rotation": 90
                },
                "east": {
                    "uv": [2,0,3,16],
                    "texture": "#side",
                    "cullface": east,
                    "rotation": 90
                },
                "north": {
                    "uv": [14,11.75,12,12.25],
                    "texture": "#side",
                    "cullface": north
                },
                "south": {
                    "uv": [12,10.5,14,11],
                    "texture": "#side",
                    "cullface": south
                }
            }
        },
        {
            "from": [-1.75,17.75,0],
            "to": [-0.75,20,2],
            "faces": {
                "up": {
                    "uv": [12,0,14,16],
                    "texture": "#side",
                    "cullface": up,
                    "tintindex": 0
                },
                "down": {
                    "uv": [12,0,14,16],
                    "texture": "#side",
                    "cullface": down
                },
                "west": {
                    "uv": [2,0,3,16],
                    "texture": "#side",
                    "cullface": west,
                    "rotation": 90
                },
                "east": {
                    "uv": [2,0,3,16],
                    "texture": "#side",
                    "cullface": east,
                    "rotation": 90
                },
                "north": {
                    "uv": [14,11.75,12,12.25],
                    "texture": "#side",
                    "cullface": north
                },
                "south": {
                    "uv": [12,10.5,14,11],
                    "texture": "#side",
                    "cullface": south
                }
            }
        },
        {
            "from": [-2.25,20,0],
            "to": [-0.25,20.5,2],
            "faces": {
                "up": {
                    "uv": [12,0,14,16],
                    "texture": "#side",
                    "cullface": up,
                    "tintindex": 0
                },
                "down": {
                    "uv": [12,0,14,16],
                    "texture": "#side",
                    "cullface": down
                },
                "west": {
                    "uv": [2,0,3,16],
                    "texture": "#side",
                    "cullface": west,
                    "rotation": 90
                },
                "east": {
                    "uv": [2,0,3,16],
                    "texture": "#side",
                    "cullface": east,
                    "rotation": 90
                },
                "north": {
                    "uv": [14,11.75,12,12.25],
                    "texture": "#side",
                    "cullface": north
                },
                "south": {
                    "uv": [12,10.5,14,11],
                    "texture": "#side",
                    "cullface": south
                }
            }
        }
    ]
}