{
    "__createdwith": "opl's Model Creator",
    "ambientocclusion": false,
    "textures": {
        "side": "blocks/rail_normal",
        "particle": "blocks/rail_normal"
    },
    "elements": [
        {
            "from": [16.25,6,0],
            "to": [18.25,6.5,16],
            "faces": {
                "up": {
                    "uv": [14,0,12,16],
                    "texture": "#side",
                    "cullface": up,
                    "tintindex": 0
                },
                "down": {
                    "uv": [12,0,14,16],
                    "texture": "#side",
                    "cullface": down
                },
                "west": {
                    "uv": [2,0,3,16],
                    "texture": "#side",
                    "cullface": west,
                    "rotation": 90
                },
                "east": {
                    "uv": [2,0,3,16],
                    "texture": "#side",
                    "cullface": east,
                    "rotation": 90
                },
                "north": {
                    "uv": [14,11.75,12,12.25],
                    "texture": "#side",
                    "cullface": north
                },
                "south": {
                    "uv": [12,10.5,14,11],
                    "texture": "#side",
                    "cullface": south
                }
            }
        },
        {
            "from": [16.75,3.75,0],
            "to": [17.75,6,16],
            "faces": {
                "up": {
                    "uv": [12,0,14,16],
                    "texture": "#side",
                    "cullface": up,
                    "tintindex": 0
                },
                "down": {
                    "uv": [12,0,14,16],
                    "texture": "#side",
                    "cullface": down
                },
                "west": {
                    "uv": [2,0,3,16],
                    "texture": "#side",
                    "cullface": west,
                    "rotation": 90
                },
                "east": {
                    "uv": [2,0,3,16],
                    "texture": "#side",
                    "cullface": east,
                    "rotation": 90
                },
                "north": {
                    "uv": [14,11.75,12,12.25],
                    "texture": "#side",
                    "cullface": north
                },
                "south": {
                    "uv": [12,10.5,14,11],
                    "texture": "#side",
                    "cullface": south
                }
            }
        },
        {
            "from": [15.5,3,0],
            "to": [19,3.75,16],
            "faces": {
                "up": {
                    "uv": [12,0,14,16],
                    "texture": "#side",
                    "cullface": up,
                    "tintindex": 0
                },
                "down": {
                    "uv": [14,0,12,16],
                    "texture": "#side",
                    "cullface": down
                },
                "west": {
                    "uv": [2,0,3,16],
                    "texture": "#side",
                    "cullface": west,
                    "rotation": 90
                },
                "east": {
                    "uv": [2,0,3,16],
                    "texture": "#side",
                    "cullface": east,
                    "rotation": 90
                },
                "north": {
                    "uv": [14,11.75,12,12.25],
                    "texture": "#side",
                    "cullface": north
                },
                "south": {
                    "uv": [12,10.5,14,11],
                    "texture": "#side",
                    "cullface": south
                }
            }
        },
        {
            "from": [-10,0,6],
            "to": [26,3,12],
            "faces": {
                "up": {
                    "uv": [4,1,12,3],
                    "texture": "#side",
                    "cullface": up,
                    "tintindex": 0
                },
                "down": {
                    "uv": [12,3,4,1],
                    "texture": "#side",
                    "cullface": down
                },
                "west": {
                    "uv": [1,1,2,3],
                    "texture": "#side",
                    "cullface": west,
                    "rotation": 90
                },
                "east": {
                    "uv": [1,1,2,3],
                    "texture": "#side",
                    "cullface": east,
                    "rotation": 90
                },
                "north": {
                    "uv": [4,9,12,11],
                    "texture": "#side",
                    "cullface": north
                },
                "south": {
                    "uv": [4,9,12,11],
                    "texture": "#side",
                    "cullface": south
                }
            }
        },
        {
            "from": [-3,3,0],
            "to": [0.5,3.75,16],
            "faces": {
                "up": {
                    "uv": [12,0,14,16],
                    "texture": "#side",
                    "cullface": up,
                    "tintindex": 0
                },
                "down": {
                    "uv": [12,0,14,16],
                    "texture": "#side",
                    "cullface": down
                },
                "west": {
                    "uv": [2,0,3,16],
                    "texture": "#side",
                    "cullface": west,
                    "rotation": 90
                },
                "east": {
                    "uv": [2,0,3,16],
                    "texture": "#side",
                    "cullface": east,
                    "rotation": 90
                },
                "north": {
                    "uv": [14,11.75,12,12.25],
                    "texture": "#side",
                    "cullface": north
                },
                "south": {
                    "uv": [12,10.5,14,11],
                    "texture": "#side",
                    "cullface": south
                }
            }
        },
        {
            "from": [-1.75,3.75,0],
            "to": [-0.75,6,16],
            "faces": {
                "up": {
                    "uv": [12,0,14,16],
                    "texture": "#side",
                    "cullface": up,
                    "tintindex": 0
                },
                "down": {
                    "uv": [12,0,14,16],
                    "texture": "#side",
                    "cullface": down
                },
                "west": {
                    "uv": [2,0,3,16],
                    "texture": "#side",
                    "cullface": west,
                    "rotation": 90
                },
                "east": {
                    "uv": [2,0,3,16],
                    "texture": "#side",
                    "cullface": east,
                    "rotation": 90
                },
                "north": {
                    "uv": [14,11.75,12,12.25],
                    "texture": "#side",
                    "cullface": north
                },
                "south": {
                    "uv": [12,10.5,14,11],
                    "texture": "#side",
                    "cullface": south
                }
            }
        },
        {
            "from": [-2.25,6,0],
            "to": [-0.25,6.5,16],
            "faces": {
                "up": {
                    "uv": [12,0,14,16],
                    "texture": "#side",
                    "cullface": up,
                    "tintindex": 0
                },
                "down": {
                    "uv": [12,0,14,16],
                    "texture": "#side",
                    "cullface": down
                },
                "west": {
                    "uv": [2,0,3,16],
                    "texture": "#side",
                    "cullface": west,
                    "rotation": 90
                },
                "east": {
                    "uv": [2,0,3,16],
                    "texture": "#side",
                    "cullface": east,
                    "rotation": 90
                },
                "north": {
                    "uv": [14,11.75,12,12.25],
                    "texture": "#side",
                    "cullface": north
                },
                "south": {
                    "uv": [12,10.5,14,11],
                    "texture": "#side",
                    "cullface": south
                }
            }
        }
    ]
}