{
    "__createdwith": "opl's Model Creator",
    "ambientocclusion": false,
    "textures": {
        "top": "custom/tall_grass_v4",
        "particle": "custom/tall_grass"
    },
    "elements": [
        {
            "from": [3,0,8],
            "to": [4,15,18],
            "faces": {
                "west": {
                    "uv": [16,8.75,0,16],
                    "texture": "#top"
                },
                "east": {
                    "uv": [0,8.75,16,16],
                    "texture": "#top"
                }
            }
        },
        {
            "from": [8,0,-4],
            "to": [9,17,8],
            "faces": {
                "west": {
                    "uv": [16,8.75,0,16],
                    "texture": "#top"
                },
                "east": {
                    "uv": [0,8.75,16,16],
                    "texture": "#top"
                }
            }
        },
        {
            "from": [9,0,8],
            "to": [10,17,20],
            "faces": {
                "west": {
                    "uv": [16,8.75,0,16],
                    "texture": "#top"
                },
                "east": {
                    "uv": [0,8.75,16,16],
                    "texture": "#top"
                }
            }
        },
        {
            "from": [13,0,-2],
            "to": [14,15,8],
            "faces": {
                "west": {
                    "uv": [16,8.75,0,16],
                    "texture": "#top"
                },
                "east": {
                    "uv": [0,8.75,16,16],
                    "texture": "#top"
                }
            }
        },
        {
            "from": [8,0,12],
            "to": [18,15,13],
            "faces": {
                "north": {
                    "uv": [0,8.75,16,16],
                    "texture": "#top"
                },
                "south": {
                    "uv": [0,8.75,16,16],
                    "texture": "#top"
                }
            }
        },
        {
            "from": [-4,0,8],
            "to": [8,17,9],
            "faces": {
                "north": {
                    "uv": [0,8.75,16,16],
                    "texture": "#top"
                },
                "south": {
                    "uv": [0,8.75,16,16],
                    "texture": "#top"
                }
            }
        },
        {
            "from": [8,0,7],
            "to": [20,17,8],
            "faces": {
                "north": {
                    "uv": [0,8.75,16,16],
                    "texture": "#top"
                },
                "south": {
                    "uv": [0,8.75,16,16],
                    "texture": "#top"
                }
            }
        },
        {
            "from": [-2,0,3],
            "to": [8,15,4],
            "faces": {
                "north": {
                    "uv": [0,8.75,16,16],
                    "texture": "#top"
                },
                "south": {
                    "uv": [0,8.75,16,16],
                    "texture": "#top"
                }
            }
        }
    ]
}