{
    "__createdwith": "opl's Model Creator",
    "ambientocclusion": false,
    "textures": {
        "side": "custom/torch",
        "particle": "blocks/torch_on"
    },
    "elements": [
        {
            "from": [5,6,5],
            "to": [11,12,11],
            "faces": {
                "up": {
                    "uv": [6.75,5.25,9.25,7.75],
                    "texture": "#side",
                    "rotation": 270
                },
                "down": {
                    "uv": [6,6.5,10,8.25],
                    "texture": "#side",
                    "rotation": 270
                },
                "west": {
                    "uv": [5.5,3.75,10.5,9],
                    "texture": "#side",
                    "cullface": west
                },
                "east": {
                    "uv": [5.5,3.75,10.5,9.75],
                    "texture": "#side",
                    "cullface": east
                },
                "north": {
                    "uv": [5.5,3.75,10.5,9.5],
                    "texture": "#side",
                    "rotation": 180
                },
                "south": {
                    "uv": [5.5,3.75,10.75,9],
                    "texture": "#side",
                    "rotation": 180
                }
            }
        },
        {
            "from": [3,1,3],
            "to": [13,6,13],
            "faces": {
                "up": {
                    "uv": [5.25,10.5,10.25,12.25],
                    "texture": "#side",
                    "rotation": 270
                },
                "down": {
                    "uv": [6.25,10.75,10.25,12.5],
                    "texture": "#side",
                    "rotation": 270
                },
                "west": {
                    "uv": [5.75,10.5,10.25,12],
                    "texture": "#side",
                    "cullface": west
                },
                "east": {
                    "uv": [6.5,10.75,10.25,12.25],
                    "texture": "#side",
                    "cullface": east
                },
                "north": {
                    "uv": [6.75,11,10.75,12.25],
                    "texture": "#side",
                    "rotation": 180
                },
                "south": {
                    "uv": [4,0.25,5.25,1.5],
                    "texture": "#side",
                    "rotation": 180
                }
            }
        },
        {
            "from": [4.5,6,6],
            "to": [11.5,11.5,10],
            "faces": {
                "up": {
                    "uv": [6.75,5.25,9.25,7.75],
                    "texture": "#side",
                    "rotation": 270
                },
                "down": {
                    "uv": [6,6.5,10,8.25],
                    "texture": "#side",
                    "rotation": 270
                },
                "west": {
                    "uv": [5.5,3.75,10.5,9],
                    "texture": "#side",
                    "cullface": west
                },
                "east": {
                    "uv": [5.5,3.75,10.5,9.75],
                    "texture": "#side",
                    "cullface": east
                },
                "north": {
                    "uv": [5.5,3.75,10.5,9.5],
                    "texture": "#side",
                    "rotation": 180
                },
                "south": {
                    "uv": [5.5,3.75,10.75,9],
                    "texture": "#side",
                    "rotation": 180
                }
            }
        },
        {
            "from": [6,6,4.5],
            "to": [10,11.5,11.5],
            "faces": {
                "up": {
                    "uv": [6.75,5.25,9.25,7.75],
                    "texture": "#side",
                    "rotation": 270
                },
                "down": {
                    "uv": [6,6.5,10,8.25],
                    "texture": "#side",
                    "rotation": 270
                },
                "west": {
                    "uv": [5.5,3.75,10.5,9],
                    "texture": "#side",
                    "cullface": west
                },
                "east": {
                    "uv": [5.5,3.75,10.5,9.75],
                    "texture": "#side",
                    "cullface": east
                },
                "north": {
                    "uv": [5.5,3.75,10.5,9.5],
                    "texture": "#side",
                    "rotation": 180
                },
                "south": {
                    "uv": [5.5,3.75,10.75,9],
                    "texture": "#side",
                    "rotation": 180
                }
            }
        },
        {
            "from": [5.5,11.5,5.5],
            "to": [10.5,12.5,10.5],
            "faces": {
                "up": {
                    "uv": [6.75,5.25,9.25,7.75],
                    "texture": "#side",
                    "rotation": 270
                },
                "down": {
                    "uv": [6,6.5,10,8.25],
                    "texture": "#side",
                    "rotation": 270
                },
                "west": {
                    "uv": [5.5,3.75,10.5,9],
                    "texture": "#side",
                    "cullface": west
                },
                "east": {
                    "uv": [5.5,3.75,10.5,9.75],
                    "texture": "#side",
                    "cullface": east
                },
                "north": {
                    "uv": [5.5,3.75,10.5,9.5],
                    "texture": "#side",
                    "rotation": 180
                },
                "south": {
                    "uv": [5.5,3.75,10.75,9],
                    "texture": "#side",
                    "rotation": 180
                }
            }
        },
        {
            "from": [6.5,12.5,6.5],
            "to": [9.5,13,9.5],
            "faces": {
                "up": {
                    "uv": [6.75,5.25,9.25,7.75],
                    "texture": "#side",
                    "rotation": 270
                },
                "down": {
                    "uv": [6,6.5,10,8.25],
                    "texture": "#side",
                    "rotation": 270
                },
                "west": {
                    "uv": [5.5,3.75,10.5,9],
                    "texture": "#side",
                    "cullface": west
                },
                "east": {
                    "uv": [5.5,3.75,10.5,9.75],
                    "texture": "#side",
                    "cullface": east
                },
                "north": {
                    "uv": [5.5,3.75,10.5,9.5],
                    "texture": "#side",
                    "rotation": 180
                },
                "south": {
                    "uv": [5.5,3.75,10.75,9],
                    "texture": "#side",
                    "rotation": 180
                }
            }
        },
        {
            "from": [2,0,2],
            "to": [14,1,14],
            "faces": {
                "up": {
                    "uv": [5.25,10.5,10.25,12.25],
                    "texture": "#side",
                    "rotation": 270
                },
                "down": {
                    "uv": [6.25,10.75,10.25,12.5],
                    "texture": "#side",
                    "rotation": 270
                },
                "west": {
                    "uv": [5.75,10.5,10.25,12],
                    "texture": "#side",
                    "cullface": west
                },
                "east": {
                    "uv": [6.5,10.75,10.25,12.25],
                    "texture": "#side",
                    "cullface": east
                },
                "north": {
                    "uv": [6.75,11,10.75,12.25],
                    "texture": "#side",
                    "rotation": 180
                },
                "south": {
                    "uv": [4,0.25,5.25,1.5],
                    "texture": "#side",
                    "rotation": 180
                }
            }
        }
    ]
}