{
    "__createdwith": "opl's Model Creator",
    "ambientocclusion": false,
    "textures": {
        "side": "custom/torch",
        "particle": "blocks/torch_on"
    },
    "elements": [
        {
            "from": [12.5,10,2],
            "to": [15,16,14],
            "faces": {
                "up": {
                    "uv": [6,6.5,9.75,9.25],
                    "texture": "#side",
                    "rotation": 270
                },
                "down": {
                    "uv": [6,6.5,10,8.25],
                    "texture": "#side",
                    "rotation": 270
                },
                "west": {
                    "uv": [5.75,5.25,10.25,7.75],
                    "texture": "#side",
                    "cullface": west
                },
                "east": {
                    "uv": [6.5,10.75,10.25,12.25],
                    "texture": "#side",
                    "cullface": east
                },
                "north": {
                    "uv": [7.75,4,10,8.75],
                    "texture": "#side",
                    "rotation": 180
                },
                "south": {
                    "uv": [6.5,4.5,7.75,8.75],
                    "texture": "#side",
                    "rotation": 180
                }
            }
        },
        {
            "from": [15,9,1],
            "to": [16,17,15],
            "faces": {
                "up": {
                    "uv": [6.25,11,10.25,12.25],
                    "texture": "#side",
                    "rotation": 270
                },
                "down": {
                    "uv": [6.25,10.75,10.25,12.5],
                    "texture": "#side",
                    "rotation": 270
                },
                "west": {
                    "uv": [5.75,10.5,10.25,12],
                    "texture": "#side",
                    "cullface": west
                },
                "east": {
                    "uv": [6.5,10.75,10.25,12.25],
                    "texture": "#side",
                    "cullface": east
                },
                "north": {
                    "uv": [6.75,11,10.75,12.25],
                    "texture": "#side",
                    "rotation": 180
                },
                "south": {
                    "uv": [4,0.25,5.25,1.5],
                    "texture": "#side",
                    "rotation": 180
                }
            }
        },
        {
            "from": [11.5,10.5,2.5],
            "to": [12.5,15.5,13.5],
            "faces": {
                "up": {
                    "uv": [6,6.5,9.75,9.25],
                    "texture": "#side",
                    "rotation": 270
                },
                "down": {
                    "uv": [6,6.5,10,8.25],
                    "texture": "#side",
                    "rotation": 270
                },
                "west": {
                    "uv": [5.75,5.25,10.25,7.75],
                    "texture": "#side",
                    "cullface": west
                },
                "east": {
                    "uv": [6.5,10.75,10.25,12.25],
                    "texture": "#side",
                    "cullface": east
                },
                "north": {
                    "uv": [7.75,4,10,8.75],
                    "texture": "#side",
                    "rotation": 180
                },
                "south": {
                    "uv": [6.5,4.5,7.75,8.75],
                    "texture": "#side",
                    "rotation": 180
                }
            }
        },
        {
            "from": [11,11,3.5],
            "to": [11.5,15,12.5],
            "faces": {
                "up": {
                    "uv": [6,6.5,9.75,9.25],
                    "texture": "#side",
                    "rotation": 270
                },
                "down": {
                    "uv": [6,6.5,10,8.25],
                    "texture": "#side",
                    "rotation": 270
                },
                "west": {
                    "uv": [5.75,5.25,10.25,7.75],
                    "texture": "#side",
                    "cullface": west
                },
                "east": {
                    "uv": [6.5,10.75,10.25,12.25],
                    "texture": "#side",
                    "cullface": east
                },
                "north": {
                    "uv": [7.75,4,10,8.75],
                    "texture": "#side",
                    "rotation": 180
                },
                "south": {
                    "uv": [6.5,4.5,7.75,8.75],
                    "texture": "#side",
                    "rotation": 180
                }
            }
        },
        {
            "from": [12,9.5,4.5],
            "to": [15,16.5,5],
            "faces": {
                "up": {
                    "uv": [6.25,11,10.25,12.25],
                    "texture": "#side",
                    "rotation": 270
                },
                "down": {
                    "uv": [6.25,10.75,10.25,12.5],
                    "texture": "#side",
                    "rotation": 270
                },
                "west": {
                    "uv": [5.75,10.5,10.25,12],
                    "texture": "#side",
                    "cullface": west
                },
                "east": {
                    "uv": [6.5,10.75,10.25,12.25],
                    "texture": "#side",
                    "cullface": east
                },
                "north": {
                    "uv": [6.75,11,10.75,12.25],
                    "texture": "#side",
                    "rotation": 180
                },
                "south": {
                    "uv": [4,0.25,5.25,1.5],
                    "texture": "#side",
                    "rotation": 180
                }
            }
        },
        {
            "from": [10.5,10,4.5],
            "to": [12,16,5],
            "faces": {
                "up": {
                    "uv": [6.25,11,10.25,12.25],
                    "texture": "#side",
                    "rotation": 270
                },
                "down": {
                    "uv": [6.25,10.75,10.25,12.5],
                    "texture": "#side",
                    "rotation": 270
                },
                "west": {
                    "uv": [5.75,10.5,10.25,12],
                    "texture": "#side",
                    "cullface": west
                },
                "east": {
                    "uv": [6.5,10.75,10.25,12.25],
                    "texture": "#side",
                    "cullface": east
                },
                "north": {
                    "uv": [6.75,11,10.75,12.25],
                    "texture": "#side",
                    "rotation": 180
                },
                "south": {
                    "uv": [4,0.25,5.25,1.5],
                    "texture": "#side",
                    "rotation": 180
                }
            }
        },
        {
            "from": [12,9.5,11],
            "to": [15,16.5,11.5],
            "faces": {
                "up": {
                    "uv": [6.25,11,10.25,12.25],
                    "texture": "#side",
                    "rotation": 270
                },
                "down": {
                    "uv": [6.25,10.75,10.25,12.5],
                    "texture": "#side",
                    "rotation": 270
                },
                "west": {
                    "uv": [5.75,10.5,10.25,12],
                    "texture": "#side",
                    "cullface": west
                },
                "east": {
                    "uv": [6.5,10.75,10.25,12.25],
                    "texture": "#side",
                    "cullface": east
                },
                "north": {
                    "uv": [6.75,11,10.75,12.25],
                    "texture": "#side",
                    "rotation": 180
                },
                "south": {
                    "uv": [4,0.25,5.25,1.5],
                    "texture": "#side",
                    "rotation": 180
                }
            }
        },
        {
            "from": [10.5,10,11],
            "to": [12,16,11.5],
            "faces": {
                "up": {
                    "uv": [6.25,11,10.25,12.25],
                    "texture": "#side",
                    "rotation": 270
                },
                "down": {
                    "uv": [6.25,10.75,10.25,12.5],
                    "texture": "#side",
                    "rotation": 270
                },
                "west": {
                    "uv": [5.75,10.5,10.25,12],
                    "texture": "#side",
                    "cullface": west
                },
                "east": {
                    "uv": [6.5,10.75,10.25,12.25],
                    "texture": "#side",
                    "cullface": east
                },
                "north": {
                    "uv": [6.75,11,10.75,12.25],
                    "texture": "#side",
                    "rotation": 180
                },
                "south": {
                    "uv": [4,0.25,5.25,1.5],
                    "texture": "#side",
                    "rotation": 180
                }
            }
        },
        {
            "from": [12,9.5,7.5],
            "to": [15,16.5,8],
            "faces": {
                "up": {
                    "uv": [6.25,11,10.25,12.25],
                    "texture": "#side",
                    "rotation": 270
                },
                "down": {
                    "uv": [6.25,10.75,10.25,12.5],
                    "texture": "#side",
                    "rotation": 270
                },
                "west": {
                    "uv": [5.75,10.5,10.25,12],
                    "texture": "#side",
                    "cullface": west
                },
                "east": {
                    "uv": [6.5,10.75,10.25,12.25],
                    "texture": "#side",
                    "cullface": east
                },
                "north": {
                    "uv": [6.75,11,10.75,12.25],
                    "texture": "#side",
                    "rotation": 180
                },
                "south": {
                    "uv": [4,0.25,5.25,1.5],
                    "texture": "#side",
                    "rotation": 180
                }
            }
        },
        {
            "from": [10.5,10,7.5],
            "to": [12,16,8],
            "faces": {
                "up": {
                    "uv": [6.25,11,10.25,12.25],
                    "texture": "#side",
                    "rotation": 270
                },
                "down": {
                    "uv": [6.25,10.75,10.25,12.5],
                    "texture": "#side",
                    "rotation": 270
                },
                "west": {
                    "uv": [5.75,10.5,10.25,12],
                    "texture": "#side",
                    "cullface": west
                },
                "east": {
                    "uv": [6.5,10.75,10.25,12.25],
                    "texture": "#side",
                    "cullface": east
                },
                "north": {
                    "uv": [6.75,11,10.75,12.25],
                    "texture": "#side",
                    "rotation": 180
                },
                "south": {
                    "uv": [4,0.25,5.25,1.5],
                    "texture": "#side",
                    "rotation": 180
                }
            }
        },
        {
            "from": [12,11.5,1.5],
            "to": [15,12,14.5],
            "faces": {
                "up": {
                    "uv": [6.25,11,10.25,12.25],
                    "texture": "#side",
                    "rotation": 270
                },
                "down": {
                    "uv": [6.25,10.75,10.25,12.5],
                    "texture": "#side",
                    "rotation": 270
                },
                "west": {
                    "uv": [5.75,10.5,10.25,12],
                    "texture": "#side",
                    "cullface": west
                },
                "east": {
                    "uv": [6.5,10.75,10.25,12.25],
                    "texture": "#side",
                    "cullface": east
                },
                "north": {
                    "uv": [6.75,11,10.75,12.25],
                    "texture": "#side",
                    "rotation": 180
                },
                "south": {
                    "uv": [4,0.25,5.25,1.5],
                    "texture": "#side",
                    "rotation": 180
                }
            }
        },
        {
            "from": [10.5,11.5,2],
            "to": [12,12,14],
            "faces": {
                "up": {
                    "uv": [6.25,11,10.25,12.25],
                    "texture": "#side",
                    "rotation": 270
                },
                "down": {
                    "uv": [6.25,10.75,10.25,12.5],
                    "texture": "#side",
                    "rotation": 270
                },
                "west": {
                    "uv": [5.75,10.5,10.25,12],
                    "texture": "#side",
                    "cullface": west
                },
                "east": {
                    "uv": [6.5,10.75,10.25,12.25],
                    "texture": "#side",
                    "cullface": east
                },
                "north": {
                    "uv": [6.75,11,10.75,12.25],
                    "texture": "#side",
                    "rotation": 180
                },
                "south": {
                    "uv": [4,0.25,5.25,1.5],
                    "texture": "#side",
                    "rotation": 180
                }
            }
        },
        {
            "from": [10.5,14,2],
            "to": [12,14.5,14],
            "faces": {
                "up": {
                    "uv": [6.25,11,10.25,12.25],
                    "texture": "#side",
                    "rotation": 270
                },
                "down": {
                    "uv": [6.25,10.75,10.25,12.5],
                    "texture": "#side",
                    "rotation": 270
                },
                "west": {
                    "uv": [5.75,10.5,10.25,12],
                    "texture": "#side",
                    "cullface": west
                },
                "east": {
                    "uv": [6.5,10.75,10.25,12.25],
                    "texture": "#side",
                    "cullface": east
                },
                "north": {
                    "uv": [6.75,11,10.75,12.25],
                    "texture": "#side",
                    "rotation": 180
                },
                "south": {
                    "uv": [4,0.25,5.25,1.5],
                    "texture": "#side",
                    "rotation": 180
                }
            }
        },
        {
            "from": [12,14,1.5],
            "to": [15,14.5,14.5],
            "faces": {
                "up": {
                    "uv": [6.25,11,10.25,12.25],
                    "texture": "#side",
                    "rotation": 270
                },
                "down": {
                    "uv": [6.25,10.75,10.25,12.5],
                    "texture": "#side",
                    "rotation": 270
                },
                "west": {
                    "uv": [5.75,10.5,10.25,12],
                    "texture": "#side",
                    "cullface": west
                },
                "east": {
                    "uv": [6.5,10.75,10.25,12.25],
                    "texture": "#side",
                    "cullface": east
                },
                "north": {
                    "uv": [6.75,11,10.75,12.25],
                    "texture": "#side",
                    "rotation": 180
                },
                "south": {
                    "uv": [4,0.25,5.25,1.5],
                    "texture": "#side",
                    "rotation": 180
                }
            }
        }
    ]
}