{
    "__createdwith": "opl's Model Creator",
    "ambientocclusion": false,
    "textures": {
        "side": "blocks/web",
        "top": "custom/custom_grass_top",
        "overlay": "custom/custom_grass_top",
        "bottom": "custom/custom_dirt",
        "_grass": "custom/custom_grass",
        "particle": "blocks/web"
    },
    "elements": [
        {
            "from": [7,0,0],
            "to": [9,16,16],
            "faces": {
                "west": {
                    "texture": "#side",
                    "cullface": west
                },
                "east": {
                    "texture": "#side",
                    "cullface": east
                }
            }
        },
        {
            "from": [0,0,7],
            "to": [16,16,9],
            "faces": {
                "north": {
                    "texture": "#side",
                    "cullface": north
                },
                "south": {
                    "texture": "#side",
                    "cullface": south
                }
            }
        }
    ]
}