{
    "__createdwith": "opl's Model Creator",
    "ambientocclusion": false,
    "textures": {
        "texture": "items/dye_powder_black",
        "particle": "items/dye_powder_black"
    },
    "elements": [
        {
            "from": [7.5,10.1,3],
            "to": [8.25,10.75,8.7],
            "faces": {
                "up": {
                    "uv": [6.450001,7.950001,8.975,8.325001],
                    "texture": "#texture",
                    "rotation": 90
                },
                "down": {
                    "uv": [6.5625,12.225,8.975,12.5375],
                    "texture": "#texture",
                    "rotation": 90
                },
                "west": {
                    "uv": [6.4375,7.949997,9.0375,8.4375],
                    "texture": "#texture"
                },
                "east": {
                    "uv": [6.3375015,8.049999,8.9125,8.5],
                    "texture": "#texture"
                },
                "north": {
                    "uv": [10.8125,6.5,11.3125,7],
                    "texture": "#texture",
                    "rotation": 90
                },
                "south": {
                    "uv": [8.424999,8.012499,8.724998,8.512499],
                    "texture": "#texture",
                    "rotation": 90
                }
            }
        },
        {
            "from": [7.5,10.75,3],
            "to": [7.75,11,7.75],
            "faces": {
                "up": {
                    "uv": [6.450001,7.950001,8.975,8.325001],
                    "texture": "#texture",
                    "rotation": 90
                },
                "down": {
                    "uv": [6.5625,12.225,8.975,12.5375],
                    "texture": "#texture",
                    "rotation": 90
                },
                "west": {
                    "uv": [6.4375,7.949997,9.0375,8.4375],
                    "texture": "#texture"
                },
                "east": {
                    "uv": [6.3375015,8.049999,8.9125,8.5],
                    "texture": "#texture"
                },
                "north": {
                    "uv": [10.8125,6.5,11.3125,7],
                    "texture": "#texture",
                    "rotation": 90
                },
                "south": {
                    "uv": [8.424999,8.012499,8.724998,8.512499],
                    "texture": "#texture",
                    "rotation": 90
                }
            }
        },
        {
            "from": [8,10.75,3],
            "to": [8.25,11,7.75],
            "faces": {
                "up": {
                    "uv": [6.450001,7.950001,8.975,8.325001],
                    "texture": "#texture",
                    "rotation": 90
                },
                "down": {
                    "uv": [6.5625,12.225,8.975,12.5375],
                    "texture": "#texture",
                    "rotation": 90
                },
                "west": {
                    "uv": [6.4375,7.949997,9.0375,8.4375],
                    "texture": "#texture"
                },
                "east": {
                    "uv": [6.3375015,8.049999,8.9125,8.5],
                    "texture": "#texture"
                },
                "north": {
                    "uv": [10.8125,6.5,11.3125,7],
                    "texture": "#texture",
                    "rotation": 90
                },
                "south": {
                    "uv": [8.424999,8.012499,8.724998,8.512499],
                    "texture": "#texture",
                    "rotation": 90
                }
            }
        },
        {
            "from": [7.5,10,-0.4],
            "to": [8.25,10.5,3],
            "faces": {
                "up": {
                    "uv": [6.450001,7.950001,8.975,8.325001],
                    "texture": "#texture",
                    "rotation": 90
                },
                "down": {
                    "uv": [6.5625,12.225,8.975,12.5375],
                    "texture": "#texture",
                    "rotation": 90
                },
                "west": {
                    "uv": [6.4375,7.949997,9.0375,8.4375],
                    "texture": "#texture"
                },
                "east": {
                    "uv": [6.3375015,8.049999,8.9125,8.5],
                    "texture": "#texture"
                },
                "north": {
                    "uv": [10.8125,6.5,11.3125,7],
                    "texture": "#texture",
                    "rotation": 90
                },
                "south": {
                    "uv": [8.424999,8.012499,8.724998,8.512499],
                    "texture": "#texture",
                    "rotation": 90
                }
            }
        },
        {
            "from": [8,10.5,1.5],
            "to": [10.75,10.75,2.25],
            "faces": {
                "up": {
                    "uv": [10.5625,4.75,11.6875,7.375],
                    "texture": "#texture",
                    "rotation": 90
                },
                "down": {
                    "uv": [6.5625,12.225,8.975,12.5375],
                    "texture": "#texture",
                    "rotation": 90
                },
                "west": {
                    "uv": [6.4375,7.949997,9.0375,8.4375],
                    "texture": "#texture"
                },
                "east": {
                    "uv": [6.3375015,8.049999,8.9125,8.5],
                    "texture": "#texture"
                },
                "north": {
                    "uv": [10.8125,6.5,11.3125,7],
                    "texture": "#texture",
                    "rotation": 90
                },
                "south": {
                    "uv": [8.424999,8.012499,8.724998,8.512499],
                    "texture": "#texture",
                    "rotation": 90
                }
            }
        },
        {
            "from": [5,10.5,1.5],
            "to": [7.75,10.75,2.25],
            "faces": {
                "up": {
                    "uv": [10.5625,4.75,11.6875,7.375],
                    "texture": "#texture",
                    "rotation": 90
                },
                "down": {
                    "uv": [6.5625,12.225,8.975,12.5375],
                    "texture": "#texture",
                    "rotation": 90
                },
                "west": {
                    "uv": [6.4375,7.949997,9.0375,8.4375],
                    "texture": "#texture"
                },
                "east": {
                    "uv": [6.3375015,8.049999,8.9125,8.5],
                    "texture": "#texture"
                },
                "north": {
                    "uv": [10.8125,6.5,11.3125,7],
                    "texture": "#texture",
                    "rotation": 90
                },
                "south": {
                    "uv": [8.424999,8.012499,8.724998,8.512499],
                    "texture": "#texture",
                    "rotation": 90
                }
            }
        },
        {
            "from": [4.75,10.5,1.5],
            "to": [5,10.75,2.25],
            "faces": {
                "up": {
                    "uv": [10.5625,4.75,11.6875,7.375],
                    "texture": "#texture",
                    "rotation": 90
                },
                "down": {
                    "uv": [6.5625,12.225,8.975,12.5375],
                    "texture": "#texture",
                    "rotation": 90
                },
                "west": {
                    "uv": [6.4375,7.949997,9.0375,8.4375],
                    "texture": "#texture"
                },
                "east": {
                    "uv": [6.3375015,8.049999,8.9125,8.5],
                    "texture": "#texture"
                },
                "north": {
                    "uv": [10.8125,6.5,11.3125,7],
                    "texture": "#texture",
                    "rotation": 90
                },
                "south": {
                    "uv": [8.424999,8.012499,8.724998,8.512499],
                    "texture": "#texture",
                    "rotation": 90
                }
            }
        },
        {
            "from": [4,10.5,4.75],
            "to": [4.25,11.25,5.5],
            "faces": {
                "up": {
                    "uv": [10.5625,4.75,11.6875,7.375],
                    "texture": "#texture",
                    "rotation": 90
                },
                "down": {
                    "uv": [6.5625,12.225,8.975,12.5375],
                    "texture": "#texture",
                    "rotation": 90
                },
                "west": {
                    "uv": [0.375,4,2.875,5],
                    "texture": "#texture"
                },
                "east": {
                    "uv": [2.875,4,0.375,5],
                    "texture": "#texture"
                },
                "north": {
                    "uv": [1.34375,4,1.625,5],
                    "texture": "#texture"
                },
                "south": {
                    "uv": [1.9562492,4.043749,2.3125,5],
                    "texture": "#texture"
                }
            }
        },
        {
            "from": [4.75,10.5,0.25],
            "to": [5,11.25,2.5],
            "faces": {
                "up": {
                    "uv": [10.5625,4.75,11.6875,7.375],
                    "texture": "#texture",
                    "rotation": 90
                },
                "down": {
                    "uv": [6.5625,12.225,8.975,12.5375],
                    "texture": "#texture",
                    "rotation": 90
                },
                "west": {
                    "uv": [2.875,4,0.375,5],
                    "texture": "#texture"
                },
                "east": {
                    "uv": [0.375,4,2.875,5],
                    "texture": "#texture"
                },
                "north": {
                    "uv": [0.90625,4,1.3125,4.96875],
                    "texture": "#texture"
                },
                "south": {
                    "uv": [8.424999,8.012499,8.724998,8.512499],
                    "texture": "#texture",
                    "rotation": 90
                }
            }
        },
        {
            "from": [4.25,10.5,3.75],
            "to": [4.5,11.25,4.75],
            "faces": {
                "up": {
                    "uv": [10.5625,4.75,11.6875,7.375],
                    "texture": "#texture",
                    "rotation": 90
                },
                "down": {
                    "uv": [6.5625,12.225,8.975,12.5375],
                    "texture": "#texture",
                    "rotation": 90
                },
                "west": {
                    "uv": [1.875,4,0.375,5],
                    "texture": "#texture"
                },
                "east": {
                    "uv": [0.375,4,2.375,5],
                    "texture": "#texture"
                },
                "north": {
                    "uv": [1.71875,4.03125,2,5],
                    "texture": "#texture"
                },
                "south": {
                    "uv": [1.7062492,4.012499,2.03125,5],
                    "texture": "#texture"
                }
            }
        },
        {
            "from": [4.5,10.5,2.5],
            "to": [4.75,11.25,3.75],
            "faces": {
                "up": {
                    "uv": [10.5625,4.75,11.6875,7.375],
                    "texture": "#texture",
                    "rotation": 90
                },
                "down": {
                    "uv": [6.5625,12.225,8.975,12.5375],
                    "texture": "#texture",
                    "rotation": 90
                },
                "west": {
                    "uv": [1.875,4,0.375,5],
                    "texture": "#texture"
                },
                "east": {
                    "uv": [0.375,4,2.375,5],
                    "texture": "#texture"
                },
                "north": {
                    "uv": [1.71875,4.03125,2,5],
                    "texture": "#texture"
                },
                "south": {
                    "uv": [1.7062492,4.012499,2.03125,5],
                    "texture": "#texture"
                }
            }
        },
        {
            "from": [3.5,10.75,4.75],
            "to": [4.75,11,6],
            "faces": {
                "up": {
                    "uv": [12.375,0,15.25,2.875],
                    "texture": "#texture",
                    "rotation": 90
                },
                "down": {
                    "uv": [12.375,0,15.25,2.75],
                    "texture": "#texture",
                    "rotation": 90
                }
            }
        },
        {
            "from": [4.25,10.75,-0.25],
            "to": [5.5,11,1],
            "faces": {
                "up": {
                    "uv": [12.375,0,15.25,2.875],
                    "texture": "#texture",
                    "rotation": 90
                },
                "down": {
                    "uv": [12.375,0,15.25,2.75],
                    "texture": "#texture",
                    "rotation": 90
                }
            }
        },
        {
            "from": [5,10.75,1.5],
            "to": [6.5,11,2.25],
            "faces": {
                "up": {
                    "uv": [10.5625,4.75,11.6875,7.375],
                    "texture": "#texture",
                    "rotation": 90
                },
                "down": {
                    "uv": [6.5625,12.225,8.975,12.5375],
                    "texture": "#texture",
                    "rotation": 90
                },
                "west": {
                    "uv": [6.4375,7.949997,9.0375,8.4375],
                    "texture": "#texture"
                },
                "east": {
                    "uv": [6.3375015,8.049999,8.9125,8.5],
                    "texture": "#texture"
                },
                "north": {
                    "uv": [10.8125,6.5,11.3125,7],
                    "texture": "#texture",
                    "rotation": 90
                },
                "south": {
                    "uv": [8.424999,8.012499,8.724998,8.512499],
                    "texture": "#texture",
                    "rotation": 90
                }
            }
        },
        {
            "from": [9,10.75,1.5],
            "to": [10.5,11,2.25],
            "faces": {
                "up": {
                    "uv": [10.5625,4.75,11.6875,7.375],
                    "texture": "#texture",
                    "rotation": 90
                },
                "down": {
                    "uv": [6.5625,12.225,8.975,12.5375],
                    "texture": "#texture",
                    "rotation": 90
                },
                "west": {
                    "uv": [6.4375,7.949997,9.0375,8.4375],
                    "texture": "#texture"
                },
                "east": {
                    "uv": [6.3375015,8.049999,8.9125,8.5],
                    "texture": "#texture"
                },
                "north": {
                    "uv": [10.8125,6.5,11.3125,7],
                    "texture": "#texture",
                    "rotation": 90
                },
                "south": {
                    "uv": [8.424999,8.012499,8.724998,8.512499],
                    "texture": "#texture",
                    "rotation": 90
                }
            }
        },
        {
            "from": [10.75,10.5,0.25],
            "to": [11,11.25,2.5],
            "faces": {
                "up": {
                    "uv": [10.5625,4.75,11.6875,7.375],
                    "texture": "#texture",
                    "rotation": 90
                },
                "down": {
                    "uv": [6.5625,12.225,8.975,12.5375],
                    "texture": "#texture",
                    "rotation": 90
                },
                "west": {
                    "uv": [2.875,4,0.375,5],
                    "texture": "#texture"
                },
                "east": {
                    "uv": [0.375,4,2.875,5],
                    "texture": "#texture"
                },
                "north": {
                    "uv": [0.90625,4,1.3125,4.96875],
                    "texture": "#texture"
                },
                "south": {
                    "uv": [8.424999,8.012499,8.724998,8.512499],
                    "texture": "#texture",
                    "rotation": 90
                }
            }
        },
        {
            "from": [11,10.5,2.5],
            "to": [11.25,11.25,3.75],
            "faces": {
                "up": {
                    "uv": [10.5625,4.75,11.6875,7.375],
                    "texture": "#texture",
                    "rotation": 90
                },
                "down": {
                    "uv": [6.5625,12.225,8.975,12.5375],
                    "texture": "#texture",
                    "rotation": 90
                },
                "west": {
                    "uv": [1.875,4,0.375,5],
                    "texture": "#texture"
                },
                "east": {
                    "uv": [0.375,4,2.375,5],
                    "texture": "#texture"
                },
                "north": {
                    "uv": [1.71875,4.03125,2,5],
                    "texture": "#texture"
                },
                "south": {
                    "uv": [1.7062492,4.012499,2.03125,5],
                    "texture": "#texture"
                }
            }
        },
        {
            "from": [11.25,10.5,3.75],
            "to": [11.5,11.25,4.75],
            "faces": {
                "up": {
                    "uv": [10.5625,4.75,11.6875,7.375],
                    "texture": "#texture",
                    "rotation": 90
                },
                "down": {
                    "uv": [6.5625,12.225,8.975,12.5375],
                    "texture": "#texture",
                    "rotation": 90
                },
                "west": {
                    "uv": [1.875,4,0.375,5],
                    "texture": "#texture"
                },
                "east": {
                    "uv": [0.375,4,2.375,5],
                    "texture": "#texture"
                },
                "north": {
                    "uv": [1.71875,4.03125,2,5],
                    "texture": "#texture"
                },
                "south": {
                    "uv": [1.7062492,4.012499,2.03125,5],
                    "texture": "#texture"
                }
            }
        },
        {
            "from": [11,10.75,4.75],
            "to": [12.25,11,6],
            "faces": {
                "up": {
                    "uv": [12.375,0,15.25,2.875],
                    "texture": "#texture",
                    "rotation": 90
                },
                "down": {
                    "uv": [12.375,0,15.25,2.75],
                    "texture": "#texture",
                    "rotation": 90
                }
            }
        },
        {
            "from": [11.5,10.5,4.75],
            "to": [11.75,11.25,5.5],
            "faces": {
                "up": {
                    "uv": [10.5625,4.75,11.6875,7.375],
                    "texture": "#texture",
                    "rotation": 90
                },
                "down": {
                    "uv": [6.5625,12.225,8.975,12.5375],
                    "texture": "#texture",
                    "rotation": 90
                },
                "west": {
                    "uv": [0.375,4,2.875,5],
                    "texture": "#texture"
                },
                "east": {
                    "uv": [2.875,4,0.375,5],
                    "texture": "#texture"
                },
                "north": {
                    "uv": [1.34375,4,1.625,5],
                    "texture": "#texture"
                },
                "south": {
                    "uv": [1.9562492,4.043749,2.3125,5],
                    "texture": "#texture"
                }
            }
        },
        {
            "from": [10.25,10.75,-0.25],
            "to": [11.5,11,1],
            "faces": {
                "up": {
                    "uv": [12.375,0,15.25,2.875],
                    "texture": "#texture",
                    "rotation": 90
                },
                "down": {
                    "uv": [12.375,0,15.25,2.75],
                    "texture": "#texture",
                    "rotation": 90
                }
            }
        },
        {
            "from": [7.9,10.75,1.9000001],
            "to": [11.900001,11,7.7],
            "faces": {
                "up": {
                    "uv": [0,0.25,4.125,3.5],
                    "texture": "#texture",
                    "rotation": 90
                },
                "down": {
                    "uv": [4.125,0.25,0,3.5],
                    "texture": "#texture",
                    "rotation": 90
                }
            }
        },
        {
            "from": [7.9,10.75,-0.3],
            "to": [11,11,1.9],
            "faces": {
                "up": {
                    "uv": [6.375,0.875,4.125,3.5],
                    "texture": "#texture",
                    "rotation": 90
                },
                "down": {
                    "uv": [4.125,0.875,6.375,3.5],
                    "texture": "#texture",
                    "rotation": 90
                }
            }
        },
        {
            "from": [7.7000003,10.5,-0.6],
            "to": [8.1,10.9,-0.1],
            "faces": {
                "up": {
                    "uv": [6.450001,7.950001,8.975,8.325001],
                    "texture": "#texture",
                    "rotation": 90
                },
                "down": {
                    "uv": [6.5625,12.225,8.975,12.5375],
                    "texture": "#texture",
                    "rotation": 90
                },
                "west": {
                    "uv": [6.4375,7.949997,9.0375,8.4375],
                    "texture": "#texture"
                },
                "east": {
                    "uv": [6.3375015,8.049999,8.9125,8.5],
                    "texture": "#texture"
                },
                "north": {
                    "uv": [10.8125,6.5,11.3125,7],
                    "texture": "#texture",
                    "rotation": 90
                },
                "south": {
                    "uv": [8.424999,8.012499,8.724998,8.512499],
                    "texture": "#texture",
                    "rotation": 90
                }
            }
        },
        {
            "from": [3.8999999,10.75,1.9000003],
            "to": [7.9000006,11,7.7],
            "faces": {
                "up": {
                    "uv": [0,3.5,4.125,0.25],
                    "texture": "#texture",
                    "rotation": 90
                },
                "down": {
                    "uv": [4.125,3.5,0,0.25],
                    "texture": "#texture",
                    "rotation": 90
                }
            }
        },
        {
            "from": [4.8,10.75,-0.3000002],
            "to": [7.9000006,11,1.9000001],
            "faces": {
                "up": {
                    "uv": [6.375,3.5,4.125,0.875],
                    "texture": "#texture",
                    "rotation": 90
                },
                "down": {
                    "uv": [4.125,3.5,6.375,0.875],
                    "texture": "#texture",
                    "rotation": 90
                }
            }
        },
        {
            "from": [7.6,9.4,4.5],
            "to": [8.1,10.1,7.700001],
            "faces": {
                "up": {
                    "uv": [6.450001,7.950001,8.975,8.325001],
                    "texture": "#texture",
                    "rotation": 90
                },
                "down": {
                    "uv": [4.125,13.025001,5.3250003,14.0125],
                    "texture": "#texture",
                    "rotation": 90
                },
                "west": {
                    "uv": [12.95,12.2249975,14.087501,12.75],
                    "texture": "#texture"
                },
                "east": {
                    "uv": [12.775,12.275001,14.0375,12.7625],
                    "texture": "#texture"
                },
                "north": {
                    "uv": [13.200001,12.275,13.7875,12.862501],
                    "texture": "#texture"
                },
                "south": {
                    "uv": [9.424998,9.337498,9.7249975,9.837498],
                    "texture": "#texture"
                }
            }
        },
        {
            "from": [7.7,9.799999,8.4],
            "to": [8,10.1,9.3],
            "faces": {
                "up": {
                    "uv": [6.450001,7.950001,8.975,8.325001],
                    "texture": "#texture",
                    "rotation": 90
                },
                "down": {
                    "uv": [4.125,13.025001,5.3250003,14.0125],
                    "texture": "#texture",
                    "rotation": 90
                },
                "west": {
                    "uv": [12.95,12.2249975,14.087501,12.75],
                    "texture": "#texture"
                },
                "east": {
                    "uv": [12.775,12.275001,14.0375,12.7625],
                    "texture": "#texture"
                },
                "north": {
                    "uv": [13.200001,12.275,13.7875,12.862501],
                    "texture": "#texture"
                },
                "south": {
                    "uv": [9.424998,9.337498,9.7249975,9.837498],
                    "texture": "#texture"
                }
            }
        },
        {
            "from": [7.75,10.75,7.7],
            "to": [8,11.4,8.7],
            "faces": {
                "up": {
                    "uv": [6.450001,7.950001,8.975,8.325001],
                    "texture": "#texture",
                    "rotation": 90
                },
                "down": {
                    "uv": [6.5625,12.225,8.975,12.5375],
                    "texture": "#texture",
                    "rotation": 90
                },
                "west": {
                    "uv": [9.625,11.375,11,12.625],
                    "texture": "#texture"
                },
                "east": {
                    "uv": [11,11.5,9.625,12.625],
                    "texture": "#texture"
                },
                "north": {
                    "uv": [10.8125,6.5,11.3125,7],
                    "texture": "#texture",
                    "rotation": 90
                },
                "south": {
                    "uv": [8.424999,8.012499,8.724998,8.512499],
                    "texture": "#texture",
                    "rotation": 90
                }
            }
        },
        {
            "from": [7.7000003,10.1,8.7],
            "to": [8.1,10.95,10.25],
            "faces": {
                "up": {
                    "uv": [12.9,12.375001,13.8,12.7375],
                    "texture": "#texture",
                    "rotation": 90
                },
                "down": {
                    "uv": [4.125,13.025001,5.3250003,14.0125],
                    "texture": "#texture",
                    "rotation": 90
                },
                "west": {
                    "uv": [12.95,12.2249975,14.087501,12.75],
                    "texture": "#texture"
                },
                "east": {
                    "uv": [12.775,12.275001,14.0375,12.7625],
                    "texture": "#texture"
                },
                "north": {
                    "uv": [13.200001,12.275,13.7875,12.862501],
                    "texture": "#texture"
                },
                "south": {
                    "uv": [9.424998,9.337498,9.7249975,9.837498],
                    "texture": "#texture"
                }
            }
        },
        {
            "from": [7.7000003,9.699999,10.2],
            "to": [8.1,10.849999,10.8],
            "faces": {
                "up": {
                    "uv": [13.1,12.324999,14.075,12.625],
                    "texture": "#texture",
                    "rotation": 90
                },
                "down": {
                    "uv": [5.3250003,13.025001,4.125,14.0125],
                    "texture": "#texture",
                    "rotation": 270
                },
                "west": {
                    "uv": [12.95,12.2249975,14.087501,12.75],
                    "texture": "#texture"
                },
                "east": {
                    "uv": [12.775,12.275001,14.0375,12.7625],
                    "texture": "#texture"
                },
                "north": {
                    "uv": [13.200001,12.275,13.7875,12.862501],
                    "texture": "#texture"
                },
                "south": {
                    "uv": [9.424998,9.337498,9.7249975,9.837498],
                    "texture": "#texture"
                }
            }
        },
        {
            "from": [7.7000003,9.400001,10.8],
            "to": [8.1,10.749999,11.7],
            "faces": {
                "up": {
                    "uv": [12.975001,12.299996,13.925002,12.699998],
                    "texture": "#texture",
                    "rotation": 90
                },
                "down": {
                    "uv": [5.3250003,13.025001,4.125,14.0125],
                    "texture": "#texture"
                },
                "west": {
                    "uv": [12.95,12.2249975,14.087501,12.75],
                    "texture": "#texture"
                },
                "east": {
                    "uv": [12.775,12.275001,14.0375,12.7625],
                    "texture": "#texture"
                },
                "north": {
                    "uv": [13.200001,12.275,13.7875,12.862501],
                    "texture": "#texture"
                },
                "south": {
                    "uv": [9.424998,9.337498,9.7249975,9.837498],
                    "texture": "#texture"
                }
            }
        },
        {
            "from": [7.7000003,9.199999,11.700001],
            "to": [8.1,10.849998,12.8],
            "faces": {
                "up": {
                    "uv": [12.900002,12.250001,13.900001,12.625],
                    "texture": "#texture",
                    "rotation": 90
                },
                "down": {
                    "uv": [4.125,13.025001,5.3250003,14.0125],
                    "texture": "#texture"
                },
                "west": {
                    "uv": [12.95,12.2249975,14.087501,12.75],
                    "texture": "#texture"
                },
                "east": {
                    "uv": [12.775,12.275001,14.0375,12.7625],
                    "texture": "#texture"
                },
                "north": {
                    "uv": [13.200001,12.275,13.7875,12.862501],
                    "texture": "#texture"
                },
                "south": {
                    "uv": [9.424998,9.337498,9.7249975,9.837498],
                    "texture": "#texture"
                }
            }
        },
        {
            "from": [7.6,9,12.799999],
            "to": [8.1,10.999999,13.1],
            "faces": {
                "up": {
                    "uv": [6.450001,7.950001,8.975,8.325001],
                    "texture": "#texture",
                    "rotation": 90
                },
                "down": {
                    "uv": [6.5625,12.225,8.975,12.5375],
                    "texture": "#texture",
                    "rotation": 90
                },
                "west": {
                    "uv": [6.4375,7.949997,9.0375,8.4375],
                    "texture": "#texture"
                },
                "east": {
                    "uv": [6.3375015,8.049999,8.9125,8.5],
                    "texture": "#texture"
                },
                "north": {
                    "uv": [10.8125,6.5,11.3125,7],
                    "texture": "#texture",
                    "rotation": 90
                },
                "south": {
                    "uv": [8.424999,8.012499,8.724998,8.512499],
                    "texture": "#texture",
                    "rotation": 90
                }
            }
        },
        {
            "from": [7.7,9.5,8.5],
            "to": [8,9.8,9.3],
            "faces": {
                "up": {
                    "uv": [6.450001,7.950001,8.975,8.325001],
                    "texture": "#texture",
                    "rotation": 90
                },
                "down": {
                    "uv": [4.125,13.025001,5.3250003,14.0125],
                    "texture": "#texture",
                    "rotation": 90
                },
                "west": {
                    "uv": [12.95,12.2249975,14.087501,12.75],
                    "texture": "#texture"
                },
                "east": {
                    "uv": [12.775,12.275001,14.0375,12.7625],
                    "texture": "#texture"
                },
                "north": {
                    "uv": [13.200001,12.275,13.7875,12.862501],
                    "texture": "#texture"
                },
                "south": {
                    "uv": [9.424998,9.337498,9.7249975,9.837498],
                    "texture": "#texture"
                }
            }
        },
        {
            "from": [7.7,9.2,8.6],
            "to": [8,9.500001,9.400001],
            "faces": {
                "up": {
                    "uv": [6.450001,7.950001,8.975,8.325001],
                    "texture": "#texture",
                    "rotation": 90
                },
                "down": {
                    "uv": [4.125,13.025001,5.3250003,14.0125],
                    "texture": "#texture",
                    "rotation": 90
                },
                "west": {
                    "uv": [12.95,12.2249975,14.087501,12.75],
                    "texture": "#texture"
                },
                "east": {
                    "uv": [12.775,12.275001,14.0375,12.7625],
                    "texture": "#texture"
                },
                "north": {
                    "uv": [13.200001,12.275,13.7875,12.862501],
                    "texture": "#texture"
                },
                "south": {
                    "uv": [9.424998,9.337498,9.7249975,9.837498],
                    "texture": "#texture"
                }
            }
        },
        {
            "from": [7.7,8.9,8.700001],
            "to": [8,9.2,9.5],
            "faces": {
                "up": {
                    "uv": [6.450001,7.950001,8.975,8.325001],
                    "texture": "#texture",
                    "rotation": 90
                },
                "down": {
                    "uv": [4.125,13.025001,5.3250003,14.0125],
                    "texture": "#texture",
                    "rotation": 90
                },
                "west": {
                    "uv": [12.95,12.2249975,14.087501,12.75],
                    "texture": "#texture"
                },
                "east": {
                    "uv": [12.775,12.275001,14.0375,12.7625],
                    "texture": "#texture"
                },
                "north": {
                    "uv": [13.200001,12.275,13.7875,12.862501],
                    "texture": "#texture"
                },
                "south": {
                    "uv": [9.424998,9.337498,9.7249975,9.837498],
                    "texture": "#texture"
                }
            }
        },
        {
            "from": [7.7000003,9.5,7.7],
            "to": [8,9.6,8.5],
            "faces": {
                "up": {
                    "uv": [6.450001,7.950001,8.975,8.325001],
                    "texture": "#texture",
                    "rotation": 90
                },
                "down": {
                    "uv": [6.5625,12.225,8.975,12.5375],
                    "texture": "#texture",
                    "rotation": 90
                },
                "west": {
                    "uv": [6.4375,7.949997,9.0375,8.4375],
                    "texture": "#texture"
                },
                "east": {
                    "uv": [6.3375015,8.049999,8.9125,8.5],
                    "texture": "#texture"
                },
                "north": {
                    "uv": [10.8125,6.5,11.3125,7],
                    "texture": "#texture",
                    "rotation": 90
                },
                "south": {
                    "uv": [8.424999,8.012499,8.724998,8.512499],
                    "texture": "#texture",
                    "rotation": 90
                }
            }
        },
        {
            "from": [7.7999997,11.4,7.8],
            "to": [7.9,11.6,8.3],
            "faces": {
                "up": {
                    "uv": [6.450001,7.950001,8.975,8.325001],
                    "texture": "#texture",
                    "rotation": 90
                },
                "down": {
                    "uv": [6.5625,12.225,8.975,12.5375],
                    "texture": "#texture",
                    "rotation": 90
                },
                "west": {
                    "uv": [6.4375,7.949997,9.0375,8.4375],
                    "texture": "#texture"
                },
                "east": {
                    "uv": [6.3375015,8.049999,8.9125,8.5],
                    "texture": "#texture"
                },
                "north": {
                    "uv": [10.8125,6.5,11.3125,7],
                    "texture": "#texture",
                    "rotation": 90
                },
                "south": {
                    "uv": [8.424999,8.012499,8.724998,8.512499],
                    "texture": "#texture",
                    "rotation": 90
                }
            }
        },
        {
            "from": [7.7000003,11.6,7.4],
            "to": [8,11.900001,8.7],
            "faces": {
                "up": {
                    "uv": [7.512499,10.5125,8.212501,10.925],
                    "texture": "#texture",
                    "rotation": 90
                },
                "down": {
                    "uv": [7.6375,10.55,8.125,11],
                    "texture": "#texture",
                    "rotation": 90
                },
                "west": {
                    "uv": [7.487501,10.5,8.175,11.012504],
                    "texture": "#texture"
                },
                "east": {
                    "uv": [7.537504,10.499995,8.2,10.9875],
                    "texture": "#texture"
                },
                "north": {
                    "uv": [10.8125,6.5,11.3125,7],
                    "texture": "#texture",
                    "rotation": 90
                },
                "south": {
                    "uv": [8.424999,8.012499,8.724998,8.512499],
                    "texture": "#texture",
                    "rotation": 90
                }
            }
        },
        {
            "from": [7.6,11.5,7],
            "to": [8.1,12.000001,7.4],
            "faces": {
                "up": {
                    "uv": [7.512499,10.5125,8.212501,10.925],
                    "texture": "#texture",
                    "rotation": 90
                },
                "down": {
                    "uv": [7.6375,10.55,8.125,11],
                    "texture": "#texture",
                    "rotation": 90
                },
                "west": {
                    "uv": [7.512501,10.5125,8.375,11],
                    "texture": "#texture"
                },
                "east": {
                    "uv": [7.537504,10.499995,8.2,10.9875],
                    "texture": "#texture"
                },
                "north": {
                    "uv": [2.4875,8.175,3.4750001,9.175],
                    "texture": "#texture",
                    "rotation": 90
                },
                "south": {
                    "uv": [8.424999,8.012499,8.724998,8.512499],
                    "texture": "#texture",
                    "rotation": 90
                }
            }
        },
        {
            "from": [7.6,11.5,8.7],
            "to": [8.1,12.000001,9.2],
            "faces": {
                "up": {
                    "uv": [7.512499,10.5125,8.212501,10.925],
                    "texture": "#texture",
                    "rotation": 90
                },
                "down": {
                    "uv": [7.6375,10.55,8.125,11],
                    "texture": "#texture",
                    "rotation": 90
                },
                "west": {
                    "uv": [7.500001,10.4875,8.2,11],
                    "texture": "#texture"
                },
                "east": {
                    "uv": [7.537504,10.499995,8.2,10.9875],
                    "texture": "#texture"
                },
                "north": {
                    "uv": [10.8125,6.5,11.3125,7],
                    "texture": "#texture",
                    "rotation": 90
                },
                "south": {
                    "uv": [2.4750001,8.125,3.525,9.125],
                    "texture": "#texture",
                    "rotation": 90
                }
            }
        },
        {
            "from": [7.5,11.4,6],
            "to": [8.2,12.100001,7],
            "faces": {
                "up": {
                    "uv": [7.512499,10.5125,8.212501,10.925],
                    "texture": "#texture",
                    "rotation": 90
                },
                "down": {
                    "uv": [7.6375,10.55,8.125,11],
                    "texture": "#texture",
                    "rotation": 90
                },
                "west": {
                    "uv": [7.512501,10.5125,8.375,11],
                    "texture": "#texture"
                },
                "east": {
                    "uv": [7.537504,10.499995,8.2,10.9875],
                    "texture": "#texture"
                },
                "north": {
                    "uv": [2.4875,8.175,3.4750001,9.175],
                    "texture": "#texture",
                    "rotation": 90
                },
                "south": {
                    "uv": [8.424999,8.012499,8.724998,8.512499],
                    "texture": "#texture",
                    "rotation": 90
                }
            }
        },
        {
            "from": [7.8,10.900001,0.20000003],
            "to": [7.9,11.400001,7.5000005],
            "faces": {
                "west": {
                    "uv": [0.5,10.375,6.75,10.75],
                    "texture": "#texture"
                },
                "east": {
                    "uv": [6.75,10.375,0.5,10.75],
                    "texture": "#texture"
                }
            }
        },
        {
            "from": [7.6,11.1,0.20000012],
            "to": [8.099999,11.200002,7.500001],
            "faces": {
                "up": {
                    "uv": [0.5,10.375,6.75,10.75],
                    "texture": "#texture",
                    "rotation": 90
                },
                "down": {
                    "uv": [6.75,10.375,0.5,10.75],
                    "texture": "#texture",
                    "rotation": 90
                }
            }
        }
    ],
	"display": {
	"thirdperson": {"rotation": [ 30, 0, 180], "translation": [ 0.5, 2.5, 0 ], "scale": [ 1.5, 1.5, 1.5 ]},
	"firstperson": {"rotation": [ 10, -40, 5], "translation": [ -5, -1, 1 ], "scale": [ 5, 5, 5 ]},
	"gui": {"rotation": [ 0, 180, 0 ], "translation": [ 0, -5, 0 ], "scale": [ 3.5, 3.5, 3.5 ]},
	"ground": {"scale": [5, 5, 5 ]},
	"fixed": {"scale": [ 3, 3, 3 ],"rotation": [ 0, 90, 0 ]}
	}
}