{
    "__createdwith": "opl's Model Creator",
    "ambientocclusion": false,
    "textures": {
        "texture": "items/dye_powder_purple",
        "particle": "items/dye_powder_purple"
    },
    "elements": [
        {
            "from": [7.1,10.2,-1.9000001],
            "to": [7.6,10.7,0.20000005],
            "faces": {
                "up": {
                    "uv": [0.29687405,6.875,1.203125,7.25],
                    "texture": "#texture",
                    "rotation": 90
                },
                "down": {
                    "uv": [1.1875,6.8781223,0.31249952,7.25],
                    "texture": "#texture",
                    "rotation": 90
                },
                "west": {
                    "uv": [0.3125,6.875,1.25,7.25],
                    "texture": "#texture"
                },
                "east": {
                    "uv": [1.1875,6.875,0.3125,7.25],
                    "texture": "#texture"
                },
                "north": {
                    "uv": [8.125,6.984375,7.831249,7.2875004],
                    "texture": "#texture"
                },
                "south": {
                    "uv": [6.6312513,7.125,6.796875,7.2875004],
                    "texture": "#texture"
                }
            }
        },
        {
            "from": [7.2000003,10.299999,-2],
            "to": [7.5,10.55,3.5],
            "faces": {
                "up": {
                    "uv": [1.296874,6.953125,4.15625,7.203125],
                    "texture": "#texture",
                    "rotation": 90
                },
                "down": {
                    "uv": [4.171875,6.9562473,1.2187495,7.234375],
                    "texture": "#texture",
                    "rotation": 90
                },
                "west": {
                    "uv": [1.265625,6.953125,4.171875,7.234375],
                    "texture": "#texture"
                },
                "east": {
                    "uv": [4.15625,6.9375,1.28125,7.234375],
                    "texture": "#texture"
                },
                "north": {
                    "uv": [8.01875,6.7531238,7.8374996,6.8562503],
                    "texture": "#texture"
                },
                "south": {
                    "uv": [6.6312513,7.125,6.796875,7.2875004],
                    "texture": "#texture"
                }
            }
        },
        {
            "from": [7.1,7.8999996,3.75],
            "to": [7.6,9.5,4.2000003],
            "faces": {
                "up": {
                    "uv": [0.29687405,6.875,1.203125,7.25],
                    "texture": "#texture",
                    "rotation": 90
                },
                "down": {
                    "uv": [1.1875,6.8781223,0.31249952,7.25],
                    "texture": "#texture",
                    "rotation": 90
                },
                "west": {
                    "uv": [4.921875,7.890625,5.375,9.625],
                    "texture": "#texture"
                },
                "east": {
                    "uv": [5.375,7.875,4.9375,9.609375],
                    "texture": "#texture"
                },
                "north": {
                    "uv": [5.421875,7.875,4.984375,9.671875],
                    "texture": "#texture"
                },
                "south": {
                    "uv": [4.921875,7.984375,5.375,9.703125],
                    "texture": "#texture"
                }
            }
        },
        {
            "from": [6.95,9.9,3.5],
            "to": [7.8,10.6,4.1],
            "faces": {
                "up": {
                    "uv": [1.296874,6.953125,4.15625,7.203125],
                    "texture": "#texture",
                    "rotation": 90
                },
                "down": {
                    "uv": [4.171875,6.9562473,1.2187495,7.234375],
                    "texture": "#texture",
                    "rotation": 90
                },
                "west": {
                    "uv": [4.375,6.875,5.359375,7.5],
                    "texture": "#texture"
                },
                "east": {
                    "uv": [5.390625,6.890625,4.375,7.484375],
                    "texture": "#texture"
                },
                "north": {
                    "uv": [8.125,6.984375,7.831249,7.2875004],
                    "texture": "#texture"
                },
                "south": {
                    "uv": [6.6312513,7.125,6.796875,7.2875004],
                    "texture": "#texture"
                }
            }
        },
        {
            "from": [7.25,9.5,3.8999999],
            "to": [7.5,9.9,4.1],
            "faces": {
                "up": {
                    "uv": [0.29687405,6.875,1.203125,7.25],
                    "texture": "#texture",
                    "rotation": 90
                },
                "down": {
                    "uv": [1.1875,6.8781223,0.31249952,7.25],
                    "texture": "#texture",
                    "rotation": 90
                },
                "west": {
                    "uv": [4.921875,7.890625,5.375,9.625],
                    "texture": "#texture"
                },
                "east": {
                    "uv": [5.375,7.875,4.9375,9.609375],
                    "texture": "#texture"
                },
                "north": {
                    "uv": [5.421875,7.875,4.984375,9.671875],
                    "texture": "#texture"
                },
                "south": {
                    "uv": [4.921875,7.984375,5.375,9.703125],
                    "texture": "#texture"
                }
            }
        },
        {
            "from": [6.8,9.799999,4.1],
            "to": [8,10.5,12.3],
            "faces": {
                "up": {
                    "uv": [11.8125,7.28125,14.671875,7.53125],
                    "texture": "#texture",
                    "rotation": 90
                },
                "down": {
                    "uv": [14.828125,7.2843723,11.875,7.5625],
                    "texture": "#texture",
                    "rotation": 90
                },
                "west": {
                    "uv": [5.234375,6.84375,15.125,7.6875],
                    "texture": "#texture"
                },
                "east": {
                    "uv": [15.109375,6.859375,5.296875,7.6875],
                    "texture": "#texture"
                },
                "north": {
                    "uv": [8.125,6.984375,7.831249,7.2875004],
                    "texture": "#texture"
                },
                "south": {
                    "uv": [7.8218718,7.0187516,8.1375,7.20625],
                    "texture": "#texture"
                }
            }
        },
        {
            "from": [7,10.799999,4.55],
            "to": [7.8,10.9,7.5],
            "faces": {
                "up": {
                    "uv": [5.90625,7,8.015625,7.234375],
                    "texture": "#texture",
                    "rotation": 90
                },
                "down": {
                    "uv": [7.84375,7.1124973,6.421875,7.265625],
                    "texture": "#texture",
                    "rotation": 90
                },
                "west": {
                    "uv": [5.859375,6.984375,7.90625,7.171875],
                    "texture": "#texture"
                },
                "east": {
                    "uv": [8.171875,7.078125,5.9375,7.234375],
                    "texture": "#texture"
                },
                "north": {
                    "uv": [8.125,6.984375,7.831249,7.2875004],
                    "texture": "#texture"
                },
                "south": {
                    "uv": [6.6312513,7.125,6.796875,7.2875004],
                    "texture": "#texture"
                }
            }
        },
        {
            "from": [7.15,10.9,4.7499995],
            "to": [7.6,11.1,5.2000003],
            "faces": {
                "up": {
                    "uv": [5.90625,7,8.015625,7.234375],
                    "texture": "#texture",
                    "rotation": 90
                },
                "down": {
                    "uv": [7.84375,7.1124973,6.421875,7.265625],
                    "texture": "#texture",
                    "rotation": 90
                },
                "west": {
                    "uv": [5.859375,6.984375,7.90625,7.171875],
                    "texture": "#texture"
                },
                "east": {
                    "uv": [8.171875,7.078125,5.9375,7.234375],
                    "texture": "#texture"
                },
                "north": {
                    "uv": [8.125,6.984375,7.831249,7.2875004],
                    "texture": "#texture"
                },
                "south": {
                    "uv": [6.6312513,7.125,6.796875,7.2875004],
                    "texture": "#texture"
                }
            }
        },
        {
            "from": [7.1,11.9,5.6],
            "to": [7.6,12.4,9.3],
            "faces": {
                "up": {
                    "uv": [6.65625,5.5625,7,5.90625],
                    "texture": "#texture",
                    "rotation": 90
                },
                "down": {
                    "uv": [10.71875,5.5656223,8.59375,5.984375],
                    "texture": "#texture",
                    "rotation": 90
                },
                "west": {
                    "uv": [8.421875,5.515625,10.78125,6.03125],
                    "texture": "#texture"
                },
                "east": {
                    "uv": [10.78125,5.53125,8.421875,5.984375],
                    "texture": "#texture"
                },
                "north": {
                    "uv": [8.203125,6.703125,8.03125,6.8968754],
                    "texture": "#texture"
                },
                "south": {
                    "uv": [8.021877,6.71875,8.1875,6.8812504],
                    "texture": "#texture"
                }
            }
        },
        {
            "from": [6.9500003,9.7,4.9000015],
            "to": [7.8,9.799999,5.6],
            "faces": {
                "up": {
                    "uv": [11.8125,7.28125,14.671875,7.53125],
                    "texture": "#texture",
                    "rotation": 90
                },
                "down": {
                    "uv": [14.828125,7.2843723,11.875,7.5625],
                    "texture": "#texture",
                    "rotation": 90
                },
                "west": {
                    "uv": [11.4375,7.71875,12.25,8.234375],
                    "texture": "#texture"
                },
                "east": {
                    "uv": [12.109375,7.703125,11.3125,8.265625],
                    "texture": "#texture"
                },
                "north": {
                    "uv": [9.796875,6.828125,9.065624,7.203125],
                    "texture": "#texture"
                },
                "south": {
                    "uv": [9.271877,6.8125,9.84375,7.25],
                    "texture": "#texture"
                }
            }
        },
        {
            "from": [7.15,10.9,6.8499994],
            "to": [7.6,11.1,7.3000007],
            "faces": {
                "up": {
                    "uv": [5.90625,7,8.015625,7.234375],
                    "texture": "#texture",
                    "rotation": 90
                },
                "down": {
                    "uv": [7.84375,7.1124973,6.421875,7.265625],
                    "texture": "#texture",
                    "rotation": 90
                },
                "west": {
                    "uv": [5.859375,6.984375,7.90625,7.171875],
                    "texture": "#texture"
                },
                "east": {
                    "uv": [8.171875,7.078125,5.9375,7.234375],
                    "texture": "#texture"
                },
                "north": {
                    "uv": [8.125,6.984375,7.831249,7.2875004],
                    "texture": "#texture"
                },
                "south": {
                    "uv": [6.6312513,7.125,6.796875,7.2875004],
                    "texture": "#texture"
                }
            }
        },
        {
            "from": [7.2000003,11.099999,7.1499996],
            "to": [7.5,11.299999,7.6],
            "faces": {
                "up": {
                    "uv": [5.90625,7,8.015625,7.234375],
                    "texture": "#texture",
                    "rotation": 90
                },
                "down": {
                    "uv": [7.84375,7.1124973,6.421875,7.265625],
                    "texture": "#texture",
                    "rotation": 90
                },
                "west": {
                    "uv": [5.859375,6.984375,7.90625,7.171875],
                    "texture": "#texture"
                },
                "east": {
                    "uv": [8.171875,7.078125,5.9375,7.234375],
                    "texture": "#texture"
                },
                "north": {
                    "uv": [8.125,6.984375,7.831249,7.2875004],
                    "texture": "#texture"
                },
                "south": {
                    "uv": [6.6312513,7.125,6.796875,7.2875004],
                    "texture": "#texture"
                }
            }
        },
        {
            "from": [7.2000003,11.099999,5.049999],
            "to": [7.5,11.299999,5.5],
            "faces": {
                "up": {
                    "uv": [5.90625,7,8.015625,7.234375],
                    "texture": "#texture",
                    "rotation": 90
                },
                "down": {
                    "uv": [7.84375,7.1124973,6.421875,7.265625],
                    "texture": "#texture",
                    "rotation": 90
                },
                "west": {
                    "uv": [5.859375,6.984375,7.90625,7.171875],
                    "texture": "#texture"
                },
                "east": {
                    "uv": [8.171875,7.078125,5.9375,7.234375],
                    "texture": "#texture"
                },
                "north": {
                    "uv": [8.125,6.984375,7.831249,7.2875004],
                    "texture": "#texture"
                },
                "south": {
                    "uv": [6.6312513,7.125,6.796875,7.2875004],
                    "texture": "#texture"
                }
            }
        },
        {
            "from": [7.2000003,11.299999,7.4499993],
            "to": [7.5000005,11.5,7.900001],
            "faces": {
                "up": {
                    "uv": [5.90625,7,8.015625,7.234375],
                    "texture": "#texture",
                    "rotation": 90
                },
                "down": {
                    "uv": [7.84375,7.1124973,6.421875,7.265625],
                    "texture": "#texture",
                    "rotation": 90
                },
                "west": {
                    "uv": [5.859375,6.984375,7.90625,7.171875],
                    "texture": "#texture"
                },
                "east": {
                    "uv": [8.171875,7.078125,5.9375,7.234375],
                    "texture": "#texture"
                },
                "north": {
                    "uv": [8.125,6.984375,7.831249,7.2875004],
                    "texture": "#texture"
                },
                "south": {
                    "uv": [6.6312513,7.125,6.796875,7.2875004],
                    "texture": "#texture"
                }
            }
        },
        {
            "from": [7.2000003,11.299999,5.349999],
            "to": [7.5000005,11.5,5.7999997],
            "faces": {
                "up": {
                    "uv": [5.90625,7,8.015625,7.234375],
                    "texture": "#texture",
                    "rotation": 90
                },
                "down": {
                    "uv": [7.84375,7.1124973,6.421875,7.265625],
                    "texture": "#texture",
                    "rotation": 90
                },
                "west": {
                    "uv": [5.859375,6.984375,7.90625,7.171875],
                    "texture": "#texture"
                },
                "east": {
                    "uv": [8.171875,7.078125,5.9375,7.234375],
                    "texture": "#texture"
                },
                "north": {
                    "uv": [8.125,6.984375,7.831249,7.2875004],
                    "texture": "#texture"
                },
                "south": {
                    "uv": [6.6312513,7.125,6.796875,7.2875004],
                    "texture": "#texture"
                }
            }
        },
        {
            "from": [7.2000003,11.5,7.6499996],
            "to": [7.5000005,11.7,8.100001],
            "faces": {
                "up": {
                    "uv": [5.90625,7,8.015625,7.234375],
                    "texture": "#texture",
                    "rotation": 90
                },
                "down": {
                    "uv": [7.84375,7.1124973,6.421875,7.265625],
                    "texture": "#texture",
                    "rotation": 90
                },
                "west": {
                    "uv": [5.859375,6.984375,7.90625,7.171875],
                    "texture": "#texture"
                },
                "east": {
                    "uv": [8.171875,7.078125,5.9375,7.234375],
                    "texture": "#texture"
                },
                "north": {
                    "uv": [8.125,6.984375,7.831249,7.2875004],
                    "texture": "#texture"
                },
                "south": {
                    "uv": [6.6312513,7.125,6.796875,7.2875004],
                    "texture": "#texture"
                }
            }
        },
        {
            "from": [7.2000003,11.5,5.549999],
            "to": [7.5000005,11.7,6],
            "faces": {
                "up": {
                    "uv": [5.90625,7,8.015625,7.234375],
                    "texture": "#texture",
                    "rotation": 90
                },
                "down": {
                    "uv": [7.84375,7.1124973,6.421875,7.265625],
                    "texture": "#texture",
                    "rotation": 90
                },
                "west": {
                    "uv": [5.859375,6.984375,7.90625,7.171875],
                    "texture": "#texture"
                },
                "east": {
                    "uv": [8.171875,7.078125,5.9375,7.234375],
                    "texture": "#texture"
                },
                "north": {
                    "uv": [8.125,6.984375,7.831249,7.2875004],
                    "texture": "#texture"
                },
                "south": {
                    "uv": [6.6312513,7.125,6.796875,7.2875004],
                    "texture": "#texture"
                }
            }
        },
        {
            "from": [7.2000003,11.7,7.7499995],
            "to": [7.5000005,11.9,8.200001],
            "faces": {
                "up": {
                    "uv": [5.90625,7,8.015625,7.234375],
                    "texture": "#texture",
                    "rotation": 90
                },
                "down": {
                    "uv": [7.84375,7.1124973,6.421875,7.265625],
                    "texture": "#texture",
                    "rotation": 90
                },
                "west": {
                    "uv": [5.859375,6.984375,7.90625,7.171875],
                    "texture": "#texture"
                },
                "east": {
                    "uv": [8.171875,7.078125,5.9375,7.234375],
                    "texture": "#texture"
                },
                "north": {
                    "uv": [8.125,6.984375,7.831249,7.2875004],
                    "texture": "#texture"
                },
                "south": {
                    "uv": [6.6312513,7.125,6.796875,7.2875004],
                    "texture": "#texture"
                }
            }
        },
        {
            "from": [7.2000003,11.7,5.649999],
            "to": [7.5000005,11.9,6.1],
            "faces": {
                "up": {
                    "uv": [5.90625,7,8.015625,7.234375],
                    "texture": "#texture",
                    "rotation": 90
                },
                "down": {
                    "uv": [7.84375,7.1124973,6.421875,7.265625],
                    "texture": "#texture",
                    "rotation": 90
                },
                "west": {
                    "uv": [5.859375,6.984375,7.90625,7.171875],
                    "texture": "#texture"
                },
                "east": {
                    "uv": [8.171875,7.078125,5.9375,7.234375],
                    "texture": "#texture"
                },
                "north": {
                    "uv": [8.125,6.984375,7.831249,7.2875004],
                    "texture": "#texture"
                },
                "south": {
                    "uv": [6.6312513,7.125,6.796875,7.2875004],
                    "texture": "#texture"
                }
            }
        },
        {
            "from": [6.8,9.6,7.7000003],
            "to": [8,9.799999,12.2],
            "faces": {
                "up": {
                    "uv": [11.8125,7.28125,14.671875,7.53125],
                    "texture": "#texture",
                    "rotation": 90
                },
                "down": {
                    "uv": [14.828125,7.2843723,11.875,7.5625],
                    "texture": "#texture",
                    "rotation": 90
                },
                "west": {
                    "uv": [11.4375,7.71875,12.25,8.234375],
                    "texture": "#texture"
                },
                "east": {
                    "uv": [12.109375,7.703125,11.3125,8.265625],
                    "texture": "#texture"
                },
                "north": {
                    "uv": [9.796875,6.828125,9.065624,7.203125],
                    "texture": "#texture"
                },
                "south": {
                    "uv": [7.4593763,6.9687533,7.90625,7.1875],
                    "texture": "#texture"
                }
            }
        },
        {
            "from": [7,9.5,5.2000012],
            "to": [7.7000003,9.700001,5.7],
            "faces": {
                "up": {
                    "uv": [11.8125,7.28125,14.671875,7.53125],
                    "texture": "#texture",
                    "rotation": 90
                },
                "down": {
                    "uv": [14.828125,7.2843723,11.875,7.5625],
                    "texture": "#texture",
                    "rotation": 90
                },
                "west": {
                    "uv": [11.4375,7.71875,12.25,8.234375],
                    "texture": "#texture"
                },
                "east": {
                    "uv": [12.109375,7.703125,11.3125,8.265625],
                    "texture": "#texture"
                },
                "north": {
                    "uv": [9.796875,6.828125,9.065624,7.203125],
                    "texture": "#texture"
                },
                "south": {
                    "uv": [9.271877,6.8125,9.84375,7.25],
                    "texture": "#texture"
                }
            }
        },
        {
            "from": [7,9.299999,5.4000015],
            "to": [7.7000003,9.5,5.8],
            "faces": {
                "up": {
                    "uv": [11.8125,7.28125,14.671875,7.53125],
                    "texture": "#texture",
                    "rotation": 90
                },
                "down": {
                    "uv": [14.828125,7.2843723,11.875,7.5625],
                    "texture": "#texture",
                    "rotation": 90
                },
                "west": {
                    "uv": [11.4375,7.71875,12.25,8.234375],
                    "texture": "#texture"
                },
                "east": {
                    "uv": [12.109375,7.703125,11.3125,8.265625],
                    "texture": "#texture"
                },
                "north": {
                    "uv": [9.796875,6.828125,9.065624,7.203125],
                    "texture": "#texture"
                },
                "south": {
                    "uv": [9.271877,6.8125,9.84375,7.25],
                    "texture": "#texture"
                }
            }
        },
        {
            "from": [7.1,9,5.6000013],
            "to": [7.6,9.3,5.9],
            "faces": {
                "up": {
                    "uv": [11.8125,7.28125,14.671875,7.53125],
                    "texture": "#texture",
                    "rotation": 90
                },
                "down": {
                    "uv": [14.828125,7.2843723,11.875,7.5625],
                    "texture": "#texture",
                    "rotation": 90
                },
                "west": {
                    "uv": [11.4375,7.71875,12.25,8.234375],
                    "texture": "#texture"
                },
                "east": {
                    "uv": [12.109375,7.703125,11.3125,8.265625],
                    "texture": "#texture"
                },
                "north": {
                    "uv": [9.796875,6.828125,9.065624,7.203125],
                    "texture": "#texture"
                },
                "south": {
                    "uv": [9.271877,6.8125,9.84375,7.25],
                    "texture": "#texture"
                }
            }
        },
        {
            "from": [7.1,8.7,5.7000003],
            "to": [7.6000004,9,6],
            "faces": {
                "up": {
                    "uv": [11.8125,7.28125,14.671875,7.53125],
                    "texture": "#texture",
                    "rotation": 90
                },
                "down": {
                    "uv": [14.828125,7.2843723,11.875,7.5625],
                    "texture": "#texture",
                    "rotation": 90
                },
                "west": {
                    "uv": [11.4375,7.71875,12.25,8.234375],
                    "texture": "#texture"
                },
                "east": {
                    "uv": [12.109375,7.703125,11.3125,8.265625],
                    "texture": "#texture"
                },
                "north": {
                    "uv": [9.796875,6.828125,9.065624,7.203125],
                    "texture": "#texture"
                },
                "south": {
                    "uv": [9.271877,6.8125,9.84375,7.25],
                    "texture": "#texture"
                }
            }
        },
        {
            "from": [7.1,8.5,5.900001],
            "to": [7.6000004,8.7,6.2000003],
            "faces": {
                "up": {
                    "uv": [11.8125,7.28125,14.671875,7.53125],
                    "texture": "#texture",
                    "rotation": 90
                },
                "down": {
                    "uv": [14.828125,7.2843723,11.875,7.5625],
                    "texture": "#texture",
                    "rotation": 90
                },
                "west": {
                    "uv": [11.4375,7.71875,12.25,8.234375],
                    "texture": "#texture"
                },
                "east": {
                    "uv": [12.109375,7.703125,11.3125,8.265625],
                    "texture": "#texture"
                },
                "north": {
                    "uv": [9.796875,6.828125,9.065624,7.203125],
                    "texture": "#texture"
                },
                "south": {
                    "uv": [9.271877,6.8125,9.84375,7.25],
                    "texture": "#texture"
                }
            }
        },
        {
            "from": [7.1,8.4,6],
            "to": [7.6000004,8.5,6.3],
            "faces": {
                "up": {
                    "uv": [11.8125,7.28125,14.671875,7.53125],
                    "texture": "#texture",
                    "rotation": 90
                },
                "down": {
                    "uv": [14.828125,7.2843723,11.875,7.5625],
                    "texture": "#texture",
                    "rotation": 90
                },
                "west": {
                    "uv": [11.4375,7.71875,12.25,8.234375],
                    "texture": "#texture"
                },
                "east": {
                    "uv": [12.109375,7.703125,11.3125,8.265625],
                    "texture": "#texture"
                },
                "north": {
                    "uv": [9.796875,6.828125,9.065624,7.203125],
                    "texture": "#texture"
                },
                "south": {
                    "uv": [9.271877,6.8125,9.84375,7.25],
                    "texture": "#texture"
                }
            }
        },
        {
            "from": [7.1,8.299999,6.2000003],
            "to": [7.600001,8.4,7.1],
            "faces": {
                "up": {
                    "uv": [11.8125,7.28125,14.671875,7.53125],
                    "texture": "#texture",
                    "rotation": 90
                },
                "down": {
                    "uv": [14.828125,7.2843723,11.875,7.5625],
                    "texture": "#texture",
                    "rotation": 90
                },
                "west": {
                    "uv": [11.4375,7.71875,12.25,8.234375],
                    "texture": "#texture"
                },
                "east": {
                    "uv": [12.109375,7.703125,11.3125,8.265625],
                    "texture": "#texture"
                },
                "north": {
                    "uv": [9.796875,6.828125,9.065624,7.203125],
                    "texture": "#texture"
                },
                "south": {
                    "uv": [9.271877,6.8125,9.84375,7.25],
                    "texture": "#texture"
                }
            }
        },
        {
            "from": [7.1,8.299999,7.1000004],
            "to": [7.600001,8.6,7.6],
            "faces": {
                "up": {
                    "uv": [11.8125,7.28125,14.671875,7.53125],
                    "texture": "#texture",
                    "rotation": 90
                },
                "down": {
                    "uv": [14.828125,7.2843723,11.875,7.5625],
                    "texture": "#texture",
                    "rotation": 90
                },
                "west": {
                    "uv": [11.4375,7.71875,12.25,8.234375],
                    "texture": "#texture"
                },
                "east": {
                    "uv": [12.109375,7.703125,11.3125,8.265625],
                    "texture": "#texture"
                },
                "north": {
                    "uv": [9.796875,6.828125,9.065624,7.203125],
                    "texture": "#texture"
                },
                "south": {
                    "uv": [9.271877,6.8125,9.84375,7.25],
                    "texture": "#texture"
                }
            }
        },
        {
            "from": [7.1,8.6,7.0000005],
            "to": [7.600001,8.900001,7.7000003],
            "faces": {
                "up": {
                    "uv": [11.8125,7.28125,14.671875,7.53125],
                    "texture": "#texture",
                    "rotation": 90
                },
                "down": {
                    "uv": [14.828125,7.2843723,11.875,7.5625],
                    "texture": "#texture",
                    "rotation": 90
                },
                "west": {
                    "uv": [11.4375,7.71875,12.25,8.234375],
                    "texture": "#texture"
                },
                "east": {
                    "uv": [12.109375,7.703125,11.3125,8.265625],
                    "texture": "#texture"
                },
                "north": {
                    "uv": [9.796875,6.828125,9.065624,7.203125],
                    "texture": "#texture"
                },
                "south": {
                    "uv": [9.271877,6.8125,9.84375,7.25],
                    "texture": "#texture"
                }
            }
        },
        {
            "from": [7.1,8.9,6.9],
            "to": [7.600001,9.200001,7.6],
            "faces": {
                "up": {
                    "uv": [11.8125,7.28125,14.671875,7.53125],
                    "texture": "#texture",
                    "rotation": 90
                },
                "down": {
                    "uv": [14.828125,7.2843723,11.875,7.5625],
                    "texture": "#texture",
                    "rotation": 90
                },
                "west": {
                    "uv": [11.4375,7.71875,12.25,8.234375],
                    "texture": "#texture"
                },
                "east": {
                    "uv": [12.109375,7.703125,11.3125,8.265625],
                    "texture": "#texture"
                },
                "north": {
                    "uv": [9.796875,6.828125,9.065624,7.203125],
                    "texture": "#texture"
                },
                "south": {
                    "uv": [9.271877,6.8125,9.84375,7.25],
                    "texture": "#texture"
                }
            }
        },
        {
            "from": [7,9.2,6.8],
            "to": [7.7000003,9.5,7.6],
            "faces": {
                "up": {
                    "uv": [11.8125,7.28125,14.671875,7.53125],
                    "texture": "#texture",
                    "rotation": 90
                },
                "down": {
                    "uv": [14.828125,7.2843723,11.875,7.5625],
                    "texture": "#texture",
                    "rotation": 90
                },
                "west": {
                    "uv": [11.4375,7.71875,12.25,8.234375],
                    "texture": "#texture"
                },
                "east": {
                    "uv": [12.109375,7.703125,11.3125,8.265625],
                    "texture": "#texture"
                },
                "north": {
                    "uv": [9.796875,6.828125,9.065624,7.203125],
                    "texture": "#texture"
                },
                "south": {
                    "uv": [9.271877,6.8125,9.84375,7.25],
                    "texture": "#texture"
                }
            }
        },
        {
            "from": [7,9.5,6.7000003],
            "to": [7.7000003,9.8,7.7000003],
            "faces": {
                "up": {
                    "uv": [11.8125,7.28125,14.671875,7.53125],
                    "texture": "#texture",
                    "rotation": 90
                },
                "down": {
                    "uv": [14.828125,7.2843723,11.875,7.5625],
                    "texture": "#texture",
                    "rotation": 90
                },
                "west": {
                    "uv": [11.4375,7.71875,12.25,8.234375],
                    "texture": "#texture"
                },
                "east": {
                    "uv": [12.109375,7.703125,11.3125,8.265625],
                    "texture": "#texture"
                },
                "north": {
                    "uv": [9.796875,6.828125,9.065624,7.203125],
                    "texture": "#texture"
                },
                "south": {
                    "uv": [9.271877,6.8125,9.84375,7.25],
                    "texture": "#texture"
                }
            }
        },
        {
            "from": [7.3,9.299999,6.5],
            "to": [7.4,9.700001,6.9],
            "faces": {
                "up": {
                    "uv": [11.8125,7.28125,14.671875,7.53125],
                    "texture": "#texture",
                    "rotation": 90
                },
                "down": {
                    "uv": [8.14375,7.9593706,8.0062475,8.1875],
                    "texture": "#texture",
                    "rotation": 90
                },
                "west": {
                    "uv": [7.9812574,7.9937468,8.1875,8.21875],
                    "texture": "#texture"
                },
                "east": {
                    "uv": [8.1375,7.9718733,7.987503,8.21875],
                    "texture": "#texture"
                },
                "north": {
                    "uv": [8.1375,7.965623,7.965624,8.20625],
                    "texture": "#texture"
                },
                "south": {
                    "uv": [9.271877,6.8125,9.84375,7.25],
                    "texture": "#texture"
                }
            }
        },
        {
            "from": [6.8,9.4,8.3],
            "to": [8,9.6,12.1],
            "faces": {
                "up": {
                    "uv": [11.8125,7.28125,14.671875,7.53125],
                    "texture": "#texture",
                    "rotation": 90
                },
                "down": {
                    "uv": [14.828125,7.2843723,11.875,7.5625],
                    "texture": "#texture",
                    "rotation": 90
                },
                "west": {
                    "uv": [11.4375,7.71875,12.25,8.234375],
                    "texture": "#texture"
                },
                "east": {
                    "uv": [12.109375,7.703125,11.3125,8.265625],
                    "texture": "#texture"
                },
                "north": {
                    "uv": [9.796875,6.828125,9.065624,7.203125],
                    "texture": "#texture"
                },
                "south": {
                    "uv": [7.534382,6.9749994,8.0625,7.2375],
                    "texture": "#texture"
                }
            }
        },
        {
            "from": [6.9,9.1,9.400001],
            "to": [7.9,9.400001,12],
            "faces": {
                "up": {
                    "uv": [11.8125,7.28125,14.671875,7.53125],
                    "texture": "#texture",
                    "rotation": 90
                },
                "down": {
                    "uv": [14.828125,7.2843723,11.875,7.5625],
                    "texture": "#texture",
                    "rotation": 90
                },
                "west": {
                    "uv": [11.4375,7.71875,12.25,8.234375],
                    "texture": "#texture"
                },
                "east": {
                    "uv": [12.109375,7.703125,11.3125,8.265625],
                    "texture": "#texture"
                },
                "north": {
                    "uv": [9.796875,6.828125,9.065624,7.203125],
                    "texture": "#texture"
                },
                "south": {
                    "uv": [7.653127,7.0125012,8.14375,7.25],
                    "texture": "#texture"
                }
            }
        },
        {
            "from": [7,8.9,10.1],
            "to": [7.8,9.200001,11.900001],
            "faces": {
                "up": {
                    "uv": [11.8125,7.28125,14.671875,7.53125],
                    "texture": "#texture",
                    "rotation": 90
                },
                "down": {
                    "uv": [14.828125,7.2843723,11.875,7.5625],
                    "texture": "#texture",
                    "rotation": 90
                },
                "west": {
                    "uv": [11.4375,7.71875,12.25,8.234375],
                    "texture": "#texture"
                },
                "east": {
                    "uv": [12.109375,7.703125,11.3125,8.265625],
                    "texture": "#texture"
                },
                "north": {
                    "uv": [9.796875,6.828125,9.065624,7.203125],
                    "texture": "#texture"
                },
                "south": {
                    "uv": [7.4031267,7.0250015,7.84375,7.2312503],
                    "texture": "#texture"
                }
            }
        },
        {
            "from": [7,8.7,10.7],
            "to": [7.8000007,8.900001,11.8],
            "faces": {
                "up": {
                    "uv": [11.8125,7.28125,14.671875,7.53125],
                    "texture": "#texture",
                    "rotation": 90
                },
                "down": {
                    "uv": [14.828125,7.2843723,11.875,7.5625],
                    "texture": "#texture",
                    "rotation": 90
                },
                "west": {
                    "uv": [11.4375,7.71875,12.25,8.234375],
                    "texture": "#texture"
                },
                "east": {
                    "uv": [12.109375,7.703125,11.3125,8.265625],
                    "texture": "#texture"
                },
                "north": {
                    "uv": [9.796875,6.828125,9.065624,7.203125],
                    "texture": "#texture"
                },
                "south": {
                    "uv": [7.453128,7,7.89375,7.20625],
                    "texture": "#texture"
                }
            }
        },
        {
            "from": [7,8.5,10.9],
            "to": [7.8000007,8.700001,11.6],
            "faces": {
                "up": {
                    "uv": [11.8125,7.28125,14.671875,7.53125],
                    "texture": "#texture",
                    "rotation": 90
                },
                "down": {
                    "uv": [14.828125,7.2843723,11.875,7.5625],
                    "texture": "#texture",
                    "rotation": 90
                },
                "west": {
                    "uv": [11.4375,7.71875,12.25,8.234375],
                    "texture": "#texture"
                },
                "east": {
                    "uv": [12.109375,7.703125,11.3125,8.265625],
                    "texture": "#texture"
                },
                "north": {
                    "uv": [9.796875,6.828125,9.065624,7.203125],
                    "texture": "#texture"
                },
                "south": {
                    "uv": [5.0093756,7.8437505,5.406247,8.049997],
                    "texture": "#texture"
                }
            }
        },
        {
            "from": [7,8.4,11.1],
            "to": [7.8000007,8.5,11.600001],
            "faces": {
                "up": {
                    "uv": [11.8125,7.28125,14.671875,7.53125],
                    "texture": "#texture",
                    "rotation": 90
                },
                "down": {
                    "uv": [14.828125,7.2843723,11.875,7.5625],
                    "texture": "#texture",
                    "rotation": 90
                },
                "west": {
                    "uv": [11.4375,7.71875,12.25,8.234375],
                    "texture": "#texture"
                },
                "east": {
                    "uv": [12.109375,7.703125,11.3125,8.265625],
                    "texture": "#texture"
                },
                "north": {
                    "uv": [9.796875,6.828125,9.065624,7.203125],
                    "texture": "#texture"
                },
                "south": {
                    "uv": [14.190627,7.1312523,14.54375,7.28125],
                    "texture": "#texture"
                }
            }
        },
        {
            "from": [7,8.299999,11],
            "to": [7.8000007,8.4,11.6],
            "faces": {
                "up": {
                    "uv": [11.8125,7.28125,14.671875,7.53125],
                    "texture": "#texture",
                    "rotation": 90
                },
                "down": {
                    "uv": [14.828125,7.2843723,11.875,7.5625],
                    "texture": "#texture",
                    "rotation": 90
                },
                "west": {
                    "uv": [11.4375,7.71875,12.25,8.234375],
                    "texture": "#texture"
                },
                "east": {
                    "uv": [12.109375,7.703125,11.3125,8.265625],
                    "texture": "#texture"
                },
                "north": {
                    "uv": [9.796875,6.828125,9.065624,7.203125],
                    "texture": "#texture"
                },
                "south": {
                    "uv": [9.271877,6.8125,9.84375,7.25],
                    "texture": "#texture"
                }
            }
        },
        {
            "from": [6.9,10.5,3.8999999],
            "to": [7.9,10.799999,12.1],
            "faces": {
                "up": {
                    "uv": [11.8125,7.28125,14.671875,7.53125],
                    "texture": "#texture",
                    "rotation": 90
                },
                "down": {
                    "uv": [14.828125,7.2843723,11.875,7.5625],
                    "texture": "#texture",
                    "rotation": 90
                },
                "west": {
                    "uv": [5.234375,6.84375,15.125,7.6875],
                    "texture": "#texture"
                },
                "east": {
                    "uv": [15.109375,6.859375,5.296875,7.6875],
                    "texture": "#texture"
                },
                "north": {
                    "uv": [8.125,6.984375,7.831249,7.2875004],
                    "texture": "#texture"
                },
                "south": {
                    "uv": [7.409374,7.0374985,7.8250003,7.2312503],
                    "texture": "#texture"
                }
            }
        },
        {
            "from": [6.9,9.9,12.299999],
            "to": [7.9,10.400001,12.400001],
            "faces": {
                "up": {
                    "uv": [11.8125,7.28125,14.671875,7.53125],
                    "texture": "#texture",
                    "rotation": 90
                },
                "down": {
                    "uv": [14.828125,7.2843723,11.875,7.5625],
                    "texture": "#texture",
                    "rotation": 90
                },
                "west": {
                    "uv": [11.4375,7.71875,12.25,8.234375],
                    "texture": "#texture"
                },
                "east": {
                    "uv": [12.109375,7.703125,11.3125,8.265625],
                    "texture": "#texture"
                },
                "north": {
                    "uv": [9.796875,6.828125,9.065624,7.203125],
                    "texture": "#texture"
                },
                "south": {
                    "uv": [7.2406282,7,7.5625,7.21875],
                    "texture": "#texture"
                }
            }
        },
        {
            "from": [7,10.5,12.1],
            "to": [7.8,10.7,12.200001],
            "faces": {
                "up": {
                    "uv": [11.8125,7.28125,14.671875,7.53125],
                    "texture": "#texture",
                    "rotation": 90
                },
                "down": {
                    "uv": [14.828125,7.2843723,11.875,7.5625],
                    "texture": "#texture",
                    "rotation": 90
                },
                "west": {
                    "uv": [11.4375,7.71875,12.25,8.234375],
                    "texture": "#texture"
                },
                "east": {
                    "uv": [12.109375,7.703125,11.3125,8.265625],
                    "texture": "#texture"
                },
                "north": {
                    "uv": [9.796875,6.828125,9.065624,7.203125],
                    "texture": "#texture"
                },
                "south": {
                    "uv": [7.359381,6.987502,7.7937503,7.2000003],
                    "texture": "#texture"
                }
            }
        },
        {
            "from": [7.2,8.799999,9.1],
            "to": [7.6,9.099999,10.1],
            "faces": {
                "up": {
                    "uv": [11.8125,7.28125,14.671875,7.53125],
                    "texture": "#texture",
                    "rotation": 90
                },
                "down": {
                    "uv": [14.828125,7.2843723,11.875,7.5625],
                    "texture": "#texture",
                    "rotation": 90
                },
                "west": {
                    "uv": [11.143748,8.662502,11.956248,9.178123],
                    "texture": "#texture"
                },
                "east": {
                    "uv": [11.971871,8.7593775,11.174996,9.3218775],
                    "texture": "#texture"
                },
                "north": {
                    "uv": [9.796875,6.828125,9.065624,7.203125],
                    "texture": "#texture"
                },
                "south": {
                    "uv": [9.271877,6.8125,9.84375,7.25],
                    "texture": "#texture"
                }
            }
        },
        {
            "from": [7.2,8.5,9],
            "to": [7.6,8.799999,10],
            "faces": {
                "up": {
                    "uv": [11.8125,7.28125,14.671875,7.53125],
                    "texture": "#texture",
                    "rotation": 90
                },
                "down": {
                    "uv": [14.828125,7.2843723,11.875,7.5625],
                    "texture": "#texture",
                    "rotation": 90
                },
                "west": {
                    "uv": [11.131249,8.774999,11.943749,9.290624],
                    "texture": "#texture"
                },
                "east": {
                    "uv": [11.903127,8.771873,11.106252,9.334373],
                    "texture": "#texture"
                },
                "north": {
                    "uv": [9.796875,6.828125,9.065624,7.203125],
                    "texture": "#texture"
                },
                "south": {
                    "uv": [9.271877,6.8125,9.84375,7.25],
                    "texture": "#texture"
                }
            }
        },
        {
            "from": [7.2,8.2,8.8],
            "to": [7.6,8.5,9.900001],
            "faces": {
                "up": {
                    "uv": [11.8125,7.28125,14.671875,7.53125],
                    "texture": "#texture",
                    "rotation": 90
                },
                "down": {
                    "uv": [14.828125,7.2843723,11.875,7.5625],
                    "texture": "#texture",
                    "rotation": 90
                },
                "west": {
                    "uv": [11.074989,9.106252,11.887489,9.621877],
                    "texture": "#texture"
                },
                "east": {
                    "uv": [11.896874,9.046878,11.099999,9.609378],
                    "texture": "#texture"
                },
                "north": {
                    "uv": [9.796875,6.828125,9.065624,7.203125],
                    "texture": "#texture"
                },
                "south": {
                    "uv": [9.271877,6.8125,9.84375,7.25],
                    "texture": "#texture"
                }
            }
        },
        {
            "from": [7.2,8,8.6],
            "to": [7.6,8.200001,9.7],
            "faces": {
                "up": {
                    "uv": [11.8125,7.28125,14.671875,7.53125],
                    "texture": "#texture",
                    "rotation": 90
                },
                "down": {
                    "uv": [14.828125,7.2843723,11.875,7.5625],
                    "texture": "#texture",
                    "rotation": 90
                },
                "west": {
                    "uv": [11.031251,9.099997,11.843751,9.615622],
                    "texture": "#texture"
                },
                "east": {
                    "uv": [11.784377,9.278127,10.987502,9.840623],
                    "texture": "#texture"
                },
                "north": {
                    "uv": [9.796875,6.828125,9.065624,7.203125],
                    "texture": "#texture"
                },
                "south": {
                    "uv": [9.271877,6.8125,9.84375,7.25],
                    "texture": "#texture"
                }
            }
        },
        {
            "from": [7.2,7.8,8.5],
            "to": [7.6,8,9.5],
            "faces": {
                "up": {
                    "uv": [11.8125,7.28125,14.671875,7.53125],
                    "texture": "#texture",
                    "rotation": 90
                },
                "down": {
                    "uv": [14.828125,7.2843723,11.875,7.5625],
                    "texture": "#texture",
                    "rotation": 90
                },
                "west": {
                    "uv": [10.962499,9.443746,11.774999,9.959371],
                    "texture": "#texture"
                },
                "east": {
                    "uv": [11.796875,9.278124,11,9.840624],
                    "texture": "#texture"
                },
                "north": {
                    "uv": [9.796875,6.828125,9.065624,7.203125],
                    "texture": "#texture"
                },
                "south": {
                    "uv": [9.271877,6.8125,9.84375,7.25],
                    "texture": "#texture"
                }
            }
        },
        {
            "from": [7.2,7.7,8.800001],
            "to": [7.6,7.8,9.400001],
            "faces": {
                "up": {
                    "uv": [11.8125,7.28125,14.671875,7.53125],
                    "texture": "#texture",
                    "rotation": 90
                },
                "down": {
                    "uv": [14.828125,7.2843723,11.875,7.5625],
                    "texture": "#texture",
                    "rotation": 90
                },
                "west": {
                    "uv": [10.931252,9.174996,11.743752,9.690621],
                    "texture": "#texture"
                },
                "east": {
                    "uv": [11.759373,9.365619,10.962498,9.928119],
                    "texture": "#texture"
                },
                "north": {
                    "uv": [9.796875,6.828125,9.065624,7.203125],
                    "texture": "#texture"
                },
                "south": {
                    "uv": [9.271877,6.8125,9.84375,7.25],
                    "texture": "#texture"
                }
            }
        },
        {
            "from": [7.2,7.5,9.000001],
            "to": [7.6,7.7,9.3],
            "faces": {
                "up": {
                    "uv": [11.8125,7.28125,14.671875,7.53125],
                    "texture": "#texture",
                    "rotation": 90
                },
                "down": {
                    "uv": [14.828125,7.2843723,11.875,7.5625],
                    "texture": "#texture",
                    "rotation": 90
                },
                "west": {
                    "uv": [10.899998,9.506253,11.712498,10.021878],
                    "texture": "#texture"
                },
                "east": {
                    "uv": [11.740623,9.453129,10.943748,10.015629],
                    "texture": "#texture"
                },
                "north": {
                    "uv": [9.796875,6.828125,9.065624,7.203125],
                    "texture": "#texture"
                },
                "south": {
                    "uv": [9.271877,6.8125,9.84375,7.25],
                    "texture": "#texture"
                }
            }
        },
        {
            "from": [7.2,9.1,9.200001],
            "to": [7.6,9.4,9.400001],
            "faces": {
                "up": {
                    "uv": [11.8125,7.28125,14.671875,7.53125],
                    "texture": "#texture",
                    "rotation": 90
                },
                "down": {
                    "uv": [14.828125,7.2843723,11.875,7.5625],
                    "texture": "#texture",
                    "rotation": 90
                },
                "west": {
                    "uv": [11.4375,7.71875,12.25,8.234375],
                    "texture": "#texture"
                },
                "east": {
                    "uv": [12.109375,7.703125,11.3125,8.265625],
                    "texture": "#texture"
                },
                "north": {
                    "uv": [9.796875,6.828125,9.065624,7.203125],
                    "texture": "#texture"
                },
                "south": {
                    "uv": [9.271877,6.8125,9.84375,7.25],
                    "texture": "#texture"
                }
            }
        }
    ],
	"display": {
	"thirdperson": {"rotation": [ 150, 180, -10], "translation": [ 0, 1,0 ], "scale": [ 2, 2, 2 ]},
	"firstperson": {"rotation": [ -5, -50, 0], "translation": [ -5, 0, 2 ], "scale": [ 5, 5, 5 ]},
	"gui": {"rotation": [ 0, 180, 0], "translation": [ -5, -8, 0 ], "scale": [ 5, 5, 5 ]},
	"ground": {"scale": [5, 5, 5 ]},
	"fixed": {"rotation": [ 0, 90, 0],"scale": [ 3, 3, 3 ]}
	}
}