{
    "__createdwith": "opl's Model Creator",
    "ambientocclusion": false,
    "textures": {
        "texture": "items/dye_powder_green",
        "particle": "items/dye_powder_green"
    },
    "elements": [
        {
            "from": [0.5,8,7],
            "to": [22,10,9],
            "faces": {
                "up": {
                    "uv": [0.5,16,4.125,0],
                    "texture": "#texture",
                    "rotation": 90
                },
                "down": {
                    "uv": [0.625,16,4.25,0],
                    "texture": "#texture",
                    "rotation": 90
                },
                "west": {
                    "uv": [9.625,6.75,12.625,9.5],
                    "texture": "#texture"
                },
                "east": {
                    "uv": [9.625,6.75,12.625,9.5],
                    "texture": "#texture"
                },
                "north": {
                    "uv": [0.625,0,4.25,16],
                    "texture": "#texture",
                    "rotation": 90
                },
                "south": {
                    "uv": [0.375,16,4.25,0],
                    "texture": "#texture",
                    "rotation": 90
                }
            }
        },
        {
            "from": [2.75,10.25,3.5],
            "to": [7.25,10.5,8.25],
            "faces": {
                "up": {
                    "uv": [5.1875,13.375,8.53125,10.6875],
                    "texture": "#texture",
                    "rotation": 90
                },
                "down": {
                    "uv": [5.1875,13.21875,8.4375,10.65625],
                    "texture": "#texture",
                    "rotation": 90
                },
                "west": {
                    "uv": [5.28125,1.84375,5.84375,4.78125],
                    "texture": "#texture"
                },
                "east": {
                    "uv": [6.25,2.28125,6.71875,4.875],
                    "texture": "#texture"
                },
                "north": {
                    "uv": [0.625,0,4.25,16],
                    "texture": "#texture",
                    "rotation": 90
                },
                "south": {
                    "uv": [0.375,16,4.25,0],
                    "texture": "#texture",
                    "rotation": 90
                }
            }
        },
        {
            "from": [0.75,7.75,7.5],
            "to": [22,10.25,8.5],
            "faces": {
                "up": {
                    "uv": [0.5,16,4.125,0],
                    "texture": "#texture",
                    "rotation": 90
                },
                "down": {
                    "uv": [0.625,16,4.25,0],
                    "texture": "#texture",
                    "rotation": 90
                },
                "west": {
                    "uv": [9.625,6.75,12.625,9.5],
                    "texture": "#texture"
                },
                "east": {
                    "uv": [9.625,6.75,12.625,9.5],
                    "texture": "#texture"
                },
                "north": {
                    "uv": [0.625,0,4.25,16],
                    "texture": "#texture",
                    "rotation": 90
                },
                "south": {
                    "uv": [0.375,16,4.25,0],
                    "texture": "#texture",
                    "rotation": 90
                }
            }
        },
        {
            "from": [0.75,8.5,6.75],
            "to": [22,9.5,9.25],
            "faces": {
                "up": {
                    "uv": [0.5,16,4.125,0],
                    "texture": "#texture",
                    "rotation": 90
                },
                "down": {
                    "uv": [0.625,16,4.25,0],
                    "texture": "#texture",
                    "rotation": 90
                },
                "west": {
                    "uv": [9.625,6.75,12.625,9.5],
                    "texture": "#texture"
                },
                "east": {
                    "uv": [9.625,6.75,12.625,9.5],
                    "texture": "#texture"
                },
                "north": {
                    "uv": [0.625,0,4.25,16],
                    "texture": "#texture",
                    "rotation": 90
                },
                "south": {
                    "uv": [0.375,16,4.25,0],
                    "texture": "#texture",
                    "rotation": 90
                }
            }
        },
        {
            "from": [2.75,10.5,8],
            "to": [7.25,13,8.25],
            "faces": {
                "up": {
                    "uv": [5.1875,2.59375,8.28125,1.9375],
                    "texture": "#texture",
                    "rotation": 90
                },
                "down": {
                    "uv": [5.1875,13.21875,8.4375,10.65625],
                    "texture": "#texture",
                    "rotation": 90
                },
                "west": {
                    "uv": [5.28125,1.84375,5.84375,4.78125],
                    "texture": "#texture"
                },
                "east": {
                    "uv": [6.25,2.28125,6.71875,4.875],
                    "texture": "#texture"
                },
                "north": {
                    "uv": [5.125,5.875,8.53125,10.875],
                    "texture": "#texture",
                    "rotation": 90
                },
                "south": {
                    "uv": [5.125,10.875,8.5,5.875],
                    "texture": "#texture",
                    "rotation": 90
                }
            }
        },
        {
            "from": [2.75,10.5,3.5],
            "to": [7.25,13,3.75],
            "faces": {
                "up": {
                    "uv": [5.1875,2.59375,8.28125,1.9375],
                    "texture": "#texture",
                    "rotation": 90
                },
                "down": {
                    "uv": [5.1875,13.21875,8.4375,10.65625],
                    "texture": "#texture",
                    "rotation": 90
                },
                "west": {
                    "uv": [5.28125,1.84375,5.84375,4.78125],
                    "texture": "#texture"
                },
                "east": {
                    "uv": [6.25,2.28125,6.71875,4.875],
                    "texture": "#texture"
                },
                "north": {
                    "uv": [5.125,5.875,8.53125,10.875],
                    "texture": "#texture",
                    "rotation": 90
                },
                "south": {
                    "uv": [5.125,10.875,8.5,5.875],
                    "texture": "#texture",
                    "rotation": 90
                }
            }
        },
        {
            "from": [22.25,7.8,6.8],
            "to": [23.5,10.2,9.2],
            "faces": {
                "up": {
                    "uv": [0.5,16,4.125,0],
                    "texture": "#texture",
                    "rotation": 90
                },
                "down": {
                    "uv": [0.625,16,4.25,0],
                    "texture": "#texture",
                    "rotation": 90
                },
                "west": {
                    "uv": [9.625,6.75,12.625,9.5],
                    "texture": "#texture"
                },
                "east": {
                    "uv": [9.625,6.75,12.625,9.5],
                    "texture": "#texture"
                },
                "north": {
                    "uv": [0.625,0,4.25,16],
                    "texture": "#texture",
                    "rotation": 90
                },
                "south": {
                    "uv": [0.375,16,4.25,0],
                    "texture": "#texture",
                    "rotation": 90
                }
            }
        },
        {
            "from": [22,7.75,6.75],
            "to": [23.25,10.25,9.25],
            "faces": {
                "up": {
                    "uv": [0.5,16,4.125,0],
                    "texture": "#texture",
                    "rotation": 90
                },
                "down": {
                    "uv": [0.625,16,4.25,0],
                    "texture": "#texture",
                    "rotation": 90
                },
                "west": {
                    "uv": [9.625,6.75,12.625,9.5],
                    "texture": "#texture"
                },
                "east": {
                    "uv": [9.625,6.75,12.625,9.5],
                    "texture": "#texture"
                },
                "north": {
                    "uv": [0.625,0,4.25,16],
                    "texture": "#texture",
                    "rotation": 90
                },
                "south": {
                    "uv": [0.375,16,4.25,0],
                    "texture": "#texture",
                    "rotation": 90
                }
            }
        },
        {
            "from": [22,7.5,7.25],
            "to": [23.25,10.5,8.75],
            "faces": {
                "up": {
                    "uv": [0.5,16,4.125,0],
                    "texture": "#texture",
                    "rotation": 90
                },
                "down": {
                    "uv": [0.625,16,4.25,0],
                    "texture": "#texture",
                    "rotation": 90
                },
                "west": {
                    "uv": [9.625,6.75,12.625,9.5],
                    "texture": "#texture"
                },
                "east": {
                    "uv": [9.625,6.75,12.625,9.5],
                    "texture": "#texture"
                },
                "north": {
                    "uv": [0.625,0,4.25,16],
                    "texture": "#texture",
                    "rotation": 90
                },
                "south": {
                    "uv": [0.375,16,4.25,0],
                    "texture": "#texture",
                    "rotation": 90
                }
            }
        },
        {
            "from": [22,8.25,6.5],
            "to": [23.25,9.75,9.5],
            "faces": {
                "up": {
                    "uv": [0.5,16,4.125,0],
                    "texture": "#texture",
                    "rotation": 90
                },
                "down": {
                    "uv": [0.625,16,4.25,0],
                    "texture": "#texture",
                    "rotation": 90
                },
                "west": {
                    "uv": [9.625,6.75,12.625,9.5],
                    "texture": "#texture"
                },
                "east": {
                    "uv": [9.625,6.75,12.625,9.5],
                    "texture": "#texture"
                },
                "north": {
                    "uv": [0.625,0,4.25,16],
                    "texture": "#texture",
                    "rotation": 90
                },
                "south": {
                    "uv": [0.375,16,4.25,0],
                    "texture": "#texture",
                    "rotation": 90
                }
            }
        },
        {
            "from": [5,9.499999,9.099999],
            "to": [7.5,11.4,9.2],
            "faces": {
                "up": {
                    "uv": [5.1875,2.59375,8.28125,1.9375],
                    "texture": "#texture",
                    "rotation": 90
                },
                "down": {
                    "uv": [5.1875,13.21875,8.4375,10.65625],
                    "texture": "#texture",
                    "rotation": 90
                },
                "west": {
                    "uv": [5.28125,1.84375,5.84375,4.78125],
                    "texture": "#texture"
                },
                "east": {
                    "uv": [6.25,2.28125,6.71875,4.875],
                    "texture": "#texture"
                },
                "north": {
                    "uv": [0.4375,5.6875,3.84375,10.6875],
                    "texture": "#texture",
                    "rotation": 90
                },
                "south": {
                    "uv": [0.625,10.78125,4,5.78125],
                    "texture": "#texture",
                    "rotation": 90
                }
            }
        },
        {
            "from": [4.55,11.4,8.9],
            "to": [8.5,11.9,9.400001],
            "faces": {
                "up": {
                    "uv": [0.90625,10.5625,3.46875,7.53125],
                    "texture": "#texture",
                    "rotation": 90
                },
                "down": {
                    "uv": [0.78125,8.625,4.03125,6.0625],
                    "texture": "#texture",
                    "rotation": 90
                },
                "west": {
                    "uv": [9.59375,6.6875,12.53125,9.625],
                    "texture": "#texture"
                },
                "east": {
                    "uv": [9.46875,6.625,12.625,9.53125],
                    "texture": "#texture"
                },
                "north": {
                    "uv": [0.4375,5.6875,3.84375,10.6875],
                    "texture": "#texture",
                    "rotation": 90
                },
                "south": {
                    "uv": [0.625,10.78125,4,5.78125],
                    "texture": "#texture",
                    "rotation": 90
                }
            }
        },
        {
            "from": [1.5500002,5.75,7.5],
            "to": [6,7.75,8.5],
            "faces": {
                "up": {
                    "uv": [5.1875,2.59375,8.28125,1.9375],
                    "texture": "#texture",
                    "rotation": 90
                },
                "down": {
                    "uv": [0.8125,9.375,4.0625,6.8125],
                    "texture": "#texture",
                    "rotation": 90
                },
                "west": {
                    "uv": [2.53125,7.6875,3.09375,10.625],
                    "texture": "#texture"
                },
                "east": {
                    "uv": [6.25,2.28125,6.71875,4.875],
                    "texture": "#texture"
                },
                "north": {
                    "uv": [0.4375,5.6875,3.84375,10.6875],
                    "texture": "#texture"
                },
                "south": {
                    "uv": [0.625,10.78125,4,5.78125],
                    "texture": "#texture"
                }
            }
        },
        {
            "from": [6,4.75,7.75],
            "to": [7,7.75,8.25],
            "faces": {
                "up": {
                    "uv": [5.1875,2.59375,8.28125,1.9375],
                    "texture": "#texture",
                    "rotation": 90
                },
                "down": {
                    "uv": [0.8125,9.375,4.0625,6.8125],
                    "texture": "#texture",
                    "rotation": 90
                },
                "west": {
                    "uv": [2.53125,7.6875,3.09375,10.625],
                    "texture": "#texture"
                },
                "east": {
                    "uv": [6.25,2.28125,6.71875,4.875],
                    "texture": "#texture"
                },
                "north": {
                    "uv": [0.4375,5.6875,3.84375,10.6875],
                    "texture": "#texture"
                },
                "south": {
                    "uv": [0.625,10.78125,4,5.78125],
                    "texture": "#texture",
                    "rotation": 90
                }
            }
        },
        {
            "from": [9.75,4,7.5],
            "to": [11.25,7.75,8.5],
            "faces": {
                "up": {
                    "uv": [5.1875,2.59375,8.28125,1.9375],
                    "texture": "#texture",
                    "rotation": 90
                },
                "down": {
                    "uv": [0.8125,9.375,4.0625,6.8125],
                    "texture": "#texture",
                    "rotation": 90
                },
                "west": {
                    "uv": [2.53125,7.6875,3.09375,10.625],
                    "texture": "#texture"
                },
                "east": {
                    "uv": [6.25,2.28125,6.71875,4.875],
                    "texture": "#texture"
                },
                "north": {
                    "uv": [0.4375,5.6875,3.84375,10.6875],
                    "texture": "#texture"
                },
                "south": {
                    "uv": [0.625,10.78125,4,5.78125],
                    "texture": "#texture"
                }
            }
        },
        {
            "from": [7.05,6.25,7.5],
            "to": [9.75,7.75,8.5],
            "faces": {
                "up": {
                    "uv": [5.1875,2.59375,8.28125,1.9375],
                    "texture": "#texture",
                    "rotation": 90
                },
                "down": {
                    "uv": [0.8125,9.375,4.0625,6.8125],
                    "texture": "#texture",
                    "rotation": 90
                },
                "west": {
                    "uv": [2.53125,7.6875,3.09375,10.625],
                    "texture": "#texture"
                },
                "east": {
                    "uv": [6.25,2.28125,6.71875,4.875],
                    "texture": "#texture"
                },
                "north": {
                    "uv": [0.4375,5.6875,3.84375,10.6875],
                    "texture": "#texture"
                },
                "south": {
                    "uv": [0.625,10.78125,4,5.78125],
                    "texture": "#texture"
                }
            }
        },
        {
            "from": [15.299999,7.25,9.25],
            "to": [21,10.75,10.25],
            "faces": {
                "up": {
                    "uv": [5.1875,2.59375,8.28125,1.9375],
                    "texture": "#texture",
                    "rotation": 90
                },
                "down": {
                    "uv": [0.8125,9.375,4.0625,6.8125],
                    "texture": "#texture",
                    "rotation": 90
                },
                "west": {
                    "uv": [2.53125,7.6875,3.09375,10.625],
                    "texture": "#texture"
                },
                "east": {
                    "uv": [6.25,2.28125,6.71875,4.875],
                    "texture": "#texture"
                },
                "north": {
                    "uv": [0.4375,5.6875,3.84375,10.6875],
                    "texture": "#texture",
                    "rotation": 90
                },
                "south": {
                    "uv": [0.625,10.78125,4,5.78125],
                    "texture": "#texture"
                }
            }
        }
    ],
	"display": {
	"thirdperson": {"rotation": [ -10, 110, -130], "translation": [ -1.5, -3.5, -2.2 ], "scale": [ 2, 2, 2 ]},
	"firstperson": {"rotation": [ 0, -130, 0], "translation": [ 0, 4, -2 ], "scale": [ 4, 4, 4 ]},
	"gui": {"rotation": [ -20, 180, -40 ], "translation": [ 0, 0, 0 ], "scale": [ 2.5, 2.5, 2.5 ]},
	"ground": {"scale": [6, 6, 6 ]},
	"fixed": {"scale": [ 2, 2, 2 ]}
	}
}