{
    "__createdwith": "opl's Model Creator",
    "ambientocclusion": false,
    "textures": {
        "texture": "items/dye_powder_red",
        "particle": "items/dye_powder_red"
    },
    "elements": [
        {
            "from": [6.7000003,8.799999,7.4],
            "to": [15.900001,9,7.6],
            "faces": {
                "up": {
                    "uv": [8.35,3.074999,14.874998,3.375],
                    "texture": "#texture"
                },
                "down": {
                    "uv": [8.3125,3.0374994,14.824999,3.4375],
                    "texture": "#texture"
                },
                "west": {
                    "uv": [1.3499999,3.8500004,1.8125,4.125],
                    "texture": "#texture"
                },
                "east": {
                    "uv": [6.925,10.150001,7.2000003,10.35],
                    "texture": "#texture"
                },
                "north": {
                    "uv": [14.912498,2.9875002,8.25,3.4375],
                    "texture": "#texture"
                },
                "south": {
                    "uv": [8.3125,3.0750008,14.924999,3.4375],
                    "texture": "#texture"
                }
            }
        },
        {
            "from": [6.7,8,7.2],
            "to": [10.900001,8.799999,7.8],
            "faces": {
                "up": {
                    "uv": [8.35,3.074999,14.874998,3.375],
                    "texture": "#texture"
                },
                "down": {
                    "uv": [8.3125,3.0374994,14.824999,3.4375],
                    "texture": "#texture"
                },
                "west": {
                    "uv": [1.3499999,3.8500004,1.8125,4.125],
                    "texture": "#texture"
                },
                "east": {
                    "uv": [6.925,10.150001,7.2000003,10.35],
                    "texture": "#texture"
                },
                "north": {
                    "uv": [11.650002,11.062505,2.3375,12.4125],
                    "texture": "#texture"
                },
                "south": {
                    "uv": [2.4125001,11.075001,11.581249,12.337501],
                    "texture": "#texture"
                }
            }
        },
        {
            "from": [6.1999993,9.5,7.3],
            "to": [8.6,9.9,7.7],
            "faces": {
                "up": {
                    "uv": [2.2625003,9.737496,6.7875,10.337501],
                    "texture": "#texture"
                },
                "down": {
                    "uv": [8.3125,3.0374994,14.824999,3.4375],
                    "texture": "#texture"
                },
                "west": {
                    "uv": [1.3499999,3.8500004,1.8125,4.125],
                    "texture": "#texture"
                },
                "east": {
                    "uv": [6.925,10.150001,7.2000003,10.35],
                    "texture": "#texture"
                },
                "north": {
                    "uv": [6.7999997,9.80001,2.3000016,10.3875],
                    "texture": "#texture"
                },
                "south": {
                    "uv": [1.6625,9.7875,6.125,10.375],
                    "texture": "#texture"
                }
            }
        },
        {
            "from": [6.699999,9,7.4],
            "to": [8.2,9.5,7.6],
            "faces": {
                "up": {
                    "uv": [0.18749976,9.474999,8.4125,10.712501],
                    "texture": "#texture"
                },
                "down": {
                    "uv": [8.3125,3.0374994,14.824999,3.4375],
                    "texture": "#texture"
                },
                "west": {
                    "uv": [1.3499999,3.8500004,1.8125,4.125],
                    "texture": "#texture"
                },
                "east": {
                    "uv": [6.925,10.150001,7.2000003,10.35],
                    "texture": "#texture"
                },
                "north": {
                    "uv": [5.375,10.137512,2.8125,11.25],
                    "texture": "#texture"
                },
                "south": {
                    "uv": [2.687501,10.2750025,5.4625,11.125],
                    "texture": "#texture"
                }
            }
        },
        {
            "from": [8.6,9.4,7.2000003],
            "to": [10.8,10,7.8],
            "faces": {
                "up": {
                    "uv": [6.8375,9.599996,8.4375,10.625],
                    "texture": "#texture"
                },
                "down": {
                    "uv": [7,9.537495,8.4625,10.5375],
                    "texture": "#texture"
                },
                "west": {
                    "uv": [1.3499999,3.8500004,1.8125,4.125],
                    "texture": "#texture"
                },
                "east": {
                    "uv": [6.925,10.150001,7.2000003,10.35],
                    "texture": "#texture"
                },
                "north": {
                    "uv": [8.462501,9.500005,7.050005,10.6625],
                    "texture": "#texture"
                },
                "south": {
                    "uv": [7.0750046,9.687497,8.462501,10.625],
                    "texture": "#texture"
                }
            }
        },
        {
            "from": [5.1,9.4,7.2000003],
            "to": [6.200001,10,7.8],
            "faces": {
                "up": {
                    "uv": [6.8375,9.599996,8.4375,10.625],
                    "texture": "#texture"
                },
                "down": {
                    "uv": [7,9.537495,8.4625,10.5375],
                    "texture": "#texture"
                },
                "west": {
                    "uv": [1.3499999,3.8500004,1.8125,4.125],
                    "texture": "#texture"
                },
                "east": {
                    "uv": [6.925,10.150001,7.2000003,10.35],
                    "texture": "#texture"
                },
                "north": {
                    "uv": [8.462501,9.500005,7.050005,10.6625],
                    "texture": "#texture"
                },
                "south": {
                    "uv": [7.0750046,9.687497,8.462501,10.625],
                    "texture": "#texture"
                }
            }
        },
        {
            "from": [6.099999,7.3999996,7.3],
            "to": [7.0000005,8,7.7000003],
            "faces": {
                "up": {
                    "uv": [0.18749976,9.474999,8.4125,10.712501],
                    "texture": "#texture"
                },
                "down": {
                    "uv": [3.3124995,10.487497,4.8250003,10.975],
                    "texture": "#texture"
                },
                "west": {
                    "uv": [1.3499999,3.8500004,1.8125,4.125],
                    "texture": "#texture"
                },
                "east": {
                    "uv": [6.925,10.150001,7.2000003,10.35],
                    "texture": "#texture"
                },
                "north": {
                    "uv": [2.4125001,11.97501,0,13.337501],
                    "texture": "#texture"
                },
                "south": {
                    "uv": [0.05000031,11.5374975,2.3375,13.337501],
                    "texture": "#texture"
                }
            }
        },
        {
            "from": [6.999999,7.0999994,7.3],
            "to": [7.9,8,7.700001],
            "faces": {
                "up": {
                    "uv": [0.18749976,9.474999,8.4125,10.712501],
                    "texture": "#texture"
                },
                "down": {
                    "uv": [3.3124995,10.487497,4.8250003,10.975],
                    "texture": "#texture"
                },
                "west": {
                    "uv": [1.3499999,3.8500004,1.8125,4.125],
                    "texture": "#texture"
                },
                "east": {
                    "uv": [6.925,10.150001,7.2000003,10.35],
                    "texture": "#texture"
                },
                "north": {
                    "uv": [4.4625,11.912511,2.875,13.25],
                    "texture": "#texture"
                },
                "south": {
                    "uv": [2.812499,11.425001,4.399999,13.250006],
                    "texture": "#texture"
                }
            }
        },
        {
            "from": [4.7000003,8,7.2000003],
            "to": [6.7,8.9,7.8],
            "faces": {
                "up": {
                    "uv": [4.124999,4.4125,5.7875,5.125],
                    "texture": "#texture"
                },
                "down": {
                    "uv": [3.3124995,10.487497,4.8250003,10.975],
                    "texture": "#texture"
                },
                "west": {
                    "uv": [1.3499999,3.8500004,1.8125,4.125],
                    "texture": "#texture"
                },
                "east": {
                    "uv": [6.925,10.150001,7.2000003,10.35],
                    "texture": "#texture"
                },
                "north": {
                    "uv": [8.15,3.6625075,2.5875,4.375],
                    "texture": "#texture"
                },
                "south": {
                    "uv": [2.500002,3.762497,8.212501,4.4625],
                    "texture": "#texture"
                }
            }
        },
        {
            "from": [3.1000001,7.2,7.3],
            "to": [6.1,8.000001,7.7000003],
            "faces": {
                "up": {
                    "uv": [4.124999,4.4125,5.7875,5.125],
                    "texture": "#texture"
                },
                "down": {
                    "uv": [3.3124995,10.487497,4.8250003,10.975],
                    "texture": "#texture"
                },
                "west": {
                    "uv": [1.3499999,3.8500004,1.8125,4.125],
                    "texture": "#texture"
                },
                "east": {
                    "uv": [6.925,10.150001,7.2000003,10.35],
                    "texture": "#texture"
                },
                "north": {
                    "uv": [8.15,3.6625075,6,5.9625],
                    "texture": "#texture"
                },
                "south": {
                    "uv": [6.0375,3.762497,8.212501,6.3375],
                    "texture": "#texture"
                }
            }
        },
        {
            "from": [3.1000001,8,7.3],
            "to": [4.7000003,8.6,7.700001],
            "faces": {
                "up": {
                    "uv": [4.124999,4.4125,5.7875,5.125],
                    "texture": "#texture"
                },
                "down": {
                    "uv": [3.3124995,10.487497,4.8250003,10.975],
                    "texture": "#texture"
                },
                "west": {
                    "uv": [1.3499999,3.8500004,1.8125,4.125],
                    "texture": "#texture"
                },
                "east": {
                    "uv": [6.925,10.150001,7.2000003,10.35],
                    "texture": "#texture"
                },
                "north": {
                    "uv": [5.625,3.9000068,3.2374988,5.4625],
                    "texture": "#texture"
                },
                "south": {
                    "uv": [3.3125012,3.7999969,5.4125,5.5],
                    "texture": "#texture"
                }
            }
        },
        {
            "from": [2.4,6.8999996,7.3],
            "to": [3.1000001,8.699999,7.700001],
            "faces": {
                "up": {
                    "uv": [4.124999,4.4125,5.7875,5.125],
                    "texture": "#texture"
                },
                "down": {
                    "uv": [3.3124995,10.487497,4.8250003,10.975],
                    "texture": "#texture"
                },
                "west": {
                    "uv": [1.3499999,3.8500004,1.8125,4.125],
                    "texture": "#texture"
                },
                "east": {
                    "uv": [6.925,10.150001,7.2000003,10.35],
                    "texture": "#texture"
                },
                "north": {
                    "uv": [3.25,3.3625045,1.1749995,6.4125],
                    "texture": "#texture"
                },
                "south": {
                    "uv": [1.2875016,3.3374968,3.2125,6.2875],
                    "texture": "#texture"
                }
            }
        },
        {
            "from": [15.900001,8.7,7.3],
            "to": [16.7,9.1,7.7000003],
            "faces": {
                "up": {
                    "uv": [8.35,3.074999,14.874998,3.375],
                    "texture": "#texture"
                },
                "down": {
                    "uv": [8.3125,3.0374994,14.824999,3.4375],
                    "texture": "#texture"
                },
                "west": {
                    "uv": [1.3499999,3.8500004,1.8125,4.125],
                    "texture": "#texture"
                },
                "east": {
                    "uv": [6.925,10.150001,7.2000003,10.35],
                    "texture": "#texture"
                },
                "north": {
                    "uv": [14.912498,2.9875002,8.25,3.4375],
                    "texture": "#texture"
                },
                "south": {
                    "uv": [8.3125,3.0750008,14.924999,3.4375],
                    "texture": "#texture"
                }
            }
        },
        {
            "from": [8.500001,7.8,7.6000004],
            "to": [11.200001,7.8999996,7.7000003],
            "faces": {
                "up": {
                    "uv": [8.35,3.074999,14.874998,3.375],
                    "texture": "#texture"
                },
                "down": {
                    "uv": [8.3125,3.0374994,14.824999,3.4375],
                    "texture": "#texture"
                },
                "west": {
                    "uv": [1.3499999,3.8500004,1.8125,4.125],
                    "texture": "#texture"
                },
                "east": {
                    "uv": [6.925,10.150001,7.2000003,10.35],
                    "texture": "#texture"
                },
                "north": {
                    "uv": [12.724998,12.724997,7.9125,12.962501],
                    "texture": "#texture"
                },
                "south": {
                    "uv": [7.9125004,12.625002,12.6625,12.962501],
                    "texture": "#texture"
                }
            }
        },
        {
            "from": [8.500001,7.8,7.3],
            "to": [11.200001,7.8999996,7.4],
            "faces": {
                "up": {
                    "uv": [8.35,3.074999,14.874998,3.375],
                    "texture": "#texture"
                },
                "down": {
                    "uv": [8.3125,3.0374994,14.824999,3.4375],
                    "texture": "#texture"
                },
                "west": {
                    "uv": [1.3499999,3.8500004,1.8125,4.125],
                    "texture": "#texture"
                },
                "east": {
                    "uv": [6.925,10.150001,7.2000003,10.35],
                    "texture": "#texture"
                },
                "north": {
                    "uv": [12.724998,12.724997,7.9125,12.962501],
                    "texture": "#texture"
                },
                "south": {
                    "uv": [7.9125004,12.625002,12.6625,12.962501],
                    "texture": "#texture"
                }
            }
        },
        {
            "from": [10.9,7.7,7.2000003],
            "to": [11.3,8.299999,7.8],
            "faces": {
                "up": {
                    "uv": [8.35,3.074999,14.874998,3.375],
                    "texture": "#texture"
                },
                "down": {
                    "uv": [8.3125,3.0374994,14.824999,3.4375],
                    "texture": "#texture"
                },
                "west": {
                    "uv": [1.3499999,3.8500004,1.8125,4.125],
                    "texture": "#texture"
                },
                "east": {
                    "uv": [6.925,10.150001,7.2000003,10.35],
                    "texture": "#texture"
                },
                "north": {
                    "uv": [12.6625,11.875,11.325004,12.9875],
                    "texture": "#texture"
                },
                "south": {
                    "uv": [11.325003,11.875,12.5375,12.950001],
                    "texture": "#texture"
                }
            }
        }
    ],
	"display": {
	"thirdperson": {"rotation": [ 190, 90, -30], "translation": [ 0.5, 2, -3 ], "scale": [ 2, 2, 2 ]},
	"firstperson": {"rotation": [ 5, 40, 0], "translation": [ -2, 5, -1.2 ], "scale": [ 5, 5, 5 ]},
	"gui": {"rotation": [ 90, 270, 0], "translation": [ 0, 0, 0 ], "scale": [ 4, 4, 4 ]},
	"ground": {"scale": [5, 5, 5 ]},
	"fixed": {"scale": [ 2, 2, 2 ]}
	}
}