{
    "__createdwith": "opl's Model Creator",
    "ambientocclusion": false,
    "textures": {
        "texture": "items/dye_powder_brown",
        "particle": "items/dye_powder_brown"
    },
    "elements": [
        {
            "from": [7.9,7.8,10.5],
            "to": [8.2,8.099999,15.5],
            "faces": {
                "up": {
                    "uv": [11.875,0.75,15.625,1],
                    "texture": "#texture",
                    "rotation": 90
                },
                "down": {
                    "uv": [12.03125,0.75,13.625,1],
                    "texture": "#texture"
                },
                "west": {
                    "uv": [12,0.75,15.625,1],
                    "texture": "#texture"
                },
                "east": {
                    "uv": [15.625,0.75,11.875,1],
                    "texture": "#texture"
                },
                "north": {
                    "uv": [4.875,0.84375,4.5,1.28125],
                    "texture": "#texture"
                },
                "south": {
                    "uv": [14.875,0.75,15,0.875],
                    "texture": "#texture"
                }
            }
        },
        {
            "from": [8,8.1,15.3],
            "to": [8.1,9.1,16.300001],
            "faces": {
                "down": {
                    "uv": [12.03125,0.75,13.625,1],
                    "texture": "#texture"
                },
                "west": {
                    "uv": [14.875,0,15.5,0.75],
                    "texture": "#texture"
                },
                "east": {
                    "uv": [15.5,0,14.875,0.75],
                    "texture": "#texture"
                },
                "south": {
                    "uv": [14.875,0.75,15,0.875],
                    "texture": "#texture"
                }
            }
        },
        {
            "from": [7.9,8.5,10.5],
            "to": [8.2,8.799999,11.8],
            "faces": {
                "up": {
                    "uv": [11.875,0.75,15.625,1],
                    "texture": "#texture",
                    "rotation": 90
                },
                "down": {
                    "uv": [12.03125,0.75,13.625,1],
                    "texture": "#texture"
                },
                "west": {
                    "uv": [12,0.75,15.625,1],
                    "texture": "#texture"
                },
                "east": {
                    "uv": [15.625,0.75,11.875,1],
                    "texture": "#texture"
                },
                "north": {
                    "uv": [4.875,0.84375,4.5,1.28125],
                    "texture": "#texture"
                },
                "south": {
                    "uv": [14.075,0.77500004,14.275001,0.875],
                    "texture": "#texture"
                }
            }
        },
        {
            "from": [7.9,8.1,12.3],
            "to": [8.2,8.2,12.5],
            "faces": {
                "up": {
                    "uv": [11.875,0.75,15.625,1],
                    "texture": "#texture",
                    "rotation": 90
                },
                "down": {
                    "uv": [12.03125,0.75,13.625,1],
                    "texture": "#texture"
                },
                "west": {
                    "uv": [12,0.75,15.625,1],
                    "texture": "#texture"
                },
                "east": {
                    "uv": [15.625,0.75,11.875,1],
                    "texture": "#texture"
                },
                "north": {
                    "uv": [4.875,0.84375,4.5,1.28125],
                    "texture": "#texture"
                },
                "south": {
                    "uv": [14.075,0.77500004,14.275001,0.875],
                    "texture": "#texture"
                }
            }
        },
        {
            "from": [7.9,8.4,11.8],
            "to": [8.2,8.7,12],
            "faces": {
                "up": {
                    "uv": [11.875,0.75,15.625,1],
                    "texture": "#texture",
                    "rotation": 90
                },
                "down": {
                    "uv": [12.03125,0.75,13.625,1],
                    "texture": "#texture"
                },
                "west": {
                    "uv": [12,0.75,15.625,1],
                    "texture": "#texture"
                },
                "east": {
                    "uv": [15.625,0.75,11.875,1],
                    "texture": "#texture"
                },
                "north": {
                    "uv": [4.875,0.84375,4.5,1.28125],
                    "texture": "#texture"
                },
                "south": {
                    "uv": [14.075,0.77500004,14.275001,0.875],
                    "texture": "#texture"
                }
            }
        },
        {
            "from": [7.9,8.299999,12],
            "to": [8.2,8.5,12.2],
            "faces": {
                "up": {
                    "uv": [11.875,0.75,15.625,1],
                    "texture": "#texture",
                    "rotation": 90
                },
                "down": {
                    "uv": [12.03125,0.75,13.625,1],
                    "texture": "#texture"
                },
                "west": {
                    "uv": [12,0.75,15.625,1],
                    "texture": "#texture"
                },
                "east": {
                    "uv": [15.625,0.75,11.875,1],
                    "texture": "#texture"
                },
                "north": {
                    "uv": [4.875,0.84375,4.5,1.28125],
                    "texture": "#texture"
                },
                "south": {
                    "uv": [14.075,0.77500004,14.275001,0.875],
                    "texture": "#texture"
                }
            }
        },
        {
            "from": [7.9,8.2,12.2],
            "to": [8.2,8.4,12.400001],
            "faces": {
                "up": {
                    "uv": [11.875,0.75,15.625,1],
                    "texture": "#texture",
                    "rotation": 90
                },
                "down": {
                    "uv": [12.03125,0.75,13.625,1],
                    "texture": "#texture"
                },
                "west": {
                    "uv": [12,0.75,15.625,1],
                    "texture": "#texture"
                },
                "east": {
                    "uv": [15.625,0.75,11.875,1],
                    "texture": "#texture"
                },
                "north": {
                    "uv": [4.875,0.84375,4.5,1.28125],
                    "texture": "#texture"
                },
                "south": {
                    "uv": [14.075,0.77500004,14.275001,0.875],
                    "texture": "#texture"
                }
            }
        },
        {
            "from": [8,7.6,10.5],
            "to": [8.099999,7.6999993,15.7],
            "faces": {
                "up": {
                    "uv": [11.875,0.75,15.625,1],
                    "texture": "#texture",
                    "rotation": 90
                },
                "down": {
                    "uv": [12.03125,0.75,13.625,1],
                    "texture": "#texture"
                },
                "west": {
                    "uv": [12,0.75,15.625,1],
                    "texture": "#texture"
                },
                "east": {
                    "uv": [15.625,0.75,11.875,1],
                    "texture": "#texture"
                },
                "north": {
                    "uv": [4.875,0.84375,4.5,1.28125],
                    "texture": "#texture"
                },
                "south": {
                    "uv": [14.875,0.75,15,0.875],
                    "texture": "#texture"
                }
            }
        },
        {
            "from": [7.8,7.6,15.5],
            "to": [8.3,8.099999,16.5],
            "faces": {
                "up": {
                    "uv": [11.875,0.75,15.625,1],
                    "texture": "#texture",
                    "rotation": 90
                },
                "down": {
                    "uv": [12.03125,0.75,13.625,1],
                    "texture": "#texture"
                },
                "west": {
                    "uv": [12,0.75,15.625,1],
                    "texture": "#texture"
                },
                "east": {
                    "uv": [15.625,0.75,11.875,1],
                    "texture": "#texture"
                },
                "north": {
                    "uv": [4.875,0.84375,4.5,1.28125],
                    "texture": "#texture"
                },
                "south": {
                    "uv": [14.875,0.75,15,0.875],
                    "texture": "#texture"
                }
            }
        },
        {
            "from": [7.9,7.7,16.5],
            "to": [8.2,8,16.7],
            "faces": {
                "up": {
                    "uv": [11.875,0.75,15.625,1],
                    "texture": "#texture",
                    "rotation": 90
                },
                "down": {
                    "uv": [12.03125,0.75,13.625,1],
                    "texture": "#texture"
                },
                "west": {
                    "uv": [12,0.75,15.625,1],
                    "texture": "#texture"
                },
                "east": {
                    "uv": [15.625,0.75,11.875,1],
                    "texture": "#texture"
                },
                "north": {
                    "uv": [4.875,0.84375,4.5,1.28125],
                    "texture": "#texture"
                },
                "south": {
                    "uv": [14.875,0.75,15,0.875],
                    "texture": "#texture"
                }
            }
        },
        {
            "from": [7.7000003,7.3,5.9],
            "to": [8.400001,9,10.5],
            "faces": {
                "up": {
                    "uv": [9.937502,0.42499983,11.5,0.8875],
                    "texture": "#texture",
                    "rotation": 90
                },
                "down": {
                    "uv": [9.806252,0.8124999,11.400002,1.0625001],
                    "texture": "#texture"
                },
                "west": {
                    "uv": [9.125,0.25,11.875,1.375],
                    "texture": "#texture"
                },
                "east": {
                    "uv": [11.875,0.25,9.125,1.375],
                    "texture": "#texture"
                },
                "north": {
                    "uv": [4.875,0.84375,4.5,1.28125],
                    "texture": "#texture"
                },
                "south": {
                    "uv": [14.875,0.75,15,0.875],
                    "texture": "#texture"
                }
            }
        },
        {
            "from": [7.7000003,7.3,1.3000002],
            "to": [8.400001,8.9,5.9],
            "faces": {
                "up": {
                    "uv": [6.937503,1.0124998,8.0375,1.375],
                    "texture": "#texture",
                    "rotation": 90
                },
                "down": {
                    "uv": [4.8812537,1.1499994,7.0125003,1.45],
                    "texture": "#texture",
                    "rotation": 90
                },
                "west": {
                    "uv": [4.625,0.25,9.25,1.5],
                    "texture": "#texture"
                },
                "east": {
                    "uv": [9.125,0.25,4.625,1.5],
                    "texture": "#texture"
                },
                "north": {
                    "uv": [4.875,0.84375,4.5,1.28125],
                    "texture": "#texture"
                },
                "south": {
                    "uv": [14.875,0.75,15,0.875],
                    "texture": "#texture"
                }
            }
        },
        {
            "from": [7.7000003,5.8999996,1.4000001],
            "to": [8.400001,7.3,4.1],
            "faces": {
                "up": {
                    "uv": [6.937503,1.0124998,8.0375,1.375],
                    "texture": "#texture",
                    "rotation": 90
                },
                "down": {
                    "uv": [4.8812537,1.1499994,7.0125003,1.45],
                    "texture": "#texture",
                    "rotation": 90
                },
                "west": {
                    "uv": [4.5,1.5,6.75,2.25],
                    "texture": "#texture"
                },
                "east": {
                    "uv": [6.75,1.5,4.5,2.25],
                    "texture": "#texture"
                },
                "north": {
                    "uv": [5.0750017,1.9687505,4.7000017,2.4062495],
                    "texture": "#texture"
                },
                "south": {
                    "uv": [14.875,0.75,15,0.875],
                    "texture": "#texture"
                }
            }
        },
        {
            "from": [7.7000003,7.3,1.1],
            "to": [8.400001,8.799999,1.3000001],
            "faces": {
                "up": {
                    "uv": [6.937503,1.0124998,8.0375,1.375],
                    "texture": "#texture",
                    "rotation": 90
                },
                "down": {
                    "uv": [4.8812537,1.1499994,7.0125003,1.45],
                    "texture": "#texture",
                    "rotation": 90
                },
                "west": {
                    "uv": [4.25,0.625,4.5,1.625],
                    "texture": "#texture"
                },
                "east": {
                    "uv": [4.5,0.625,4.25,1.625],
                    "texture": "#texture"
                },
                "north": {
                    "uv": [4.875,0.84375,4.5,1.28125],
                    "texture": "#texture"
                },
                "south": {
                    "uv": [14.875,0.75,15,0.875],
                    "texture": "#texture"
                }
            }
        },
        {
            "from": [7.7000003,7.3999996,0.9000001],
            "to": [8.400001,8.599999,1.1],
            "faces": {
                "up": {
                    "uv": [6.937503,1.0124998,8.0375,1.375],
                    "texture": "#texture",
                    "rotation": 90
                },
                "down": {
                    "uv": [4.8812537,1.1499994,7.0125003,1.45],
                    "texture": "#texture",
                    "rotation": 90
                },
                "west": {
                    "uv": [4.25,0.625,4.5,1.625],
                    "texture": "#texture"
                },
                "east": {
                    "uv": [4.5,0.625,4.25,1.625],
                    "texture": "#texture"
                },
                "north": {
                    "uv": [4.875,0.84375,4.5,1.28125],
                    "texture": "#texture"
                },
                "south": {
                    "uv": [14.875,0.75,15,0.875],
                    "texture": "#texture"
                }
            }
        },
        {
            "from": [7.7000003,6.3999996,4.2000003],
            "to": [8.400001,7.2999997,5.6],
            "faces": {
                "up": {
                    "uv": [6.937503,1.0124998,8.0375,1.375],
                    "texture": "#texture",
                    "rotation": 90
                },
                "down": {
                    "uv": [4.8812537,1.1499994,7.0125003,1.45],
                    "texture": "#texture",
                    "rotation": 90
                },
                "west": {
                    "uv": [6.75,1.5,8,2],
                    "texture": "#texture"
                },
                "east": {
                    "uv": [8,1.5,6.75,2],
                    "texture": "#texture"
                },
                "north": {
                    "uv": [4.875,0.84375,4.5,1.28125],
                    "texture": "#texture"
                },
                "south": {
                    "uv": [7.875,3.125,8.375,3.625],
                    "texture": "#texture"
                }
            }
        },
        {
            "from": [7.7000003,5.5,4.3],
            "to": [8.400001,6.3999996,5.8],
            "faces": {
                "up": {
                    "uv": [6.937503,1.0124998,8.0375,1.375],
                    "texture": "#texture",
                    "rotation": 90
                },
                "down": {
                    "uv": [4.8812537,1.1499994,7.0125003,1.45],
                    "texture": "#texture",
                    "rotation": 90
                },
                "west": {
                    "uv": [6.9874964,2.0125,8.05,2.5125],
                    "texture": "#texture"
                },
                "east": {
                    "uv": [8.075,2.0874991,7.0375013,2.5875],
                    "texture": "#texture"
                },
                "north": {
                    "uv": [4.875,0.84375,4.5,1.28125],
                    "texture": "#texture"
                },
                "south": {
                    "uv": [7.875,3.125,8.375,3.625],
                    "texture": "#texture"
                }
            }
        },
        {
            "from": [7.7000003,5,4.6],
            "to": [8.400001,5.5,6],
            "faces": {
                "up": {
                    "uv": [6.937503,1.0124998,8.0375,1.375],
                    "texture": "#texture",
                    "rotation": 90
                },
                "down": {
                    "uv": [4.8812537,1.1499994,7.0125003,1.45],
                    "texture": "#texture",
                    "rotation": 90
                },
                "west": {
                    "uv": [6.9874964,2.0125,8.05,2.5125],
                    "texture": "#texture"
                },
                "east": {
                    "uv": [8.075,2.0874991,7.0375013,2.5875],
                    "texture": "#texture"
                },
                "north": {
                    "uv": [4.875,0.84375,4.5,1.28125],
                    "texture": "#texture"
                },
                "south": {
                    "uv": [7.875,3.125,8.375,3.625],
                    "texture": "#texture"
                }
            }
        },
        {
            "from": [7.7000003,4.4999995,4.7999997],
            "to": [8.400001,5,6.2000003],
            "faces": {
                "up": {
                    "uv": [6.937503,1.0124998,8.0375,1.375],
                    "texture": "#texture",
                    "rotation": 90
                },
                "down": {
                    "uv": [4.8812537,1.1499994,7.0125003,1.45],
                    "texture": "#texture",
                    "rotation": 90
                },
                "west": {
                    "uv": [6.9874964,2.0125,8.05,2.5125],
                    "texture": "#texture"
                },
                "east": {
                    "uv": [8.075,2.0874991,7.0375013,2.5875],
                    "texture": "#texture"
                },
                "north": {
                    "uv": [4.875,0.84375,4.5,1.28125],
                    "texture": "#texture"
                },
                "south": {
                    "uv": [7.875,3.125,8.375,3.625],
                    "texture": "#texture"
                }
            }
        },
        {
            "from": [7.7000003,3.9999993,5.0999994],
            "to": [8.400001,4.5,6.5],
            "faces": {
                "up": {
                    "uv": [6.937503,1.0124998,8.0375,1.375],
                    "texture": "#texture",
                    "rotation": 90
                },
                "down": {
                    "uv": [4.8812537,1.1499994,7.0125003,1.45],
                    "texture": "#texture",
                    "rotation": 90
                },
                "west": {
                    "uv": [6.9874964,2.0125,8.05,2.5125],
                    "texture": "#texture"
                },
                "east": {
                    "uv": [8.075,2.0874991,7.0375013,2.5875],
                    "texture": "#texture"
                },
                "north": {
                    "uv": [4.875,0.84375,4.5,1.28125],
                    "texture": "#texture"
                },
                "south": {
                    "uv": [7.875,3.125,8.375,3.625],
                    "texture": "#texture"
                }
            }
        },
        {
            "from": [7.7000003,3.6999998,5.3],
            "to": [8.400001,4,6],
            "faces": {
                "up": {
                    "uv": [6.937503,1.0124998,8.0375,1.375],
                    "texture": "#texture",
                    "rotation": 90
                },
                "down": {
                    "uv": [4.8812537,1.1499994,7.0125003,1.45],
                    "texture": "#texture",
                    "rotation": 90
                },
                "west": {
                    "uv": [6.9874964,2.0125,8.05,2.5125],
                    "texture": "#texture"
                },
                "east": {
                    "uv": [8.075,2.0874991,7.0375013,2.5875],
                    "texture": "#texture"
                },
                "north": {
                    "uv": [4.875,0.84375,4.5,1.28125],
                    "texture": "#texture"
                },
                "south": {
                    "uv": [7.875,3.125,8.375,3.625],
                    "texture": "#texture"
                }
            }
        },
        {
            "from": [7.7000003,3.8000002,6],
            "to": [8.400001,4.0000005,6.3],
            "faces": {
                "up": {
                    "uv": [6.937503,1.0124998,8.0375,1.375],
                    "texture": "#texture",
                    "rotation": 90
                },
                "down": {
                    "uv": [4.8812537,1.1499994,7.0125003,1.45],
                    "texture": "#texture",
                    "rotation": 90
                },
                "west": {
                    "uv": [6.9874964,2.0125,8.05,2.5125],
                    "texture": "#texture"
                },
                "east": {
                    "uv": [8.075,2.0874991,7.0375013,2.5875],
                    "texture": "#texture"
                },
                "north": {
                    "uv": [4.875,0.84375,4.5,1.28125],
                    "texture": "#texture"
                },
                "south": {
                    "uv": [7.875,3.125,8.375,3.625],
                    "texture": "#texture"
                }
            }
        },
        {
            "from": [7.7000003,5.5,1.3000001],
            "to": [8.400001,5.8999996,2.3],
            "faces": {
                "up": {
                    "uv": [6.937503,1.0124998,8.0375,1.375],
                    "texture": "#texture",
                    "rotation": 90
                },
                "down": {
                    "uv": [4.8812537,1.1499994,7.0125003,1.45],
                    "texture": "#texture",
                    "rotation": 90
                },
                "west": {
                    "uv": [4.5,2.25,5.125,2.75],
                    "texture": "#texture"
                },
                "east": {
                    "uv": [5.125,1.875,4.625,2.375],
                    "texture": "#texture"
                },
                "north": {
                    "uv": [5.050002,1.9812505,4.675002,2.4187505],
                    "texture": "#texture"
                },
                "south": {
                    "uv": [4.612501,2.05,5.0125003,2.5999997],
                    "texture": "#texture"
                }
            }
        },
        {
            "from": [7.7000003,5.1000004,1.2000003],
            "to": [8.400001,5.5,2.1999998],
            "faces": {
                "up": {
                    "uv": [6.937503,1.0124998,8.0375,1.375],
                    "texture": "#texture",
                    "rotation": 90
                },
                "down": {
                    "uv": [4.8812537,1.1499994,7.0125003,1.45],
                    "texture": "#texture",
                    "rotation": 90
                },
                "west": {
                    "uv": [4.5,2.25,5.125,2.75],
                    "texture": "#texture"
                },
                "east": {
                    "uv": [5.125,1.875,4.625,2.375],
                    "texture": "#texture"
                },
                "north": {
                    "uv": [5.050002,1.9812505,4.675002,2.4187505],
                    "texture": "#texture"
                },
                "south": {
                    "uv": [4.612501,2.05,5.0125003,2.5999997],
                    "texture": "#texture"
                }
            }
        },
        {
            "from": [7.7000003,4.8999996,1.1],
            "to": [8.400001,5.0999994,2],
            "faces": {
                "up": {
                    "uv": [6.937503,1.0124998,8.0375,1.375],
                    "texture": "#texture",
                    "rotation": 90
                },
                "down": {
                    "uv": [4.8812537,1.1499994,7.0125003,1.45],
                    "texture": "#texture",
                    "rotation": 90
                },
                "west": {
                    "uv": [4.5,2.25,5.125,2.75],
                    "texture": "#texture"
                },
                "east": {
                    "uv": [5.125,1.875,4.625,2.375],
                    "texture": "#texture"
                },
                "north": {
                    "uv": [5.050002,1.9812505,4.675002,2.4187505],
                    "texture": "#texture"
                },
                "south": {
                    "uv": [4.612501,2.05,5.0125003,2.5999997],
                    "texture": "#texture"
                }
            }
        },
        {
            "from": [7.8,7.3999996,0.5999999],
            "to": [8.3,8.5,0.90000004],
            "faces": {
                "up": {
                    "uv": [0.9999995,1.5500001,2.099998,1.9125007],
                    "texture": "#texture",
                    "rotation": 90
                },
                "down": {
                    "uv": [1.0937531,1.3249996,2.65,1.6375],
                    "texture": "#texture",
                    "rotation": 90
                },
                "west": {
                    "uv": [0.57500106,1.4749991,1.825,2.2625],
                    "texture": "#texture"
                },
                "east": {
                    "uv": [1.725,1.4999995,0.5500007,2.2375],
                    "texture": "#texture"
                },
                "north": {
                    "uv": [5.050002,1.9812505,4.675002,2.4187505],
                    "texture": "#texture"
                },
                "south": {
                    "uv": [4.612501,2.05,5.0125003,2.5999997],
                    "texture": "#texture"
                }
            }
        },
        {
            "from": [7.8,7.299999,0.3000002],
            "to": [8.3,8.400001,0.5999999],
            "faces": {
                "up": {
                    "uv": [0.9999995,1.5500001,2.099998,1.9125007],
                    "texture": "#texture",
                    "rotation": 90
                },
                "down": {
                    "uv": [1.0937531,1.3249996,2.65,1.6375],
                    "texture": "#texture",
                    "rotation": 90
                },
                "west": {
                    "uv": [0.57500106,1.4749991,1.825,2.2625],
                    "texture": "#texture"
                },
                "east": {
                    "uv": [1.725,1.4999995,0.5500007,2.2375],
                    "texture": "#texture"
                },
                "north": {
                    "uv": [5.050002,1.9812505,4.675002,2.4187505],
                    "texture": "#texture"
                },
                "south": {
                    "uv": [4.612501,2.05,5.0125003,2.5999997],
                    "texture": "#texture"
                }
            }
        },
        {
            "from": [7.8,6.0999994,-3.6000004],
            "to": [8.3,7.9999995,-3],
            "faces": {
                "up": {
                    "uv": [0.9999995,1.5500001,2.099998,1.9125007],
                    "texture": "#texture",
                    "rotation": 90
                },
                "down": {
                    "uv": [1.0937531,1.3249996,2.65,1.6375],
                    "texture": "#texture",
                    "rotation": 90
                },
                "west": {
                    "uv": [0.57500106,1.4749991,1.825,2.2625],
                    "texture": "#texture"
                },
                "east": {
                    "uv": [1.725,1.4999995,0.5500007,2.2375],
                    "texture": "#texture"
                },
                "north": {
                    "uv": [5.050002,1.9812505,4.675002,2.4187505],
                    "texture": "#texture"
                },
                "south": {
                    "uv": [4.612501,2.05,5.0125003,2.5999997],
                    "texture": "#texture"
                }
            }
        },
        {
            "from": [7.8,6.3,-3],
            "to": [8.3,8.000001,-2.2],
            "faces": {
                "up": {
                    "uv": [0.9999995,1.5500001,2.099998,1.9125007],
                    "texture": "#texture",
                    "rotation": 90
                },
                "down": {
                    "uv": [1.0937531,1.3249996,2.65,1.6375],
                    "texture": "#texture",
                    "rotation": 90
                },
                "west": {
                    "uv": [0.57500106,1.4749991,1.825,2.2625],
                    "texture": "#texture"
                },
                "east": {
                    "uv": [1.725,1.4999995,0.5500007,2.2375],
                    "texture": "#texture"
                },
                "north": {
                    "uv": [5.050002,1.9812505,4.675002,2.4187505],
                    "texture": "#texture"
                },
                "south": {
                    "uv": [4.612501,2.05,5.0125003,2.5999997],
                    "texture": "#texture"
                }
            }
        },
        {
            "from": [7.8,6.5999994,-2.2000003],
            "to": [8.3,8.100002,-1.4],
            "faces": {
                "up": {
                    "uv": [0.9999995,1.5500001,2.099998,1.9125007],
                    "texture": "#texture",
                    "rotation": 90
                },
                "down": {
                    "uv": [1.0937531,1.3249996,2.65,1.6375],
                    "texture": "#texture",
                    "rotation": 90
                },
                "west": {
                    "uv": [0.57500106,1.4749991,1.825,2.2625],
                    "texture": "#texture"
                },
                "east": {
                    "uv": [1.725,1.4999995,0.5500007,2.2375],
                    "texture": "#texture"
                },
                "north": {
                    "uv": [5.050002,1.9812505,4.675002,2.4187505],
                    "texture": "#texture"
                },
                "south": {
                    "uv": [4.612501,2.05,5.0125003,2.5999997],
                    "texture": "#texture"
                }
            }
        },
        {
            "from": [7.8,7.0999994,-0.7],
            "to": [8.3,8.300002,-0.2],
            "faces": {
                "up": {
                    "uv": [0.9999995,1.5500001,2.099998,1.9125007],
                    "texture": "#texture",
                    "rotation": 90
                },
                "down": {
                    "uv": [1.0937531,1.3249996,2.65,1.6375],
                    "texture": "#texture",
                    "rotation": 90
                },
                "west": {
                    "uv": [0.57500106,1.4749991,1.825,2.2625],
                    "texture": "#texture"
                },
                "east": {
                    "uv": [1.725,1.4999995,0.5500007,2.2375],
                    "texture": "#texture"
                },
                "north": {
                    "uv": [5.050002,1.9812505,4.675002,2.4187505],
                    "texture": "#texture"
                },
                "south": {
                    "uv": [4.612501,2.05,5.0125003,2.5999997],
                    "texture": "#texture"
                }
            }
        },
        {
            "from": [7.8,7.299999,-0.2],
            "to": [8.3,8.400001,0.3],
            "faces": {
                "up": {
                    "uv": [0.9999995,1.5500001,2.099998,1.9125007],
                    "texture": "#texture",
                    "rotation": 90
                },
                "down": {
                    "uv": [1.0937531,1.3249996,2.65,1.6375],
                    "texture": "#texture",
                    "rotation": 90
                },
                "west": {
                    "uv": [0.57500106,1.4749991,1.825,2.2625],
                    "texture": "#texture"
                },
                "east": {
                    "uv": [1.725,1.4999995,0.5500007,2.2375],
                    "texture": "#texture"
                },
                "north": {
                    "uv": [5.050002,1.9812505,4.675002,2.4187505],
                    "texture": "#texture"
                },
                "south": {
                    "uv": [4.612501,2.05,5.0125003,2.5999997],
                    "texture": "#texture"
                }
            }
        },
        {
            "from": [7.8,6.8999996,-1.4],
            "to": [8.3,8.200002,-0.7],
            "faces": {
                "up": {
                    "uv": [0.9999995,1.5500001,2.099998,1.9125007],
                    "texture": "#texture",
                    "rotation": 90
                },
                "down": {
                    "uv": [1.0937531,1.3249996,2.65,1.6375],
                    "texture": "#texture",
                    "rotation": 90
                },
                "west": {
                    "uv": [0.57500106,1.4749991,1.825,2.2625],
                    "texture": "#texture"
                },
                "east": {
                    "uv": [1.725,1.4999995,0.5500007,2.2375],
                    "texture": "#texture"
                },
                "north": {
                    "uv": [5.050002,1.9812505,4.675002,2.4187505],
                    "texture": "#texture"
                },
                "south": {
                    "uv": [4.612501,2.05,5.0125003,2.5999997],
                    "texture": "#texture"
                }
            }
        },
        {
            "from": [7.7000003,3.5,5.5],
            "to": [8.400001,3.6999998,5.8],
            "faces": {
                "up": {
                    "uv": [6.937503,1.0124998,8.0375,1.375],
                    "texture": "#texture",
                    "rotation": 90
                },
                "down": {
                    "uv": [4.8812537,1.1499994,7.0125003,1.45],
                    "texture": "#texture",
                    "rotation": 90
                },
                "west": {
                    "uv": [6.9874964,2.0125,8.05,2.5125],
                    "texture": "#texture"
                },
                "east": {
                    "uv": [8.075,2.0874991,7.0375013,2.5875],
                    "texture": "#texture"
                },
                "north": {
                    "uv": [4.875,0.84375,4.5,1.28125],
                    "texture": "#texture"
                },
                "south": {
                    "uv": [7.875,3.125,8.375,3.625],
                    "texture": "#texture"
                }
            }
        },
        {
            "from": [7.8,8.9,4.6],
            "to": [8.3,9,4.8],
            "faces": {
                "up": {
                    "uv": [6.937503,1.0124998,8.0375,1.375],
                    "texture": "#texture",
                    "rotation": 90
                },
                "down": {
                    "uv": [4.8812537,1.1499994,7.0125003,1.45],
                    "texture": "#texture",
                    "rotation": 90
                },
                "west": {
                    "uv": [6.9874964,2.0125,8.05,2.5125],
                    "texture": "#texture"
                },
                "east": {
                    "uv": [8.075,2.0874991,7.0375013,2.5875],
                    "texture": "#texture"
                },
                "north": {
                    "uv": [4.875,0.84375,4.5,1.28125],
                    "texture": "#texture"
                },
                "south": {
                    "uv": [7.875,3.125,8.375,3.625],
                    "texture": "#texture"
                }
            }
        },
        {
            "from": [7.9,9,4.4],
            "to": [8.2,9.1,5.8],
            "faces": {
                "up": {
                    "uv": [6.937503,1.0124998,8.0375,1.375],
                    "texture": "#texture",
                    "rotation": 90
                },
                "down": {
                    "uv": [4.8812537,1.1499994,7.0125003,1.45],
                    "texture": "#texture",
                    "rotation": 90
                },
                "west": {
                    "uv": [6.9874964,2.0125,8.05,2.5125],
                    "texture": "#texture"
                },
                "east": {
                    "uv": [8.075,2.0874991,7.0375013,2.5875],
                    "texture": "#texture"
                },
                "north": {
                    "uv": [4.875,0.84375,4.5,1.28125],
                    "texture": "#texture"
                },
                "south": {
                    "uv": [7.875,3.125,8.375,3.625],
                    "texture": "#texture"
                }
            }
        },
        {
            "from": [8.2,9,4.4],
            "to": [8.3,9.2,4.7000003],
            "faces": {
                "up": {
                    "uv": [6.937503,1.0124998,8.0375,1.375],
                    "texture": "#texture",
                    "rotation": 90
                },
                "down": {
                    "uv": [4.8812537,1.1499994,7.0125003,1.45],
                    "texture": "#texture",
                    "rotation": 90
                },
                "west": {
                    "uv": [6.9874964,2.0125,8.05,2.5125],
                    "texture": "#texture"
                },
                "east": {
                    "uv": [8.075,2.0874991,7.0375013,2.5875],
                    "texture": "#texture"
                },
                "north": {
                    "uv": [4.875,0.84375,4.5,1.28125],
                    "texture": "#texture"
                },
                "south": {
                    "uv": [7.875,3.125,8.375,3.625],
                    "texture": "#texture"
                }
            }
        },
        {
            "from": [7.8,9,4.4],
            "to": [7.9,9.2,4.7000003],
            "faces": {
                "up": {
                    "uv": [6.937503,1.0124998,8.0375,1.375],
                    "texture": "#texture",
                    "rotation": 90
                },
                "down": {
                    "uv": [4.8812537,1.1499994,7.0125003,1.45],
                    "texture": "#texture",
                    "rotation": 90
                },
                "west": {
                    "uv": [6.9874964,2.0125,8.05,2.5125],
                    "texture": "#texture"
                },
                "east": {
                    "uv": [8.075,2.0874991,7.0375013,2.5875],
                    "texture": "#texture"
                },
                "north": {
                    "uv": [4.875,0.84375,4.5,1.28125],
                    "texture": "#texture"
                },
                "south": {
                    "uv": [7.875,3.125,8.375,3.625],
                    "texture": "#texture"
                }
            }
        },
        {
            "from": [7.8,8.9,5.8],
            "to": [8.3,9.1,6],
            "faces": {
                "up": {
                    "uv": [6.937503,1.0124998,8.0375,1.375],
                    "texture": "#texture",
                    "rotation": 90
                },
                "down": {
                    "uv": [4.8812537,1.1499994,7.0125003,1.45],
                    "texture": "#texture",
                    "rotation": 90
                },
                "west": {
                    "uv": [6.9874964,2.0125,8.05,2.5125],
                    "texture": "#texture"
                },
                "east": {
                    "uv": [8.075,2.0874991,7.0375013,2.5875],
                    "texture": "#texture"
                },
                "north": {
                    "uv": [4.875,0.84375,4.5,1.28125],
                    "texture": "#texture"
                },
                "south": {
                    "uv": [7.875,3.125,8.375,3.625],
                    "texture": "#texture"
                }
            }
        }
    ],
	"display": {
	"thirdperson": {"rotation": [ -30, 180, 180], "translation": [ 0.5, 2, -5 ], "scale": [ 1.5, 1.5, 1.5 ]},
	"firstperson": {"rotation": [ 0, 125, 0], "translation": [ 3, 6, -5 ], "scale": [ 4, 4, 4 ]},
	"gui": {"rotation": [ 0, 10, 30 ], "translation": [ 0, 0, 0 ], "scale": [ 3, 3, 3 ]},
	"ground": {"scale": [6, 6, 6 ]},
	"fixed": {"scale": [ 2, 2, 2 ]}
	}
}