{
    "__createdwith": "opl's Model Creator",
    "ambientocclusion": false,
    "textures": {
        "texture": "items/dye_powder_blue",
        "particle": "items/dye_powder_blue"
    },
    "elements": [
        {
            "from": [7.3,7,7.9],
            "to": [7.7000003,9,15.099999],
            "faces": {
                "up": {
                    "uv": [5.4375,5.2875004,7.1000004,6],
                    "texture": "#texture"
                },
                "down": {
                    "uv": [5.5,5.1749973,7.012501,5.6625004],
                    "texture": "#texture"
                },
                "west": {
                    "uv": [9.25,4.75,12.4375,6],
                    "texture": "#texture"
                },
                "east": {
                    "uv": [9.125,4.875,13.0625,5.9375],
                    "texture": "#texture"
                },
                "north": {
                    "uv": [3.25,3.3625045,1.1749995,6.4125],
                    "texture": "#texture"
                },
                "south": {
                    "uv": [5.2875013,5.1499968,6.875,6.0625],
                    "texture": "#texture"
                }
            }
        },
        {
            "from": [7.3,7.0999994,15.1],
            "to": [7.7000003,8.9,15.400001],
            "faces": {
                "up": {
                    "uv": [5.4375,5.2875004,7.1000004,6],
                    "texture": "#texture"
                },
                "down": {
                    "uv": [5.5,5.1749973,7.012501,5.6625004],
                    "texture": "#texture"
                },
                "west": {
                    "uv": [12.325,4.75,12.4375,5.9125],
                    "texture": "#texture"
                },
                "east": {
                    "uv": [9.125,4.875,10.087501,5.875],
                    "texture": "#texture"
                },
                "north": {
                    "uv": [3.25,3.3625045,1.1749995,6.4125],
                    "texture": "#texture"
                },
                "south": {
                    "uv": [5.2875013,5.1499968,6.875,6.0625],
                    "texture": "#texture"
                }
            }
        },
        {
            "from": [7.3,7.3,15.4],
            "to": [7.700001,8.7,15.6],
            "faces": {
                "up": {
                    "uv": [5.4375,5.2875004,7.1000004,6],
                    "texture": "#texture"
                },
                "down": {
                    "uv": [5.5,5.1749973,7.012501,5.6625004],
                    "texture": "#texture"
                },
                "west": {
                    "uv": [9.25,4.75,10.1875,5.85],
                    "texture": "#texture"
                },
                "east": {
                    "uv": [9.125,4.875,10.2875,5.7875],
                    "texture": "#texture"
                },
                "north": {
                    "uv": [3.25,3.3625045,1.1749995,6.4125],
                    "texture": "#texture"
                },
                "south": {
                    "uv": [5.2875013,5.1499968,6.875,6.0625],
                    "texture": "#texture"
                }
            }
        },
        {
            "from": [7.3,7.5999994,15.6],
            "to": [7.700001,8.4,15.7],
            "faces": {
                "up": {
                    "uv": [5.4375,5.2875004,7.1000004,6],
                    "texture": "#texture"
                },
                "down": {
                    "uv": [5.5,5.1749973,7.012501,5.6625004],
                    "texture": "#texture"
                },
                "west": {
                    "uv": [9.25,4.75,10.175,5.8875003],
                    "texture": "#texture"
                },
                "east": {
                    "uv": [9.125,4.875,10.375,5.85],
                    "texture": "#texture"
                },
                "north": {
                    "uv": [3.25,3.3625045,1.1749995,6.4125],
                    "texture": "#texture"
                },
                "south": {
                    "uv": [5.2875013,5.1499968,6.875,6.0625],
                    "texture": "#texture"
                }
            }
        },
        {
            "from": [7.4,9,9.5],
            "to": [7.6,9.299999,9.8],
            "faces": {
                "up": {
                    "uv": [2.9562492,8.28125,3.34375,8.5625],
                    "texture": "#texture"
                },
                "down": {
                    "uv": [5.862499,8.331247,6.6312504,8.78125],
                    "texture": "#texture"
                },
                "west": {
                    "uv": [2.59375,7.956249,1.8937492,8.65625],
                    "texture": "#texture"
                },
                "east": {
                    "uv": [2.53125,7.9312496,1.9812508,8.6875],
                    "texture": "#texture"
                },
                "north": {
                    "uv": [1.3125,8.318754,1.0124989,8.84375],
                    "texture": "#texture"
                },
                "south": {
                    "uv": [0.9687519,8.299997,1.34375,8.875],
                    "texture": "#texture"
                }
            }
        },
        {
            "from": [7.4,9.3,9.6],
            "to": [7.6,9.4,10],
            "faces": {
                "up": {
                    "uv": [2.9562492,8.28125,3.34375,8.5625],
                    "texture": "#texture"
                },
                "down": {
                    "uv": [5.862499,8.331247,6.6312504,8.78125],
                    "texture": "#texture"
                },
                "west": {
                    "uv": [2.59375,7.956249,1.8937492,8.65625],
                    "texture": "#texture"
                },
                "east": {
                    "uv": [2.53125,7.9312496,1.9812508,8.6875],
                    "texture": "#texture"
                },
                "north": {
                    "uv": [1.3125,8.318754,1.0124989,8.84375],
                    "texture": "#texture"
                },
                "south": {
                    "uv": [0.9687519,8.299997,1.34375,8.875],
                    "texture": "#texture"
                }
            }
        },
        {
            "from": [7.4,9.3,10.900002],
            "to": [7.6000004,9.4,11.300001],
            "faces": {
                "up": {
                    "uv": [2.9562492,8.28125,3.34375,8.5625],
                    "texture": "#texture"
                },
                "down": {
                    "uv": [5.862499,8.331247,6.6312504,8.78125],
                    "texture": "#texture"
                },
                "west": {
                    "uv": [2.59375,7.956249,1.8937492,8.65625],
                    "texture": "#texture"
                },
                "east": {
                    "uv": [2.53125,7.9312496,1.9812508,8.6875],
                    "texture": "#texture"
                },
                "north": {
                    "uv": [1.3125,8.318754,1.0124989,8.84375],
                    "texture": "#texture"
                },
                "south": {
                    "uv": [0.9687519,8.299997,1.34375,8.875],
                    "texture": "#texture"
                }
            }
        },
        {
            "from": [7.4,9,10.800001],
            "to": [7.6000004,9.299999,11.1],
            "faces": {
                "up": {
                    "uv": [2.9562492,8.28125,3.34375,8.5625],
                    "texture": "#texture"
                },
                "down": {
                    "uv": [5.862499,8.331247,6.6312504,8.78125],
                    "texture": "#texture"
                },
                "west": {
                    "uv": [2.59375,7.956249,1.8937492,8.65625],
                    "texture": "#texture"
                },
                "east": {
                    "uv": [2.53125,7.9312496,1.9812508,8.6875],
                    "texture": "#texture"
                },
                "north": {
                    "uv": [1.3125,8.318754,1.0124989,8.84375],
                    "texture": "#texture"
                },
                "south": {
                    "uv": [0.9687519,8.299997,1.34375,8.875],
                    "texture": "#texture"
                }
            }
        },
        {
            "from": [7.4,9.3,12.200001],
            "to": [7.6000004,9.4,12.6],
            "faces": {
                "up": {
                    "uv": [2.9562492,8.28125,3.34375,8.5625],
                    "texture": "#texture"
                },
                "down": {
                    "uv": [5.862499,8.331247,6.6312504,8.78125],
                    "texture": "#texture"
                },
                "west": {
                    "uv": [2.59375,7.956249,1.8937492,8.65625],
                    "texture": "#texture"
                },
                "east": {
                    "uv": [2.53125,7.9312496,1.9812508,8.6875],
                    "texture": "#texture"
                },
                "north": {
                    "uv": [1.3125,8.318754,1.0124989,8.84375],
                    "texture": "#texture"
                },
                "south": {
                    "uv": [0.9687519,8.299997,1.34375,8.875],
                    "texture": "#texture"
                }
            }
        },
        {
            "from": [7.4,9,12.1],
            "to": [7.6000004,9.299999,12.400001],
            "faces": {
                "up": {
                    "uv": [2.9562492,8.28125,3.34375,8.5625],
                    "texture": "#texture"
                },
                "down": {
                    "uv": [5.862499,8.331247,6.6312504,8.78125],
                    "texture": "#texture"
                },
                "west": {
                    "uv": [2.59375,7.956249,1.8937492,8.65625],
                    "texture": "#texture"
                },
                "east": {
                    "uv": [2.53125,7.9312496,1.9812508,8.6875],
                    "texture": "#texture"
                },
                "north": {
                    "uv": [1.3125,8.318754,1.0124989,8.84375],
                    "texture": "#texture"
                },
                "south": {
                    "uv": [0.9687519,8.299997,1.34375,8.875],
                    "texture": "#texture"
                }
            }
        },
        {
            "from": [7.4,9.3,13.5],
            "to": [7.6000004,9.4,13.9],
            "faces": {
                "up": {
                    "uv": [2.9562492,8.28125,3.34375,8.5625],
                    "texture": "#texture"
                },
                "down": {
                    "uv": [5.862499,8.331247,6.6312504,8.78125],
                    "texture": "#texture"
                },
                "west": {
                    "uv": [2.59375,7.956249,1.8937492,8.65625],
                    "texture": "#texture"
                },
                "east": {
                    "uv": [2.53125,7.9312496,1.9812508,8.6875],
                    "texture": "#texture"
                },
                "north": {
                    "uv": [1.3125,8.318754,1.0124989,8.84375],
                    "texture": "#texture"
                },
                "south": {
                    "uv": [0.9687519,8.299997,1.34375,8.875],
                    "texture": "#texture"
                }
            }
        },
        {
            "from": [7.4,9,13.4],
            "to": [7.6000004,9.299999,13.7],
            "faces": {
                "up": {
                    "uv": [2.9562492,8.28125,3.34375,8.5625],
                    "texture": "#texture"
                },
                "down": {
                    "uv": [5.862499,8.331247,6.6312504,8.78125],
                    "texture": "#texture"
                },
                "west": {
                    "uv": [2.59375,7.956249,1.8937492,8.65625],
                    "texture": "#texture"
                },
                "east": {
                    "uv": [2.53125,7.9312496,1.9812508,8.6875],
                    "texture": "#texture"
                },
                "north": {
                    "uv": [1.3125,8.318754,1.0124989,8.84375],
                    "texture": "#texture"
                },
                "south": {
                    "uv": [0.9687519,8.299997,1.34375,8.875],
                    "texture": "#texture"
                }
            }
        },
        {
            "from": [7.4,9.3,14.700001],
            "to": [7.6000004,9.4,15.1],
            "faces": {
                "up": {
                    "uv": [2.9562492,8.28125,3.34375,8.5625],
                    "texture": "#texture"
                },
                "down": {
                    "uv": [5.862499,8.331247,6.6312504,8.78125],
                    "texture": "#texture"
                },
                "west": {
                    "uv": [2.59375,7.956249,1.8937492,8.65625],
                    "texture": "#texture"
                },
                "east": {
                    "uv": [2.53125,7.9312496,1.9812508,8.6875],
                    "texture": "#texture"
                },
                "north": {
                    "uv": [1.3125,8.318754,1.0124989,8.84375],
                    "texture": "#texture"
                },
                "south": {
                    "uv": [0.9687519,8.299997,1.34375,8.875],
                    "texture": "#texture"
                }
            }
        },
        {
            "from": [7.4,9,14.6],
            "to": [7.6000004,9.299999,14.900001],
            "faces": {
                "up": {
                    "uv": [2.9562492,8.28125,3.34375,8.5625],
                    "texture": "#texture"
                },
                "down": {
                    "uv": [5.862499,8.331247,6.6312504,8.78125],
                    "texture": "#texture"
                },
                "west": {
                    "uv": [2.59375,7.956249,1.8937492,8.65625],
                    "texture": "#texture"
                },
                "east": {
                    "uv": [2.53125,7.9312496,1.9812508,8.6875],
                    "texture": "#texture"
                },
                "north": {
                    "uv": [1.3125,8.318754,1.0124989,8.84375],
                    "texture": "#texture"
                },
                "south": {
                    "uv": [0.9687519,8.299997,1.34375,8.875],
                    "texture": "#texture"
                }
            }
        },
        {
            "from": [7.4,8.9,15.7],
            "to": [7.6000004,9,15.900001],
            "faces": {
                "up": {
                    "uv": [2.9562492,8.28125,3.34375,8.5625],
                    "texture": "#texture"
                },
                "down": {
                    "uv": [5.862499,8.331247,6.6312504,8.78125],
                    "texture": "#texture"
                },
                "west": {
                    "uv": [2.59375,7.956249,1.8937492,8.65625],
                    "texture": "#texture"
                },
                "east": {
                    "uv": [2.53125,7.9312496,1.9812508,8.6875],
                    "texture": "#texture"
                },
                "north": {
                    "uv": [1.3125,8.318754,1.0124989,8.84375],
                    "texture": "#texture"
                },
                "south": {
                    "uv": [0.9687519,8.299997,1.34375,8.875],
                    "texture": "#texture"
                }
            }
        },
        {
            "from": [7.4,8.7,15.4],
            "to": [7.6000004,8.999999,15.700001],
            "faces": {
                "up": {
                    "uv": [2.9562492,8.28125,3.34375,8.5625],
                    "texture": "#texture"
                },
                "down": {
                    "uv": [5.862499,8.331247,6.6312504,8.78125],
                    "texture": "#texture"
                },
                "west": {
                    "uv": [2.59375,7.956249,1.8937492,8.65625],
                    "texture": "#texture"
                },
                "east": {
                    "uv": [2.53125,7.9312496,1.9812508,8.6875],
                    "texture": "#texture"
                },
                "north": {
                    "uv": [1.3125,8.318754,1.0124989,8.84375],
                    "texture": "#texture"
                },
                "south": {
                    "uv": [0.9687519,8.299997,1.34375,8.875],
                    "texture": "#texture"
                }
            }
        },
        {
            "from": [7.4,7.8999996,16],
            "to": [7.6000004,8.299999,16.1],
            "faces": {
                "up": {
                    "uv": [2.9562492,8.28125,3.34375,8.5625],
                    "texture": "#texture"
                },
                "down": {
                    "uv": [5.862499,8.331247,6.6312504,8.78125],
                    "texture": "#texture"
                },
                "west": {
                    "uv": [2.59375,7.956249,1.8937492,8.65625],
                    "texture": "#texture"
                },
                "east": {
                    "uv": [2.53125,7.9312496,1.9812508,8.6875],
                    "texture": "#texture"
                },
                "north": {
                    "uv": [1.3125,8.318754,1.0124989,8.84375],
                    "texture": "#texture"
                },
                "south": {
                    "uv": [0.9687519,8.299997,1.34375,8.875],
                    "texture": "#texture"
                }
            }
        },
        {
            "from": [7.4,8.1,15.700001],
            "to": [7.6000004,8.4,16],
            "faces": {
                "up": {
                    "uv": [2.9562492,8.28125,3.34375,8.5625],
                    "texture": "#texture"
                },
                "down": {
                    "uv": [5.862499,8.331247,6.6312504,8.78125],
                    "texture": "#texture"
                },
                "west": {
                    "uv": [2.59375,7.956249,1.8937492,8.65625],
                    "texture": "#texture"
                },
                "east": {
                    "uv": [2.53125,7.9312496,1.9812508,8.6875],
                    "texture": "#texture"
                },
                "north": {
                    "uv": [1.3125,8.318754,1.0124989,8.84375],
                    "texture": "#texture"
                },
                "south": {
                    "uv": [0.9687519,8.299997,1.34375,8.875],
                    "texture": "#texture"
                }
            }
        },
        {
            "from": [7.4,7.3,15.6],
            "to": [7.6000004,7.5999994,15.900001],
            "faces": {
                "up": {
                    "uv": [2.9562492,8.28125,3.34375,8.5625],
                    "texture": "#texture"
                },
                "down": {
                    "uv": [5.862499,8.331247,6.6312504,8.78125],
                    "texture": "#texture"
                },
                "west": {
                    "uv": [2.59375,7.956249,1.8937492,8.65625],
                    "texture": "#texture"
                },
                "east": {
                    "uv": [2.53125,7.9312496,1.9812508,8.6875],
                    "texture": "#texture"
                },
                "north": {
                    "uv": [1.3125,8.318754,1.0124989,8.84375],
                    "texture": "#texture"
                },
                "south": {
                    "uv": [0.9687519,8.299997,1.34375,8.875],
                    "texture": "#texture"
                }
            }
        },
        {
            "from": [7.4,7.0999994,15.8],
            "to": [7.6000004,7.3,15.900001],
            "faces": {
                "up": {
                    "uv": [2.9562492,8.28125,3.34375,8.5625],
                    "texture": "#texture"
                },
                "down": {
                    "uv": [5.862499,8.331247,6.6312504,8.78125],
                    "texture": "#texture"
                },
                "west": {
                    "uv": [2.59375,7.956249,1.8937492,8.65625],
                    "texture": "#texture"
                },
                "east": {
                    "uv": [2.53125,7.9312496,1.9812508,8.6875],
                    "texture": "#texture"
                },
                "north": {
                    "uv": [1.3125,8.318754,1.0124989,8.84375],
                    "texture": "#texture"
                },
                "south": {
                    "uv": [0.9687519,8.299997,1.34375,8.875],
                    "texture": "#texture"
                }
            }
        },
        {
            "from": [7.4,6.7000003,14.8],
            "to": [7.6000004,6.9999995,15.1],
            "faces": {
                "up": {
                    "uv": [2.9562492,8.28125,3.34375,8.5625],
                    "texture": "#texture"
                },
                "down": {
                    "uv": [5.862499,8.331247,6.6312504,8.78125],
                    "texture": "#texture"
                },
                "west": {
                    "uv": [2.59375,7.956249,1.8937492,8.65625],
                    "texture": "#texture"
                },
                "east": {
                    "uv": [2.53125,7.9312496,1.9812508,8.6875],
                    "texture": "#texture"
                },
                "north": {
                    "uv": [1.3125,8.318754,1.0124989,8.84375],
                    "texture": "#texture"
                },
                "south": {
                    "uv": [0.9687519,8.299997,1.34375,8.875],
                    "texture": "#texture"
                }
            }
        },
        {
            "from": [7.4,6.5999994,14.6],
            "to": [7.6000004,6.7,14.900001],
            "faces": {
                "up": {
                    "uv": [2.9562492,8.28125,3.34375,8.5625],
                    "texture": "#texture"
                },
                "down": {
                    "uv": [5.862499,8.331247,6.6312504,8.78125],
                    "texture": "#texture"
                },
                "west": {
                    "uv": [2.59375,7.956249,1.8937492,8.65625],
                    "texture": "#texture"
                },
                "east": {
                    "uv": [2.53125,7.9312496,1.9812508,8.6875],
                    "texture": "#texture"
                },
                "north": {
                    "uv": [1.3125,8.318754,1.0124989,8.84375],
                    "texture": "#texture"
                },
                "south": {
                    "uv": [0.9687519,8.299997,1.34375,8.875],
                    "texture": "#texture"
                }
            }
        },
        {
            "from": [7.4,6.5999994,13.5],
            "to": [7.6,6.7,13.800001],
            "faces": {
                "up": {
                    "uv": [2.9562492,8.28125,3.34375,8.5625],
                    "texture": "#texture"
                },
                "down": {
                    "uv": [5.862499,8.331247,6.6312504,8.78125],
                    "texture": "#texture"
                },
                "west": {
                    "uv": [2.59375,7.956249,1.8937492,8.65625],
                    "texture": "#texture"
                },
                "east": {
                    "uv": [2.53125,7.9312496,1.9812508,8.6875],
                    "texture": "#texture"
                },
                "north": {
                    "uv": [1.3125,8.318754,1.0124989,8.84375],
                    "texture": "#texture"
                },
                "south": {
                    "uv": [0.9687519,8.299997,1.34375,8.875],
                    "texture": "#texture"
                }
            }
        },
        {
            "from": [7.4,6.7,13.700001],
            "to": [7.6,7,14],
            "faces": {
                "up": {
                    "uv": [2.9562492,8.28125,3.34375,8.5625],
                    "texture": "#texture"
                },
                "down": {
                    "uv": [5.862499,8.331247,6.6312504,8.78125],
                    "texture": "#texture"
                },
                "west": {
                    "uv": [2.59375,7.956249,1.8937492,8.65625],
                    "texture": "#texture"
                },
                "east": {
                    "uv": [2.53125,7.9312496,1.9812508,8.6875],
                    "texture": "#texture"
                },
                "north": {
                    "uv": [1.3125,8.318754,1.0124989,8.84375],
                    "texture": "#texture"
                },
                "south": {
                    "uv": [0.9687519,8.299997,1.34375,8.875],
                    "texture": "#texture"
                }
            }
        },
        {
            "from": [7.4,6.5999994,12.200001],
            "to": [7.6000004,6.7,12.5],
            "faces": {
                "up": {
                    "uv": [2.9562492,8.28125,3.34375,8.5625],
                    "texture": "#texture"
                },
                "down": {
                    "uv": [5.862499,8.331247,6.6312504,8.78125],
                    "texture": "#texture"
                },
                "west": {
                    "uv": [2.59375,7.956249,1.8937492,8.65625],
                    "texture": "#texture"
                },
                "east": {
                    "uv": [2.53125,7.9312496,1.9812508,8.6875],
                    "texture": "#texture"
                },
                "north": {
                    "uv": [1.3125,8.318754,1.0124989,8.84375],
                    "texture": "#texture"
                },
                "south": {
                    "uv": [0.9687519,8.299997,1.34375,8.875],
                    "texture": "#texture"
                }
            }
        },
        {
            "from": [7.4,6.700001,12.4],
            "to": [7.6000004,7,12.700001],
            "faces": {
                "up": {
                    "uv": [2.9562492,8.28125,3.34375,8.5625],
                    "texture": "#texture"
                },
                "down": {
                    "uv": [5.862499,8.331247,6.6312504,8.78125],
                    "texture": "#texture"
                },
                "west": {
                    "uv": [2.59375,7.956249,1.8937492,8.65625],
                    "texture": "#texture"
                },
                "east": {
                    "uv": [2.53125,7.9312496,1.9812508,8.6875],
                    "texture": "#texture"
                },
                "north": {
                    "uv": [1.3125,8.318754,1.0124989,8.84375],
                    "texture": "#texture"
                },
                "south": {
                    "uv": [0.9687519,8.299997,1.34375,8.875],
                    "texture": "#texture"
                }
            }
        },
        {
            "from": [7.4,6.7,11.300001],
            "to": [7.6000004,7,11.6],
            "faces": {
                "up": {
                    "uv": [2.9562492,8.28125,3.34375,8.5625],
                    "texture": "#texture"
                },
                "down": {
                    "uv": [5.862499,8.331247,6.6312504,8.78125],
                    "texture": "#texture"
                },
                "west": {
                    "uv": [2.59375,7.956249,1.8937492,8.65625],
                    "texture": "#texture"
                },
                "east": {
                    "uv": [2.53125,7.9312496,1.9812508,8.6875],
                    "texture": "#texture"
                },
                "north": {
                    "uv": [1.3125,8.318754,1.0124989,8.84375],
                    "texture": "#texture"
                },
                "south": {
                    "uv": [0.9687519,8.299997,1.34375,8.875],
                    "texture": "#texture"
                }
            }
        },
        {
            "from": [7.4,6.5999994,11.1],
            "to": [7.6000004,6.7,11.400002],
            "faces": {
                "up": {
                    "uv": [2.9562492,8.28125,3.34375,8.5625],
                    "texture": "#texture"
                },
                "down": {
                    "uv": [5.862499,8.331247,6.6312504,8.78125],
                    "texture": "#texture"
                },
                "west": {
                    "uv": [2.59375,7.956249,1.8937492,8.65625],
                    "texture": "#texture"
                },
                "east": {
                    "uv": [2.53125,7.9312496,1.9812508,8.6875],
                    "texture": "#texture"
                },
                "north": {
                    "uv": [1.3125,8.318754,1.0124989,8.84375],
                    "texture": "#texture"
                },
                "south": {
                    "uv": [0.9687519,8.299997,1.34375,8.875],
                    "texture": "#texture"
                }
            }
        },
        {
            "from": [7.4,6.5999994,9.7],
            "to": [7.6,6.7,10],
            "faces": {
                "up": {
                    "uv": [2.9562492,8.28125,3.34375,8.5625],
                    "texture": "#texture"
                },
                "down": {
                    "uv": [5.862499,8.331247,6.6312504,8.78125],
                    "texture": "#texture"
                },
                "west": {
                    "uv": [2.59375,7.956249,1.8937492,8.65625],
                    "texture": "#texture"
                },
                "east": {
                    "uv": [2.53125,7.9312496,1.9812508,8.6875],
                    "texture": "#texture"
                },
                "north": {
                    "uv": [1.3125,8.318754,1.0124989,8.84375],
                    "texture": "#texture"
                },
                "south": {
                    "uv": [0.9687519,8.299997,1.34375,8.875],
                    "texture": "#texture"
                }
            }
        },
        {
            "from": [7.4,6.700001,9.9],
            "to": [7.6,7,10.2],
            "faces": {
                "up": {
                    "uv": [2.9562492,8.28125,3.34375,8.5625],
                    "texture": "#texture"
                },
                "down": {
                    "uv": [5.862499,8.331247,6.6312504,8.78125],
                    "texture": "#texture"
                },
                "west": {
                    "uv": [2.59375,7.956249,1.8937492,8.65625],
                    "texture": "#texture"
                },
                "east": {
                    "uv": [2.53125,7.9312496,1.9812508,8.6875],
                    "texture": "#texture"
                },
                "north": {
                    "uv": [1.3125,8.318754,1.0124989,8.84375],
                    "texture": "#texture"
                },
                "south": {
                    "uv": [0.9687519,8.299997,1.34375,8.875],
                    "texture": "#texture"
                }
            }
        },
        {
            "from": [7.4,6.7,8.8],
            "to": [7.6,7,9.099999],
            "faces": {
                "up": {
                    "uv": [2.9562492,8.28125,3.34375,8.5625],
                    "texture": "#texture"
                },
                "down": {
                    "uv": [5.862499,8.331247,6.6312504,8.78125],
                    "texture": "#texture"
                },
                "west": {
                    "uv": [2.59375,7.956249,1.8937492,8.65625],
                    "texture": "#texture"
                },
                "east": {
                    "uv": [2.53125,7.9312496,1.9812508,8.6875],
                    "texture": "#texture"
                },
                "north": {
                    "uv": [1.3125,8.318754,1.0124989,8.84375],
                    "texture": "#texture"
                },
                "south": {
                    "uv": [0.9687519,8.299997,1.34375,8.875],
                    "texture": "#texture"
                }
            }
        },
        {
            "from": [7.4,6.5999994,8.599999],
            "to": [7.6,6.7,8.900001],
            "faces": {
                "up": {
                    "uv": [2.9562492,8.28125,3.34375,8.5625],
                    "texture": "#texture"
                },
                "down": {
                    "uv": [5.862499,8.331247,6.6312504,8.78125],
                    "texture": "#texture"
                },
                "west": {
                    "uv": [2.59375,7.956249,1.8937492,8.65625],
                    "texture": "#texture"
                },
                "east": {
                    "uv": [2.53125,7.9312496,1.9812508,8.6875],
                    "texture": "#texture"
                },
                "north": {
                    "uv": [1.3125,8.318754,1.0124989,8.84375],
                    "texture": "#texture"
                },
                "south": {
                    "uv": [0.9687519,8.299997,1.34375,8.875],
                    "texture": "#texture"
                }
            }
        },
        {
            "from": [7.4,9,8.1],
            "to": [7.6,9.299999,8.400001],
            "faces": {
                "up": {
                    "uv": [2.9562492,8.28125,3.34375,8.5625],
                    "texture": "#texture"
                },
                "down": {
                    "uv": [5.862499,8.331247,6.6312504,8.78125],
                    "texture": "#texture"
                },
                "west": {
                    "uv": [2.59375,7.956249,1.8937492,8.65625],
                    "texture": "#texture"
                },
                "east": {
                    "uv": [2.53125,7.9312496,1.9812508,8.6875],
                    "texture": "#texture"
                },
                "north": {
                    "uv": [1.3125,8.318754,1.0124989,8.84375],
                    "texture": "#texture"
                },
                "south": {
                    "uv": [0.9687519,8.299997,1.34375,8.875],
                    "texture": "#texture"
                }
            }
        },
        {
            "from": [7.4,9.3,8.200001],
            "to": [7.6,9.4,8.6],
            "faces": {
                "up": {
                    "uv": [2.9562492,8.28125,3.34375,8.5625],
                    "texture": "#texture"
                },
                "down": {
                    "uv": [5.862499,8.331247,6.6312504,8.78125],
                    "texture": "#texture"
                },
                "west": {
                    "uv": [2.59375,7.956249,1.8937492,8.65625],
                    "texture": "#texture"
                },
                "east": {
                    "uv": [2.53125,7.9312496,1.9812508,8.6875],
                    "texture": "#texture"
                },
                "north": {
                    "uv": [1.3125,8.318754,1.0124989,8.84375],
                    "texture": "#texture"
                },
                "south": {
                    "uv": [0.9687519,8.299997,1.34375,8.875],
                    "texture": "#texture"
                }
            }
        },
        {
            "from": [6.7000003,6.5999994,6.8],
            "to": [8.1,9.1,7.9],
            "faces": {
                "up": {
                    "uv": [5.4375,5.2875004,7.1000004,6],
                    "texture": "#texture"
                },
                "down": {
                    "uv": [6.85625,6.4375,8.21875,6.512501],
                    "texture": "#texture"
                },
                "west": {
                    "uv": [8.3125,4.125,8.78125,6.3125],
                    "texture": "#texture"
                },
                "east": {
                    "uv": [8.96875,4.1187496,8.21875,6.09375],
                    "texture": "#texture"
                },
                "north": {
                    "uv": [6.90625,5.5625,5.031249,6.15625],
                    "texture": "#texture"
                },
                "south": {
                    "uv": [5.2875013,5.1499968,6.875,6.0625],
                    "texture": "#texture"
                }
            }
        },
        {
            "from": [5.7999997,6.5,1.7],
            "to": [8.2,10.099999,6.8],
            "faces": {
                "up": {
                    "uv": [4.15625,2.59375,4.71875,3.375],
                    "texture": "#texture"
                },
                "down": {
                    "uv": [4.049999,2.4187498,4.924999,3.2624998],
                    "texture": "#texture",
                    "rotation": 90
                },
                "west": {
                    "uv": [3.8125,2.71875,8.36875,6.1875],
                    "texture": "#texture"
                },
                "east": {
                    "uv": [8.28125,2.96875,3.8125,6.28125],
                    "texture": "#texture"
                },
                "north": {
                    "uv": [4.28125,3.2999992,3.9187489,4.125],
                    "texture": "#texture"
                },
                "south": {
                    "uv": [5.2875013,5.1499968,6.875,6.0625],
                    "texture": "#texture"
                }
            }
        },
        {
            "from": [5.6,10,4.0999994],
            "to": [6,11.1,4.7000003],
            "faces": {
                "up": {
                    "uv": [4.875,4.0625,5.21875,4.40625],
                    "texture": "#texture"
                },
                "down": {
                    "uv": [1.0625,5.625,2.71875,6],
                    "texture": "#texture"
                },
                "west": {
                    "uv": [5.09375,4.15625,4.71875,4.59375],
                    "texture": "#texture"
                },
                "east": {
                    "uv": [2.625,5.625,1.9812508,6.03125],
                    "texture": "#texture"
                },
                "north": {
                    "uv": [2.34375,5.6875,1.0124989,6],
                    "texture": "#texture"
                },
                "south": {
                    "uv": [4.71875,4.15625,5.09375,4.59375],
                    "texture": "#texture"
                }
            }
        },
        {
            "from": [5.7000003,11,4.3999996],
            "to": [6.1,11.599998,5],
            "faces": {
                "up": {
                    "uv": [4.875,4.0625,5.21875,4.40625],
                    "texture": "#texture"
                },
                "down": {
                    "uv": [1.0625,5.625,2.71875,6],
                    "texture": "#texture"
                },
                "west": {
                    "uv": [5.09375,4.15625,4.71875,4.59375],
                    "texture": "#texture"
                },
                "east": {
                    "uv": [2.625,5.625,1.9812508,6.03125],
                    "texture": "#texture"
                },
                "north": {
                    "uv": [2.34375,5.6875,1.0124989,6],
                    "texture": "#texture"
                },
                "south": {
                    "uv": [4.71875,4.15625,5.09375,4.59375],
                    "texture": "#texture"
                }
            }
        },
        {
            "from": [6,11.299999,4.7999997],
            "to": [7.9,11.7,5.2],
            "faces": {
                "up": {
                    "uv": [4.875,4.0625,5.21875,4.40625],
                    "texture": "#texture"
                },
                "down": {
                    "uv": [1.0625,5.625,2.71875,6],
                    "texture": "#texture"
                },
                "west": {
                    "uv": [5.09375,4.15625,4.71875,4.59375],
                    "texture": "#texture"
                },
                "east": {
                    "uv": [2.625,5.625,1.9812508,6.03125],
                    "texture": "#texture"
                },
                "north": {
                    "uv": [2.34375,5.6875,1.0124989,6],
                    "texture": "#texture"
                },
                "south": {
                    "uv": [4.71875,4.15625,5.09375,4.59375],
                    "texture": "#texture"
                }
            }
        },
        {
            "from": [7.7999997,11,5],
            "to": [8.2,11.599998,5.6000004],
            "faces": {
                "up": {
                    "uv": [4.875,4.0625,5.21875,4.40625],
                    "texture": "#texture"
                },
                "down": {
                    "uv": [1.0625,5.625,2.71875,6],
                    "texture": "#texture"
                },
                "west": {
                    "uv": [5.09375,4.15625,4.71875,4.59375],
                    "texture": "#texture"
                },
                "east": {
                    "uv": [2.625,5.625,1.9812508,6.03125],
                    "texture": "#texture"
                },
                "north": {
                    "uv": [2.34375,5.6875,1.0124989,6],
                    "texture": "#texture"
                },
                "south": {
                    "uv": [4.71875,4.15625,5.09375,4.59375],
                    "texture": "#texture"
                }
            }
        },
        {
            "from": [7.9,9.999999,5.3],
            "to": [8.299999,11.099999,5.9000006],
            "faces": {
                "up": {
                    "uv": [4.875,4.0625,5.21875,4.40625],
                    "texture": "#texture"
                },
                "down": {
                    "uv": [1.0625,5.625,2.71875,6],
                    "texture": "#texture"
                },
                "west": {
                    "uv": [5.09375,4.15625,4.71875,4.59375],
                    "texture": "#texture"
                },
                "east": {
                    "uv": [2.625,5.625,1.9812508,6.03125],
                    "texture": "#texture"
                },
                "north": {
                    "uv": [2.34375,5.6875,1.0124989,6],
                    "texture": "#texture"
                },
                "south": {
                    "uv": [4.71875,4.15625,5.09375,4.59375],
                    "texture": "#texture"
                }
            }
        },
        {
            "from": [5.9,6.5,1],
            "to": [8,7.5999994,1.7],
            "faces": {
                "up": {
                    "uv": [4.875,4.0625,5.21875,4.40625],
                    "texture": "#texture"
                },
                "down": {
                    "uv": [1.0625,5.625,2.71875,6],
                    "texture": "#texture"
                },
                "west": {
                    "uv": [5.09375,4.15625,4.71875,4.59375],
                    "texture": "#texture"
                },
                "east": {
                    "uv": [2.625,5.625,1.9812508,6.03125],
                    "texture": "#texture"
                },
                "north": {
                    "uv": [2.34375,5.6875,1.0124989,6],
                    "texture": "#texture"
                },
                "south": {
                    "uv": [4.71875,4.15625,5.09375,4.59375],
                    "texture": "#texture"
                }
            }
        },
        {
            "from": [6.1,6.5,0.3000002],
            "to": [7.9,7.5999994,1],
            "faces": {
                "up": {
                    "uv": [4.875,4.0625,5.21875,4.40625],
                    "texture": "#texture"
                },
                "down": {
                    "uv": [1.0625,5.625,2.71875,6],
                    "texture": "#texture"
                },
                "west": {
                    "uv": [5.09375,4.15625,4.71875,4.59375],
                    "texture": "#texture"
                },
                "east": {
                    "uv": [2.625,5.625,1.9812508,6.03125],
                    "texture": "#texture"
                },
                "north": {
                    "uv": [2.34375,5.6875,1.0124989,6],
                    "texture": "#texture"
                },
                "south": {
                    "uv": [4.71875,4.15625,5.09375,4.59375],
                    "texture": "#texture"
                }
            }
        },
        {
            "from": [6.4,6.5,-0.4000001],
            "to": [7.9,7.5999994,0.3],
            "faces": {
                "up": {
                    "uv": [4.875,4.0625,5.21875,4.40625],
                    "texture": "#texture"
                },
                "down": {
                    "uv": [1.0625,5.625,2.71875,6],
                    "texture": "#texture"
                },
                "west": {
                    "uv": [5.09375,4.15625,4.71875,4.59375],
                    "texture": "#texture"
                },
                "east": {
                    "uv": [2.625,5.625,1.9812508,6.03125],
                    "texture": "#texture"
                },
                "north": {
                    "uv": [2.34375,5.6875,1.0124989,6],
                    "texture": "#texture"
                },
                "south": {
                    "uv": [4.71875,4.15625,5.09375,4.59375],
                    "texture": "#texture"
                }
            }
        },
        {
            "from": [6.7000003,6.5,-1.5],
            "to": [7.9,7.5999994,-0.4],
            "faces": {
                "up": {
                    "uv": [4.875,4.0625,5.21875,4.40625],
                    "texture": "#texture"
                },
                "down": {
                    "uv": [1.0625,5.625,2.71875,6],
                    "texture": "#texture"
                },
                "west": {
                    "uv": [5.09375,4.15625,4.71875,4.59375],
                    "texture": "#texture"
                },
                "east": {
                    "uv": [2.625,5.625,1.9812508,6.03125],
                    "texture": "#texture"
                },
                "north": {
                    "uv": [2.34375,5.6875,1.0124989,6],
                    "texture": "#texture"
                },
                "south": {
                    "uv": [4.71875,4.15625,5.09375,4.59375],
                    "texture": "#texture"
                }
            }
        },
        {
            "from": [7,6.5,-2.7],
            "to": [7.9,7.5999994,-1.4999994],
            "faces": {
                "up": {
                    "uv": [4.875,4.0625,5.21875,4.40625],
                    "texture": "#texture"
                },
                "down": {
                    "uv": [1.0625,5.625,2.71875,6],
                    "texture": "#texture"
                },
                "west": {
                    "uv": [5.09375,4.15625,4.71875,4.59375],
                    "texture": "#texture"
                },
                "east": {
                    "uv": [2.625,5.625,1.9812508,6.03125],
                    "texture": "#texture"
                },
                "north": {
                    "uv": [2.34375,5.6875,1.0124989,6],
                    "texture": "#texture"
                },
                "south": {
                    "uv": [4.71875,4.15625,5.09375,4.59375],
                    "texture": "#texture"
                }
            }
        },
        {
            "from": [7.1,6.8999996,-3],
            "to": [7.8,7.8999996,-2.7],
            "faces": {
                "up": {
                    "uv": [4.875,4.0625,5.21875,4.40625],
                    "texture": "#texture"
                },
                "down": {
                    "uv": [1.0625,5.625,2.71875,6],
                    "texture": "#texture"
                },
                "west": {
                    "uv": [5.09375,4.15625,4.71875,4.59375],
                    "texture": "#texture"
                },
                "east": {
                    "uv": [2.625,5.625,1.9812508,6.03125],
                    "texture": "#texture"
                },
                "north": {
                    "uv": [2.34375,5.6875,1.0124989,6],
                    "texture": "#texture"
                },
                "south": {
                    "uv": [4.71875,4.15625,5.09375,4.59375],
                    "texture": "#texture"
                }
            }
        },
        {
            "from": [7.1,7.7999997,-2.7999992],
            "to": [7.8000007,8.5,-2.2],
            "faces": {
                "up": {
                    "uv": [4.875,4.0625,5.21875,4.40625],
                    "texture": "#texture"
                },
                "down": {
                    "uv": [1.0625,5.625,2.71875,6],
                    "texture": "#texture"
                },
                "west": {
                    "uv": [5.09375,4.15625,4.71875,4.59375],
                    "texture": "#texture"
                },
                "east": {
                    "uv": [2.625,5.625,1.9812508,6.03125],
                    "texture": "#texture"
                },
                "north": {
                    "uv": [2.34375,5.6875,1.0124989,6],
                    "texture": "#texture"
                },
                "south": {
                    "uv": [4.71875,4.15625,5.09375,4.59375],
                    "texture": "#texture"
                }
            }
        },
        {
            "from": [7.1,8.4,-2.5999994],
            "to": [7.800001,8.9,-2.1000001],
            "faces": {
                "up": {
                    "uv": [4.875,4.0625,5.21875,4.40625],
                    "texture": "#texture"
                },
                "down": {
                    "uv": [1.0625,5.625,2.71875,6],
                    "texture": "#texture"
                },
                "west": {
                    "uv": [5.09375,4.15625,4.71875,4.59375],
                    "texture": "#texture"
                },
                "east": {
                    "uv": [2.625,5.625,1.9812508,6.03125],
                    "texture": "#texture"
                },
                "north": {
                    "uv": [2.34375,5.6875,1.0124989,6],
                    "texture": "#texture"
                },
                "south": {
                    "uv": [4.71875,4.15625,5.09375,4.59375],
                    "texture": "#texture"
                }
            }
        },
        {
            "from": [6.8,9.299999,-0.90000004],
            "to": [7.800001,9.599999,1.7],
            "faces": {
                "up": {
                    "uv": [4.875,4.0625,5.21875,4.40625],
                    "texture": "#texture"
                },
                "down": {
                    "uv": [1.0625,5.625,2.71875,6],
                    "texture": "#texture"
                },
                "west": {
                    "uv": [5.09375,4.15625,4.71875,4.59375],
                    "texture": "#texture"
                },
                "east": {
                    "uv": [2.625,5.625,1.9812508,6.03125],
                    "texture": "#texture"
                },
                "north": {
                    "uv": [2.34375,5.6875,1.0124989,6],
                    "texture": "#texture"
                },
                "south": {
                    "uv": [4.71875,4.15625,5.09375,4.59375],
                    "texture": "#texture"
                }
            }
        },
        {
            "from": [7,8.7,-2.3999987],
            "to": [7.800001,9.2,-1.6],
            "faces": {
                "up": {
                    "uv": [4.875,4.0625,5.21875,4.40625],
                    "texture": "#texture"
                },
                "down": {
                    "uv": [1.0625,5.625,2.71875,6],
                    "texture": "#texture"
                },
                "west": {
                    "uv": [5.09375,4.15625,4.71875,4.59375],
                    "texture": "#texture"
                },
                "east": {
                    "uv": [2.625,5.625,1.9812508,6.03125],
                    "texture": "#texture"
                },
                "north": {
                    "uv": [2.34375,5.6875,1.0124989,6],
                    "texture": "#texture"
                },
                "south": {
                    "uv": [4.71875,4.15625,5.09375,4.59375],
                    "texture": "#texture"
                }
            }
        },
        {
            "from": [6.9,9,-1.6999989],
            "to": [7.800001,9.5,-0.90000004],
            "faces": {
                "up": {
                    "uv": [4.875,4.0625,5.21875,4.40625],
                    "texture": "#texture"
                },
                "down": {
                    "uv": [1.0625,5.625,2.71875,6],
                    "texture": "#texture"
                },
                "west": {
                    "uv": [5.09375,4.15625,4.71875,4.59375],
                    "texture": "#texture"
                },
                "east": {
                    "uv": [2.625,5.625,1.9812508,6.03125],
                    "texture": "#texture"
                },
                "north": {
                    "uv": [2.34375,5.6875,1.0124989,6],
                    "texture": "#texture"
                },
                "south": {
                    "uv": [4.71875,4.15625,5.09375,4.59375],
                    "texture": "#texture"
                }
            }
        },
        {
            "from": [6.8,9.1,6.8],
            "to": [8,9.7,7.3],
            "faces": {
                "up": {
                    "uv": [5.4375,5.2875004,7.1000004,6],
                    "texture": "#texture"
                },
                "down": {
                    "uv": [6.85625,6.4375,8.21875,6.512501],
                    "texture": "#texture"
                },
                "west": {
                    "uv": [8.3125,4.125,8.78125,6.3125],
                    "texture": "#texture"
                },
                "east": {
                    "uv": [8.96875,4.1187496,8.21875,6.09375],
                    "texture": "#texture"
                },
                "north": {
                    "uv": [6.90625,5.5625,5.031249,6.15625],
                    "texture": "#texture"
                },
                "south": {
                    "uv": [5.2875013,5.1499968,6.875,6.0625],
                    "texture": "#texture"
                }
            }
        },
        {
            "from": [7,9.1,7.3],
            "to": [8,9.5,7.6],
            "faces": {
                "up": {
                    "uv": [5.4375,5.2875004,7.1000004,6],
                    "texture": "#texture"
                },
                "down": {
                    "uv": [6.85625,6.4375,8.21875,6.512501],
                    "texture": "#texture"
                },
                "west": {
                    "uv": [8.3125,4.125,8.78125,6.3125],
                    "texture": "#texture"
                },
                "east": {
                    "uv": [8.96875,4.1187496,8.21875,6.09375],
                    "texture": "#texture"
                },
                "north": {
                    "uv": [6.90625,5.5625,5.031249,6.15625],
                    "texture": "#texture"
                },
                "south": {
                    "uv": [5.2875013,5.1499968,6.875,6.0625],
                    "texture": "#texture"
                }
            }
        },
        {
            "from": [6.1,6.7,6.8],
            "to": [6.7000003,9,7.5],
            "faces": {
                "up": {
                    "uv": [5.4375,5.2875004,7.1000004,6],
                    "texture": "#texture"
                },
                "down": {
                    "uv": [6.85625,6.4375,8.21875,6.512501],
                    "texture": "#texture"
                },
                "west": {
                    "uv": [8.3125,4.125,8.78125,6.3125],
                    "texture": "#texture"
                },
                "east": {
                    "uv": [8.96875,4.1187496,8.21875,6.09375],
                    "texture": "#texture"
                },
                "north": {
                    "uv": [6.90625,5.5625,5.031249,6.15625],
                    "texture": "#texture"
                },
                "south": {
                    "uv": [5.2875013,5.1499968,6.875,6.0625],
                    "texture": "#texture"
                }
            }
        },
        {
            "from": [6.9,9.6,-0.2],
            "to": [7.7000003,9.799999,1.7],
            "faces": {
                "up": {
                    "uv": [4.875,4.0625,5.21875,4.40625],
                    "texture": "#texture"
                },
                "down": {
                    "uv": [1.0625,5.625,2.71875,6],
                    "texture": "#texture"
                },
                "west": {
                    "uv": [5.09375,4.15625,4.71875,4.59375],
                    "texture": "#texture"
                },
                "east": {
                    "uv": [2.625,5.625,1.9812508,6.03125],
                    "texture": "#texture"
                },
                "north": {
                    "uv": [2.34375,5.6875,1.0124989,6],
                    "texture": "#texture"
                },
                "south": {
                    "uv": [4.71875,4.15625,5.09375,4.59375],
                    "texture": "#texture"
                }
            }
        },
        {
            "from": [5.7000003,9.9,8.1],
            "to": [6,10.799999,8.2],
            "faces": {
                "up": {
                    "uv": [4.875,4.0625,5.21875,4.40625],
                    "texture": "#texture"
                },
                "down": {
                    "uv": [1.0625,5.625,2.71875,6],
                    "texture": "#texture"
                },
                "west": {
                    "uv": [5.09375,4.15625,4.71875,4.59375],
                    "texture": "#texture"
                },
                "east": {
                    "uv": [2.625,5.625,1.9812508,6.03125],
                    "texture": "#texture"
                },
                "north": {
                    "uv": [2.34375,5.6875,1.0124989,6],
                    "texture": "#texture"
                },
                "south": {
                    "uv": [4.71875,4.15625,5.09375,4.59375],
                    "texture": "#texture"
                }
            }
        },
        {
            "from": [6.2,9.9,8.1],
            "to": [6.4,10.799999,8.200001],
            "faces": {
                "up": {
                    "uv": [4.875,4.0625,5.21875,4.40625],
                    "texture": "#texture"
                },
                "down": {
                    "uv": [1.0625,5.625,2.71875,6],
                    "texture": "#texture"
                },
                "west": {
                    "uv": [5.09375,4.15625,4.71875,4.59375],
                    "texture": "#texture"
                },
                "east": {
                    "uv": [2.625,5.625,1.9812508,6.03125],
                    "texture": "#texture"
                },
                "north": {
                    "uv": [2.34375,5.6875,1.0124989,6],
                    "texture": "#texture"
                },
                "south": {
                    "uv": [4.71875,4.15625,5.09375,4.59375],
                    "texture": "#texture"
                }
            }
        },
        {
            "from": [7.4,9.9,8.1],
            "to": [7.7000003,10.799999,8.200001],
            "faces": {
                "up": {
                    "uv": [4.875,4.0625,5.21875,4.40625],
                    "texture": "#texture"
                },
                "down": {
                    "uv": [1.0625,5.625,2.71875,6],
                    "texture": "#texture"
                },
                "west": {
                    "uv": [5.09375,4.15625,4.71875,4.59375],
                    "texture": "#texture"
                },
                "east": {
                    "uv": [2.625,5.625,1.9812508,6.03125],
                    "texture": "#texture"
                },
                "north": {
                    "uv": [2.34375,5.6875,1.0124989,6],
                    "texture": "#texture"
                },
                "south": {
                    "uv": [4.71875,4.15625,5.09375,4.59375],
                    "texture": "#texture"
                }
            }
        },
        {
            "from": [5.8,10.799999,8.1],
            "to": [7.6,11,8.200001],
            "faces": {
                "up": {
                    "uv": [4.875,4.0625,5.21875,4.40625],
                    "texture": "#texture"
                },
                "down": {
                    "uv": [1.0625,5.625,2.71875,6],
                    "texture": "#texture"
                },
                "west": {
                    "uv": [5.09375,4.15625,4.71875,4.59375],
                    "texture": "#texture"
                },
                "east": {
                    "uv": [2.625,5.625,1.9812508,6.03125],
                    "texture": "#texture"
                },
                "north": {
                    "uv": [2.34375,5.6875,1.0124989,6],
                    "texture": "#texture"
                },
                "south": {
                    "uv": [4.71875,4.15625,5.09375,4.59375],
                    "texture": "#texture"
                }
            }
        },
        {
            "from": [5.8,9.699999,8],
            "to": [7.5999994,9.9,8.200001],
            "faces": {
                "up": {
                    "uv": [4.875,4.0625,5.21875,4.40625],
                    "texture": "#texture"
                },
                "down": {
                    "uv": [1.0625,5.625,2.71875,6],
                    "texture": "#texture"
                },
                "west": {
                    "uv": [5.09375,4.15625,4.71875,4.59375],
                    "texture": "#texture"
                },
                "east": {
                    "uv": [2.625,5.625,1.9812508,6.03125],
                    "texture": "#texture"
                },
                "north": {
                    "uv": [2.34375,5.6875,1.0124989,6],
                    "texture": "#texture"
                },
                "south": {
                    "uv": [4.71875,4.15625,5.09375,4.59375],
                    "texture": "#texture"
                }
            }
        },
        {
            "from": [6.0000005,9.4,7.9],
            "to": [6.9,9.7,8.1],
            "faces": {
                "up": {
                    "uv": [4.875,4.0625,5.21875,4.40625],
                    "texture": "#texture"
                },
                "down": {
                    "uv": [1.0625,5.625,2.71875,6],
                    "texture": "#texture"
                },
                "west": {
                    "uv": [5.09375,4.15625,4.71875,4.59375],
                    "texture": "#texture"
                },
                "east": {
                    "uv": [2.625,5.625,1.9812508,6.03125],
                    "texture": "#texture"
                },
                "north": {
                    "uv": [2.34375,5.6875,1.0124989,6],
                    "texture": "#texture"
                },
                "south": {
                    "uv": [4.71875,4.15625,5.09375,4.59375],
                    "texture": "#texture"
                }
            }
        },
        {
            "from": [6.1,9.1,7.8],
            "to": [6.7000003,9.4,8],
            "faces": {
                "up": {
                    "uv": [4.875,4.0625,5.21875,4.40625],
                    "texture": "#texture"
                },
                "down": {
                    "uv": [1.0625,5.625,2.71875,6],
                    "texture": "#texture"
                },
                "west": {
                    "uv": [5.09375,4.15625,4.71875,4.59375],
                    "texture": "#texture"
                },
                "east": {
                    "uv": [2.625,5.625,1.9812508,6.03125],
                    "texture": "#texture"
                },
                "north": {
                    "uv": [2.34375,5.6875,1.0124989,6],
                    "texture": "#texture"
                },
                "south": {
                    "uv": [4.71875,4.15625,5.09375,4.59375],
                    "texture": "#texture"
                }
            }
        },
        {
            "from": [6.2000003,8.799999,7.7000003],
            "to": [6.7000003,9.1,7.9],
            "faces": {
                "up": {
                    "uv": [4.875,4.0625,5.21875,4.40625],
                    "texture": "#texture"
                },
                "down": {
                    "uv": [1.0625,5.625,2.71875,6],
                    "texture": "#texture"
                },
                "west": {
                    "uv": [5.09375,4.15625,4.71875,4.59375],
                    "texture": "#texture"
                },
                "east": {
                    "uv": [2.625,5.625,1.9812508,6.03125],
                    "texture": "#texture"
                },
                "north": {
                    "uv": [2.34375,5.6875,1.0124989,6],
                    "texture": "#texture"
                },
                "south": {
                    "uv": [4.71875,4.15625,5.09375,4.59375],
                    "texture": "#texture"
                }
            }
        },
        {
            "from": [6.3,8.6,7.5],
            "to": [6.700001,8.9,7.7000003],
            "faces": {
                "up": {
                    "uv": [4.875,4.0625,5.21875,4.40625],
                    "texture": "#texture"
                },
                "down": {
                    "uv": [1.0625,5.625,2.71875,6],
                    "texture": "#texture"
                },
                "west": {
                    "uv": [5.09375,4.15625,4.71875,4.59375],
                    "texture": "#texture"
                },
                "east": {
                    "uv": [2.625,5.625,1.9812508,6.03125],
                    "texture": "#texture"
                },
                "north": {
                    "uv": [2.34375,5.6875,1.0124989,6],
                    "texture": "#texture"
                },
                "south": {
                    "uv": [4.71875,4.15625,5.09375,4.59375],
                    "texture": "#texture"
                }
            }
        },
        {
            "from": [6.9999995,9.9,8.1],
            "to": [7.2000003,10.799999,8.200001],
            "faces": {
                "up": {
                    "uv": [4.875,4.0625,5.21875,4.40625],
                    "texture": "#texture"
                },
                "down": {
                    "uv": [1.0625,5.625,2.71875,6],
                    "texture": "#texture"
                },
                "west": {
                    "uv": [5.09375,4.15625,4.71875,4.59375],
                    "texture": "#texture"
                },
                "east": {
                    "uv": [2.625,5.625,1.9812508,6.03125],
                    "texture": "#texture"
                },
                "north": {
                    "uv": [2.34375,5.6875,1.0124989,6],
                    "texture": "#texture"
                },
                "south": {
                    "uv": [4.71875,4.15625,5.09375,4.59375],
                    "texture": "#texture"
                }
            }
        },
        {
            "from": [6.5999994,9.9,8.1],
            "to": [6.8,10.799999,8.200001],
            "faces": {
                "up": {
                    "uv": [4.875,4.0625,5.21875,4.40625],
                    "texture": "#texture"
                },
                "down": {
                    "uv": [1.0625,5.625,2.71875,6],
                    "texture": "#texture"
                },
                "west": {
                    "uv": [5.09375,4.15625,4.71875,4.59375],
                    "texture": "#texture"
                },
                "east": {
                    "uv": [2.625,5.625,1.9812508,6.03125],
                    "texture": "#texture"
                },
                "north": {
                    "uv": [2.34375,5.6875,1.0124989,6],
                    "texture": "#texture"
                },
                "south": {
                    "uv": [4.71875,4.15625,5.09375,4.59375],
                    "texture": "#texture"
                }
            }
        }
    ],
	"display": {
	"thirdperson": {"rotation": [ -30, 180, 180], "translation": [ 0.5, 5, -5 ], "scale": [ 1.5, 1.5, 1.5 ]},
	"firstperson": {"rotation": [ -10, 140, 0], "translation": [ 6, -2, -8 ], "scale": [ 4, 4, 4 ]},
	"gui": {"rotation": [ 0, 10, 30 ], "translation": [ 0, 0, 0 ], "scale": [ 3, 3, 3 ]},
	"ground": {"scale": [6, 6, 6 ]},
	"fixed": {"scale": [ 2, 2, 2 ]}
	}
}