{
    "__createdwith": "opl's Model Creator",
    "ambientocclusion": false,
    "textures": {
        "texture": "items/dye_powder_cyan",
        "particle": "items/dye_powder_cyan",
        "flameth": "custom/flameth"
    },
    "elements": [
        {
            "from": [7.5,12,0.4],
            "to": [8.5,13,5.1],
            "faces": {
                "up": {
                    "uv": [1.3250036,6.381249,6,7.43125],
                    "texture": "#texture",
                    "rotation": 90
                },
                "down": {
                    "uv": [5.99375,6.3718667,1.324999,7.43125],
                    "texture": "#texture",
                    "rotation": 90
                },
                "west": {
                    "uv": [1.3031249,6.3750005,5.99375,7.425],
                    "texture": "#texture"
                },
                "east": {
                    "uv": [5.9875,6.3843727,1.3218746,7.425],
                    "texture": "#texture"
                },
                "north": {
                    "uv": [1.181252,6.6843777,0.88749963,6.987503],
                    "texture": "#texture"
                },
                "south": {
                    "uv": [5.284375,6.6,5.95625,7.25],
                    "texture": "#texture"
                }
            }
        },
        {
            "from": [7.7,11.9,0.5],
            "to": [8.3,13.1,5],
            "faces": {
                "up": {
                    "uv": [1.3250036,6.381249,6,7.43125],
                    "texture": "#texture",
                    "rotation": 90
                },
                "down": {
                    "uv": [5.99375,6.3718667,1.324999,7.43125],
                    "texture": "#texture",
                    "rotation": 90
                },
                "west": {
                    "uv": [1.3031249,6.3750005,5.99375,7.425],
                    "texture": "#texture"
                },
                "east": {
                    "uv": [5.9875,6.3843727,1.3218746,7.425],
                    "texture": "#texture"
                },
                "north": {
                    "uv": [1.181252,6.6843777,0.88749963,6.987503],
                    "texture": "#texture"
                },
                "south": {
                    "uv": [5.284375,6.6,5.95625,7.25],
                    "texture": "#texture"
                }
            }
        },
        {
            "from": [7.4,12.2,0.5],
            "to": [8.6,12.8,5],
            "faces": {
                "up": {
                    "uv": [1.3250036,6.381249,6,7.43125],
                    "texture": "#texture",
                    "rotation": 90
                },
                "down": {
                    "uv": [5.99375,6.3718667,1.324999,7.43125],
                    "texture": "#texture",
                    "rotation": 90
                },
                "west": {
                    "uv": [1.3031249,6.3750005,5.99375,7.425],
                    "texture": "#texture"
                },
                "east": {
                    "uv": [5.9875,6.3843727,1.3218746,7.425],
                    "texture": "#texture"
                },
                "north": {
                    "uv": [1.181252,6.6843777,0.88749963,6.987503],
                    "texture": "#texture"
                },
                "south": {
                    "uv": [5.284375,6.6,5.95625,7.25],
                    "texture": "#texture"
                }
            }
        },
        {
            "from": [7.6,12.1,0.1],
            "to": [8.400001,12.9,0.4],
            "faces": {
                "up": {
                    "uv": [6.318754,6.4624977,6.4375,7.40625],
                    "texture": "#texture",
                    "rotation": 90
                },
                "down": {
                    "uv": [6.46875,6.4531183,6.299999,7.4375],
                    "texture": "#texture",
                    "rotation": 90
                },
                "west": {
                    "uv": [6.2718735,6.39375,6.46875,7.3625],
                    "texture": "#texture"
                },
                "east": {
                    "uv": [6.5,6.359373,6.3531218,7.20625],
                    "texture": "#texture"
                },
                "north": {
                    "uv": [1.181252,6.6843777,0.88749963,6.987503],
                    "texture": "#texture"
                },
                "south": {
                    "uv": [5.284375,6.6,5.95625,7.25],
                    "texture": "#texture"
                }
            }
        },
        {
            "from": [7.8,12.3,-0.20000029],
            "to": [8.2,12.7,0.1],
            "faces": {
                "up": {
                    "uv": [6.318754,6.4624977,6.4375,7.40625],
                    "texture": "#texture",
                    "rotation": 90
                },
                "down": {
                    "uv": [6.46875,6.4531183,6.299999,7.4375],
                    "texture": "#texture",
                    "rotation": 90
                },
                "west": {
                    "uv": [6.2718735,6.39375,6.46875,7.3625],
                    "texture": "#texture"
                },
                "east": {
                    "uv": [6.5,6.359373,6.3531218,7.20625],
                    "texture": "#texture"
                },
                "north": {
                    "uv": [1.181252,6.6843777,0.88749963,6.987503],
                    "texture": "#texture"
                },
                "south": {
                    "uv": [5.284375,6.6,5.95625,7.25],
                    "texture": "#texture"
                }
            }
        },
        {
            "from": [7.9,12.4,-0.5],
            "to": [8.1,12.599999,-0.2],
            "faces": {
                "up": {
                    "uv": [6.318754,6.4624977,6.4375,7.40625],
                    "texture": "#texture",
                    "rotation": 90
                },
                "down": {
                    "uv": [6.46875,6.4531183,6.299999,7.4375],
                    "texture": "#texture",
                    "rotation": 90
                },
                "west": {
                    "uv": [6.2718735,6.39375,6.46875,7.3625],
                    "texture": "#texture"
                },
                "east": {
                    "uv": [6.5,6.359373,6.3531218,7.20625],
                    "texture": "#texture"
                },
                "north": {
                    "uv": [1.181252,6.6843777,0.88749963,6.987503],
                    "texture": "#texture"
                },
                "south": {
                    "uv": [5.284375,6.6,5.95625,7.25],
                    "texture": "#texture"
                }
            }
        },
        {
            "from": [7.9,11.1,-0.6],
            "to": [8.1,11.299999,5.1],
            "faces": {
                "up": {
                    "uv": [1.6625047,7.9749975,4.675,8.15625],
                    "texture": "#texture",
                    "rotation": 90
                },
                "down": {
                    "uv": [4.875,7.9531174,0.9749994,8.15625],
                    "texture": "#texture",
                    "rotation": 90
                },
                "west": {
                    "uv": [0.89375,7.95,6.25,8.14375],
                    "texture": "#texture"
                },
                "east": {
                    "uv": [6.20625,7.9593735,0.89062214,8.15625],
                    "texture": "#texture"
                },
                "north": {
                    "uv": [1.181252,6.6843777,0.88749963,6.987503],
                    "texture": "#texture"
                },
                "south": {
                    "uv": [5.284375,6.6,5.95625,7.25],
                    "texture": "#texture"
                }
            }
        },
        {
            "from": [7.9,10.5,-0.5],
            "to": [8.1,10.7,4.5],
            "faces": {
                "up": {
                    "uv": [1.6625047,7.9749975,4.675,8.15625],
                    "texture": "#texture",
                    "rotation": 90
                },
                "down": {
                    "uv": [4.875,7.9531174,0.9749994,8.15625],
                    "texture": "#texture",
                    "rotation": 90
                },
                "west": {
                    "uv": [0.89375,7.95,6.25,8.14375],
                    "texture": "#texture"
                },
                "east": {
                    "uv": [6.20625,7.9593735,0.89062214,8.15625],
                    "texture": "#texture"
                },
                "north": {
                    "uv": [1.181252,6.6843777,0.88749963,6.987503],
                    "texture": "#texture"
                },
                "south": {
                    "uv": [5.284375,6.6,5.95625,7.25],
                    "texture": "#texture"
                }
            }
        },
        {
            "from": [7.8,10.400001,0.3000002],
            "to": [8.2,10.8,0.60000086],
            "faces": {
                "up": {
                    "uv": [6.318754,6.4624977,6.4375,7.40625],
                    "texture": "#texture",
                    "rotation": 90
                },
                "down": {
                    "uv": [6.46875,6.4531183,6.299999,7.4375],
                    "texture": "#texture",
                    "rotation": 90
                },
                "west": {
                    "uv": [6.2718735,6.39375,6.46875,7.3625],
                    "texture": "#texture"
                },
                "east": {
                    "uv": [6.5,6.359373,6.3531218,7.20625],
                    "texture": "#texture"
                },
                "north": {
                    "uv": [1.181252,6.6843777,0.88749963,6.987503],
                    "texture": "#texture"
                },
                "south": {
                    "uv": [5.284375,6.6,5.95625,7.25],
                    "texture": "#texture"
                }
            }
        },
        {
            "from": [7.8,10.400001,3.9999998],
            "to": [8.2,10.8,4.3],
            "faces": {
                "up": {
                    "uv": [6.318754,6.4624977,6.4375,7.40625],
                    "texture": "#texture",
                    "rotation": 90
                },
                "down": {
                    "uv": [6.46875,6.4531183,6.299999,7.4375],
                    "texture": "#texture",
                    "rotation": 90
                },
                "west": {
                    "uv": [6.2718735,6.39375,6.46875,7.3625],
                    "texture": "#texture"
                },
                "east": {
                    "uv": [6.5,6.359373,6.3531218,7.20625],
                    "texture": "#texture"
                },
                "north": {
                    "uv": [1.181252,6.6843777,0.88749963,6.987503],
                    "texture": "#texture"
                },
                "south": {
                    "uv": [5.284375,6.6,5.95625,7.25],
                    "texture": "#texture"
                }
            }
        },
        {
            "from": [7.9,10.6,-0.7],
            "to": [8.1,10.799999,-0.5],
            "faces": {
                "up": {
                    "uv": [1.6625047,7.9749975,4.675,8.15625],
                    "texture": "#texture",
                    "rotation": 90
                },
                "down": {
                    "uv": [4.875,7.9531174,0.9749994,8.15625],
                    "texture": "#texture",
                    "rotation": 90
                },
                "west": {
                    "uv": [0.89375,7.95,6.25,8.14375],
                    "texture": "#texture"
                },
                "east": {
                    "uv": [6.20625,7.9593735,0.89062214,8.15625],
                    "texture": "#texture"
                },
                "north": {
                    "uv": [1.181252,6.6843777,0.88749963,6.987503],
                    "texture": "#texture"
                },
                "south": {
                    "uv": [5.284375,6.6,5.95625,7.25],
                    "texture": "#texture"
                }
            }
        },
        {
            "from": [7.9,10.7,-0.9],
            "to": [8.1,11,-0.7],
            "faces": {
                "up": {
                    "uv": [1.6625047,7.9749975,4.675,8.15625],
                    "texture": "#texture",
                    "rotation": 90
                },
                "down": {
                    "uv": [4.875,7.9531174,0.9749994,8.15625],
                    "texture": "#texture",
                    "rotation": 90
                },
                "west": {
                    "uv": [0.89375,7.95,6.25,8.14375],
                    "texture": "#texture"
                },
                "east": {
                    "uv": [6.20625,7.9593735,0.89062214,8.15625],
                    "texture": "#texture"
                },
                "north": {
                    "uv": [1.181252,6.6843777,0.88749963,6.987503],
                    "texture": "#texture"
                },
                "south": {
                    "uv": [5.284375,6.6,5.95625,7.25],
                    "texture": "#texture"
                }
            }
        },
        {
            "from": [7.8,11,-1],
            "to": [8.2,11.7,-0.6],
            "faces": {
                "up": {
                    "uv": [1.6625047,7.9749975,4.675,8.15625],
                    "texture": "#texture",
                    "rotation": 90
                },
                "down": {
                    "uv": [4.875,7.9531174,0.9749994,8.15625],
                    "texture": "#texture",
                    "rotation": 90
                },
                "west": {
                    "uv": [2.4437506,6.53125,2.8437502,7.2],
                    "texture": "#texture",
                    "rotation": 90
                },
                "east": {
                    "uv": [2.875,6.465623,2.4906225,7.2375],
                    "texture": "#texture",
                    "rotation": 90
                },
                "north": {
                    "uv": [2.89375,6.4875,2.4875,7.2375],
                    "texture": "#texture",
                    "rotation": 90
                },
                "south": {
                    "uv": [2.4281254,6.575001,2.83125,7.20625],
                    "texture": "#texture",
                    "rotation": 90
                }
            }
        },
        {
            "from": [7.9,11.7,-0.8999996],
            "to": [8.1,11.799999,-0.7],
            "faces": {
                "up": {
                    "uv": [1.6625047,7.9749975,4.675,8.15625],
                    "texture": "#texture",
                    "rotation": 90
                },
                "down": {
                    "uv": [4.875,7.9531174,0.9749994,8.15625],
                    "texture": "#texture",
                    "rotation": 90
                },
                "west": {
                    "uv": [2.4437506,6.53125,2.8437502,7.2],
                    "texture": "#texture",
                    "rotation": 90
                },
                "east": {
                    "uv": [2.875,6.465623,2.4906225,7.2375],
                    "texture": "#texture",
                    "rotation": 90
                },
                "north": {
                    "uv": [2.89375,6.4875,2.4875,7.2375],
                    "texture": "#texture",
                    "rotation": 90
                },
                "south": {
                    "uv": [2.4281254,6.575001,2.83125,7.20625],
                    "texture": "#texture",
                    "rotation": 90
                }
            }
        },
        {
            "from": [7.9,10.6,4.5],
            "to": [8.1,10.799999,4.8],
            "faces": {
                "up": {
                    "uv": [1.6625047,7.9749975,4.675,8.15625],
                    "texture": "#texture",
                    "rotation": 90
                },
                "down": {
                    "uv": [4.875,7.9531174,0.9749994,8.15625],
                    "texture": "#texture",
                    "rotation": 90
                },
                "west": {
                    "uv": [0.89375,7.95,6.25,8.14375],
                    "texture": "#texture"
                },
                "east": {
                    "uv": [6.20625,7.9593735,0.89062214,8.15625],
                    "texture": "#texture"
                },
                "north": {
                    "uv": [1.181252,6.6843777,0.88749963,6.987503],
                    "texture": "#texture"
                },
                "south": {
                    "uv": [5.284375,6.6,5.95625,7.25],
                    "texture": "#texture"
                }
            }
        },
        {
            "from": [7.9,10.7,4.8],
            "to": [8.1,10.9,5.1],
            "faces": {
                "up": {
                    "uv": [1.6625047,7.9749975,4.675,8.15625],
                    "texture": "#texture",
                    "rotation": 90
                },
                "down": {
                    "uv": [4.875,7.9531174,0.9749994,8.15625],
                    "texture": "#texture",
                    "rotation": 90
                },
                "west": {
                    "uv": [0.89375,7.95,6.25,8.14375],
                    "texture": "#texture"
                },
                "east": {
                    "uv": [6.20625,7.9593735,0.89062214,8.15625],
                    "texture": "#texture"
                },
                "north": {
                    "uv": [1.181252,6.6843777,0.88749963,6.987503],
                    "texture": "#texture"
                },
                "south": {
                    "uv": [5.284375,6.6,5.95625,7.25],
                    "texture": "#texture"
                }
            }
        },
        {
            "from": [7.7000003,10.7,5.1000004],
            "to": [8.3,13.5,6.4],
            "faces": {
                "up": {
                    "uv": [7.3562536,5.9312506,8.375,6.25],
                    "texture": "#texture",
                    "rotation": 90
                },
                "down": {
                    "uv": [8.46875,6.668749,7.7874994,7.149996],
                    "texture": "#texture",
                    "rotation": 90
                },
                "west": {
                    "uv": [6.2843733,6.40625,7.3625,8.21875],
                    "texture": "#texture"
                },
                "east": {
                    "uv": [7.39375,6.39375,6.315624,8.25],
                    "texture": "#texture"
                },
                "north": {
                    "uv": [6.46875,6.3343773,6.3062496,7],
                    "texture": "#texture"
                },
                "south": {
                    "uv": [7.8843756,6.5562496,8.556251,7.20625],
                    "texture": "#texture"
                }
            }
        },
        {
            "from": [7.6000004,13.5,5.5],
            "to": [8.400001,13.7,7.5],
            "faces": {
                "up": {
                    "uv": [7.3562536,5.9312506,8.375,6.25],
                    "texture": "#texture",
                    "rotation": 90
                },
                "down": {
                    "uv": [8.46875,6.668749,7.7874994,7.149996],
                    "texture": "#texture",
                    "rotation": 90
                },
                "west": {
                    "uv": [7.434375,5.9000006,8.33125,6.26875],
                    "texture": "#texture"
                },
                "east": {
                    "uv": [8.55,5.871873,7.403125,6.28125],
                    "texture": "#texture"
                },
                "north": {
                    "uv": [6.8125,5.51875,6.5062494,5.84375],
                    "texture": "#texture"
                },
                "south": {
                    "uv": [7.9718733,5.925,8.6875,6.25],
                    "texture": "#texture"
                }
            }
        },
        {
            "from": [7.6000004,13.7,5],
            "to": [8.400001,13.900001,5.7000003],
            "faces": {
                "up": {
                    "uv": [7.3562536,5.9312506,8.375,6.25],
                    "texture": "#texture",
                    "rotation": 90
                },
                "down": {
                    "uv": [8.46875,6.668749,7.7874994,7.149996],
                    "texture": "#texture",
                    "rotation": 90
                },
                "west": {
                    "uv": [7.434375,5.9000006,8.33125,6.26875],
                    "texture": "#texture"
                },
                "east": {
                    "uv": [8.55,5.871873,7.403125,6.28125],
                    "texture": "#texture"
                },
                "north": {
                    "uv": [6.8125,5.51875,6.5062494,5.84375],
                    "texture": "#texture"
                },
                "south": {
                    "uv": [7.9718733,5.925,8.6875,6.25],
                    "texture": "#texture"
                }
            }
        },
        {
            "from": [7.6000004,13.9,4.6],
            "to": [8.400001,14.1,5.4000006],
            "faces": {
                "up": {
                    "uv": [7.3562536,5.9312506,8.375,6.25],
                    "texture": "#texture",
                    "rotation": 90
                },
                "down": {
                    "uv": [8.46875,6.668749,7.7874994,7.149996],
                    "texture": "#texture",
                    "rotation": 90
                },
                "west": {
                    "uv": [7.434375,5.9000006,8.33125,6.26875],
                    "texture": "#texture"
                },
                "east": {
                    "uv": [8.55,5.871873,7.403125,6.28125],
                    "texture": "#texture"
                },
                "north": {
                    "uv": [6.8125,5.51875,6.5062494,5.84375],
                    "texture": "#texture"
                },
                "south": {
                    "uv": [7.9718733,5.925,8.6875,6.25],
                    "texture": "#texture"
                }
            }
        },
        {
            "from": [7.7000003,12.1,6.4],
            "to": [8.3,13.5,11.900001],
            "faces": {
                "up": {
                    "uv": [9.125003,6.4000006,11.26875,6.5625],
                    "texture": "#texture",
                    "rotation": 90
                },
                "down": {
                    "uv": [8.46875,6.668749,7.7874994,7.149996],
                    "texture": "#texture",
                    "rotation": 90
                },
                "west": {
                    "uv": [7.4781256,6.4437513,13.350001,7.8499994],
                    "texture": "#texture"
                },
                "east": {
                    "uv": [13.28125,6.453122,7.4875,7.8],
                    "texture": "#texture"
                },
                "north": {
                    "uv": [6.46875,6.3343773,6.3062496,7],
                    "texture": "#texture"
                },
                "south": {
                    "uv": [7.8843756,6.5562496,8.556251,7.20625],
                    "texture": "#texture"
                }
            }
        },
        {
            "from": [7.8,13.1,11.9],
            "to": [8.2,13.5,13.400001],
            "faces": {
                "up": {
                    "uv": [12.618753,6.4999967,13.900001,6.775],
                    "texture": "#texture",
                    "rotation": 90
                },
                "down": {
                    "uv": [14.0375,6.4906178,12.5375,6.8125],
                    "texture": "#texture",
                    "rotation": 90
                },
                "west": {
                    "uv": [13.959363,8.475,15.7,8.737504],
                    "texture": "#texture"
                },
                "east": {
                    "uv": [15.7375,8.475,13.953124,8.756253],
                    "texture": "#texture"
                },
                "north": {
                    "uv": [1.181252,6.6843777,0.88749963,6.987503],
                    "texture": "#texture"
                },
                "south": {
                    "uv": [14.321874,6.512499,14.675,6.8250003],
                    "texture": "#texture"
                }
            }
        },
        {
            "from": [7.9,13.5,11.2],
            "to": [8.1,14.6,11.400001],
            "faces": {
                "up": {
                    "uv": [6.318754,6.4624977,6.4375,7.40625],
                    "texture": "#texture",
                    "rotation": 90
                },
                "down": {
                    "uv": [6.46875,6.4531183,6.299999,7.4375],
                    "texture": "#texture",
                    "rotation": 90
                },
                "west": {
                    "uv": [6.2718735,6.39375,6.46875,7.3625],
                    "texture": "#texture"
                },
                "east": {
                    "uv": [6.5,6.359373,6.3531218,7.20625],
                    "texture": "#texture"
                },
                "north": {
                    "uv": [1.181252,6.6843777,0.88749963,6.987503],
                    "texture": "#texture"
                },
                "south": {
                    "uv": [5.284375,6.6,5.95625,7.25],
                    "texture": "#texture"
                }
            }
        },
        {
            "from": [7.9,14.5,10.900001],
            "to": [8.1,14.700001,11.200001],
            "faces": {
                "up": {
                    "uv": [6.318754,6.4624977,6.4375,7.40625],
                    "texture": "#texture",
                    "rotation": 90
                },
                "down": {
                    "uv": [6.46875,6.4531183,6.299999,7.4375],
                    "texture": "#texture",
                    "rotation": 90
                },
                "west": {
                    "uv": [6.2718735,6.39375,6.46875,7.3625],
                    "texture": "#texture"
                },
                "east": {
                    "uv": [6.5,6.359373,6.3531218,7.20625],
                    "texture": "#texture"
                },
                "north": {
                    "uv": [1.181252,6.6843777,0.88749963,6.987503],
                    "texture": "#texture"
                },
                "south": {
                    "uv": [5.284375,6.6,5.95625,7.25],
                    "texture": "#texture"
                }
            }
        },
        {
            "from": [7.8,14.4,9.2],
            "to": [8.2,14.8,10.900001],
            "faces": {
                "up": {
                    "uv": [9.650013,5.243747,11.1,5.63125],
                    "texture": "#texture",
                    "rotation": 90
                },
                "down": {
                    "uv": [11.125,5.2531238,9.643745,5.6125],
                    "texture": "#texture",
                    "rotation": 90
                },
                "west": {
                    "uv": [9.628126,5.2562485,11.1125,5.6],
                    "texture": "#texture"
                },
                "east": {
                    "uv": [11.1125,5.2531185,9.640619,5.59375],
                    "texture": "#texture"
                },
                "north": {
                    "uv": [1.181252,6.6843777,0.88749963,6.987503],
                    "texture": "#texture"
                },
                "south": {
                    "uv": [5.284375,6.6,5.95625,7.25],
                    "texture": "#texture"
                }
            }
        },
        {
            "from": [7.8,11.3,12.4],
            "to": [8.2,11.7,14.3],
            "faces": {
                "up": {
                    "uv": [12.618753,6.4999967,13.900001,6.775],
                    "texture": "#texture",
                    "rotation": 90
                },
                "down": {
                    "uv": [14.0375,6.4906178,12.5375,6.8125],
                    "texture": "#texture",
                    "rotation": 90
                },
                "west": {
                    "uv": [13.959363,8.475,15.7,8.737504],
                    "texture": "#texture"
                },
                "east": {
                    "uv": [15.7375,8.475,13.953124,8.756253],
                    "texture": "#texture"
                },
                "north": {
                    "uv": [1.181252,6.6843777,0.88749963,6.987503],
                    "texture": "#texture"
                },
                "south": {
                    "uv": [14.321874,6.512499,14.675,6.8250003],
                    "texture": "#texture"
                }
            }
        },
        {
            "from": [7.8,11.799999,10.5],
            "to": [8.2,12.1,12.2],
            "faces": {
                "up": {
                    "uv": [12.618753,6.4999967,13.900001,6.775],
                    "texture": "#texture",
                    "rotation": 90
                },
                "down": {
                    "uv": [14.0375,6.4906178,12.5375,6.8125],
                    "texture": "#texture",
                    "rotation": 90
                },
                "west": {
                    "uv": [13.959363,8.475,15.7,8.737504],
                    "texture": "#texture"
                },
                "east": {
                    "uv": [15.7375,8.475,13.953124,8.756253],
                    "texture": "#texture"
                },
                "north": {
                    "uv": [1.181252,6.6843777,0.88749963,6.987503],
                    "texture": "#texture"
                },
                "south": {
                    "uv": [14.321874,6.512499,14.675,6.8250003],
                    "texture": "#texture"
                }
            }
        },
        {
            "from": [7.8,10.299999,10.5],
            "to": [8.2,11.800001,10.7],
            "faces": {
                "up": {
                    "uv": [12.618753,6.4999967,13.900001,6.775],
                    "texture": "#texture",
                    "rotation": 90
                },
                "down": {
                    "uv": [14.0375,6.4906178,12.5375,6.8125],
                    "texture": "#texture",
                    "rotation": 90
                },
                "west": {
                    "uv": [13.959363,8.475,15.7,8.737504],
                    "texture": "#texture"
                },
                "east": {
                    "uv": [15.7375,8.475,13.953124,8.756253],
                    "texture": "#texture"
                },
                "north": {
                    "uv": [1.181252,6.6843777,0.88749963,6.987503],
                    "texture": "#texture"
                },
                "south": {
                    "uv": [14.321874,6.512499,14.675,6.8250003],
                    "texture": "#texture"
                }
            }
        },
        {
            "from": [7.8,11.4,10.7],
            "to": [8.2,11.800001,11],
            "faces": {
                "up": {
                    "uv": [12.618753,6.4999967,13.900001,6.775],
                    "texture": "#texture",
                    "rotation": 90
                },
                "down": {
                    "uv": [14.0375,6.4906178,12.5375,6.8125],
                    "texture": "#texture",
                    "rotation": 90
                },
                "west": {
                    "uv": [13.959363,8.475,15.7,8.737504],
                    "texture": "#texture"
                },
                "east": {
                    "uv": [15.7375,8.475,13.953124,8.756253],
                    "texture": "#texture"
                },
                "north": {
                    "uv": [1.181252,6.6843777,0.88749963,6.987503],
                    "texture": "#texture"
                },
                "south": {
                    "uv": [14.321874,6.512499,14.675,6.8250003],
                    "texture": "#texture"
                }
            }
        },
        {
            "from": [7.8,11.4,12.1],
            "to": [8.2,11.800001,12.400001],
            "faces": {
                "up": {
                    "uv": [12.618753,6.4999967,13.900001,6.775],
                    "texture": "#texture",
                    "rotation": 90
                },
                "down": {
                    "uv": [14.0375,6.4906178,12.5375,6.8125],
                    "texture": "#texture",
                    "rotation": 90
                },
                "west": {
                    "uv": [13.959363,8.475,15.7,8.737504],
                    "texture": "#texture"
                },
                "east": {
                    "uv": [15.7375,8.475,13.953124,8.756253],
                    "texture": "#texture"
                },
                "north": {
                    "uv": [1.181252,6.6843777,0.88749963,6.987503],
                    "texture": "#texture"
                },
                "south": {
                    "uv": [14.321874,6.512499,14.675,6.8250003],
                    "texture": "#texture"
                }
            }
        },
        {
            "from": [7.8,11.499999,14.3],
            "to": [8.2,11.900001,14.6],
            "faces": {
                "up": {
                    "uv": [12.618753,6.4999967,13.900001,6.775],
                    "texture": "#texture",
                    "rotation": 90
                },
                "down": {
                    "uv": [14.0375,6.4906178,12.5375,6.8125],
                    "texture": "#texture",
                    "rotation": 90
                },
                "west": {
                    "uv": [13.959363,8.475,15.7,8.737504],
                    "texture": "#texture"
                },
                "east": {
                    "uv": [15.7375,8.475,13.953124,8.756253],
                    "texture": "#texture"
                },
                "north": {
                    "uv": [1.181252,6.6843777,0.88749963,6.987503],
                    "texture": "#texture"
                },
                "south": {
                    "uv": [14.321874,6.512499,14.675,6.8250003],
                    "texture": "#texture"
                }
            }
        },
        {
            "from": [7.8,11.9,14.000001],
            "to": [8.2,12.4,14.3],
            "faces": {
                "up": {
                    "uv": [12.618753,6.4999967,13.900001,6.775],
                    "texture": "#texture",
                    "rotation": 90
                },
                "down": {
                    "uv": [14.0375,6.4906178,12.5375,6.8125],
                    "texture": "#texture",
                    "rotation": 90
                },
                "west": {
                    "uv": [13.959363,8.475,15.7,8.737504],
                    "texture": "#texture"
                },
                "east": {
                    "uv": [15.7375,8.475,13.953124,8.756253],
                    "texture": "#texture"
                },
                "north": {
                    "uv": [1.181252,6.6843777,0.88749963,6.987503],
                    "texture": "#texture"
                },
                "south": {
                    "uv": [14.321874,6.512499,14.675,6.8250003],
                    "texture": "#texture"
                }
            }
        },
        {
            "from": [7.8,12.9,13.400001],
            "to": [8.2,13.300001,13.700001],
            "faces": {
                "up": {
                    "uv": [12.618753,6.4999967,13.900001,6.775],
                    "texture": "#texture",
                    "rotation": 90
                },
                "down": {
                    "uv": [14.0375,6.4906178,12.5375,6.8125],
                    "texture": "#texture",
                    "rotation": 90
                },
                "west": {
                    "uv": [13.959363,8.475,15.7,8.737504],
                    "texture": "#texture"
                },
                "east": {
                    "uv": [15.7375,8.475,13.953124,8.756253],
                    "texture": "#texture"
                },
                "north": {
                    "uv": [1.181252,6.6843777,0.88749963,6.987503],
                    "texture": "#texture"
                },
                "south": {
                    "uv": [14.321874,6.512499,14.675,6.8250003],
                    "texture": "#texture"
                }
            }
        },
        {
            "from": [7.8,12.4,13.7],
            "to": [8.2,12.900002,14],
            "faces": {
                "up": {
                    "uv": [12.618753,6.4999967,13.900001,6.775],
                    "texture": "#texture",
                    "rotation": 90
                },
                "down": {
                    "uv": [14.0375,6.4906178,12.5375,6.8125],
                    "texture": "#texture",
                    "rotation": 90
                },
                "west": {
                    "uv": [13.959363,8.475,15.7,8.737504],
                    "texture": "#texture"
                },
                "east": {
                    "uv": [15.7375,8.475,13.953124,8.756253],
                    "texture": "#texture"
                },
                "north": {
                    "uv": [1.181252,6.6843777,0.88749963,6.987503],
                    "texture": "#texture"
                },
                "south": {
                    "uv": [14.321874,6.512499,14.675,6.8250003],
                    "texture": "#texture"
                }
            }
        },
        {
            "from": [7.9,12.9,12.800001],
            "to": [8.1,13.1,12.900001],
            "faces": {
                "up": {
                    "uv": [12.618753,6.4999967,13.900001,6.775],
                    "texture": "#texture",
                    "rotation": 90
                },
                "down": {
                    "uv": [14.0375,6.4906178,12.5375,6.8125],
                    "texture": "#texture",
                    "rotation": 90
                },
                "west": {
                    "uv": [13.959363,8.475,15.7,8.737504],
                    "texture": "#texture"
                },
                "east": {
                    "uv": [15.7375,8.475,13.953124,8.756253],
                    "texture": "#texture"
                },
                "north": {
                    "uv": [1.181252,6.6843777,0.88749963,6.987503],
                    "texture": "#texture"
                },
                "south": {
                    "uv": [14.321874,6.512499,14.675,6.8250003],
                    "texture": "#texture"
                }
            }
        },
        {
            "from": [7.9,12.6,12.900001],
            "to": [8.1,13,13],
            "faces": {
                "up": {
                    "uv": [12.618753,6.4999967,13.900001,6.775],
                    "texture": "#texture",
                    "rotation": 90
                },
                "down": {
                    "uv": [14.0375,6.4906178,12.5375,6.8125],
                    "texture": "#texture",
                    "rotation": 90
                },
                "west": {
                    "uv": [13.959363,8.475,15.7,8.737504],
                    "texture": "#texture"
                },
                "east": {
                    "uv": [15.7375,8.475,13.953124,8.756253],
                    "texture": "#texture"
                },
                "north": {
                    "uv": [1.181252,6.6843777,0.88749963,6.987503],
                    "texture": "#texture"
                },
                "south": {
                    "uv": [14.321874,6.512499,14.675,6.8250003],
                    "texture": "#texture"
                }
            }
        },
        {
            "from": [7.9,12.3,13.000001],
            "to": [8.1,12.8,13.1],
            "faces": {
                "up": {
                    "uv": [12.618753,6.4999967,13.900001,6.775],
                    "texture": "#texture",
                    "rotation": 90
                },
                "down": {
                    "uv": [14.0375,6.4906178,12.5375,6.8125],
                    "texture": "#texture",
                    "rotation": 90
                },
                "west": {
                    "uv": [13.959363,8.475,15.7,8.737504],
                    "texture": "#texture"
                },
                "east": {
                    "uv": [15.7375,8.475,13.953124,8.756253],
                    "texture": "#texture"
                },
                "north": {
                    "uv": [1.181252,6.6843777,0.88749963,6.987503],
                    "texture": "#texture"
                },
                "south": {
                    "uv": [14.321874,6.512499,14.675,6.8250003],
                    "texture": "#texture"
                }
            }
        },
        {
            "from": [7.9,12.1,13.1],
            "to": [8.1,12.4,13.2],
            "faces": {
                "up": {
                    "uv": [12.618753,6.4999967,13.900001,6.775],
                    "texture": "#texture",
                    "rotation": 90
                },
                "down": {
                    "uv": [14.0375,6.4906178,12.5375,6.8125],
                    "texture": "#texture",
                    "rotation": 90
                },
                "west": {
                    "uv": [13.959363,8.475,15.7,8.737504],
                    "texture": "#texture"
                },
                "east": {
                    "uv": [15.7375,8.475,13.953124,8.756253],
                    "texture": "#texture"
                },
                "north": {
                    "uv": [1.181252,6.6843777,0.88749963,6.987503],
                    "texture": "#texture"
                },
                "south": {
                    "uv": [14.321874,6.512499,14.675,6.8250003],
                    "texture": "#texture"
                }
            }
        },
        {
            "from": [7.9,12,13.000001],
            "to": [8.1,12.1,13.2],
            "faces": {
                "up": {
                    "uv": [12.618753,6.4999967,13.900001,6.775],
                    "texture": "#texture",
                    "rotation": 90
                },
                "down": {
                    "uv": [14.0375,6.4906178,12.5375,6.8125],
                    "texture": "#texture",
                    "rotation": 90
                },
                "west": {
                    "uv": [13.959363,8.475,15.7,8.737504],
                    "texture": "#texture"
                },
                "east": {
                    "uv": [15.7375,8.475,13.953124,8.756253],
                    "texture": "#texture"
                },
                "north": {
                    "uv": [1.181252,6.6843777,0.88749963,6.987503],
                    "texture": "#texture"
                },
                "south": {
                    "uv": [14.321874,6.512499,14.675,6.8250003],
                    "texture": "#texture"
                }
            }
        },
        {
            "from": [7.5000005,8.9,6.600001],
            "to": [8.5,11.499999,7.6000004],
            "faces": {
                "up": {
                    "uv": [10.450004,10.087505,11.375,10.60625],
                    "texture": "#texture",
                    "rotation": 90
                },
                "down": {
                    "uv": [11.39375,9.218746,11.112497,9.625],
                    "texture": "#texture",
                    "rotation": 90
                },
                "west": {
                    "uv": [8.065622,8.737501,9.04375,10.73125],
                    "texture": "#texture"
                },
                "east": {
                    "uv": [11.39375,8.493754,10.465626,10.70625],
                    "texture": "#texture"
                },
                "north": {
                    "uv": [11.41875,8.48125,10.51875,10.76875],
                    "texture": "#texture"
                },
                "south": {
                    "uv": [9.290628,8.5687475,10.23125,10.70625],
                    "texture": "#texture"
                }
            }
        },
        {
            "from": [7.8,11.5,6.9000006],
            "to": [8.2,12.099999,7.3],
            "faces": {
                "up": {
                    "uv": [10.450004,10.087505,11.375,10.60625],
                    "texture": "#texture",
                    "rotation": 90
                },
                "down": {
                    "uv": [11.39375,9.218746,11.112497,9.625],
                    "texture": "#texture",
                    "rotation": 90
                },
                "west": {
                    "uv": [8.065622,8.737501,9.04375,10.73125],
                    "texture": "#texture"
                },
                "east": {
                    "uv": [11.39375,8.493754,10.465626,10.70625],
                    "texture": "#texture"
                },
                "north": {
                    "uv": [11.41875,8.48125,10.51875,10.76875],
                    "texture": "#texture"
                },
                "south": {
                    "uv": [9.290628,8.5687475,10.23125,10.70625],
                    "texture": "#texture"
                }
            }
        },
        {
            "from": [7.7000003,13.5,7.5],
            "to": [8.3,13.6,9.900001],
            "faces": {
                "up": {
                    "uv": [7.3562536,5.9312506,8.375,6.25],
                    "texture": "#texture",
                    "rotation": 90
                },
                "down": {
                    "uv": [8.46875,6.668749,7.7874994,7.149996],
                    "texture": "#texture",
                    "rotation": 90
                },
                "west": {
                    "uv": [7.434375,5.9000006,8.33125,6.26875],
                    "texture": "#texture"
                },
                "east": {
                    "uv": [8.55,5.871873,7.403125,6.28125],
                    "texture": "#texture"
                },
                "north": {
                    "uv": [6.8125,5.51875,6.5062494,5.84375],
                    "texture": "#texture"
                },
                "south": {
                    "uv": [7.9718733,5.925,8.6875,6.25],
                    "texture": "#texture"
                }
            }
        },
        {
            "from": [7.8,9.1,6.5],
            "to": [8.2,11.4,7.7000003],
            "faces": {
                "up": {
                    "uv": [10.450004,10.087505,11.375,10.60625],
                    "texture": "#texture",
                    "rotation": 90
                },
                "down": {
                    "uv": [11.39375,9.218746,11.112497,9.625],
                    "texture": "#texture",
                    "rotation": 90
                },
                "west": {
                    "uv": [8.065622,8.737501,9.04375,10.73125],
                    "texture": "#texture"
                },
                "east": {
                    "uv": [11.39375,8.493754,10.465626,10.70625],
                    "texture": "#texture"
                },
                "north": {
                    "uv": [11.41875,8.48125,10.51875,10.76875],
                    "texture": "#texture"
                },
                "south": {
                    "uv": [9.290628,8.5687475,10.23125,10.70625],
                    "texture": "#texture"
                }
            }
        },
        {
            "from": [7.4,9.1,6.9],
            "to": [8.6,11.4,7.3],
            "faces": {
                "up": {
                    "uv": [10.450004,10.087505,11.375,10.60625],
                    "texture": "#texture",
                    "rotation": 90
                },
                "down": {
                    "uv": [11.39375,9.218746,11.112497,9.625],
                    "texture": "#texture",
                    "rotation": 90
                },
                "west": {
                    "uv": [8.065622,8.737501,9.04375,10.73125],
                    "texture": "#texture"
                },
                "east": {
                    "uv": [11.39375,8.493754,10.465626,10.70625],
                    "texture": "#texture"
                },
                "north": {
                    "uv": [11.41875,8.48125,10.51875,10.76875],
                    "texture": "#texture"
                },
                "south": {
                    "uv": [9.290628,8.5687475,10.23125,10.70625],
                    "texture": "#texture"
                }
            }
        },
        {
            "from": [7.8,11.5,9.6],
            "to": [8.2,12.099999,10],
            "faces": {
                "up": {
                    "uv": [10.450004,10.087505,11.375,10.60625],
                    "texture": "#texture",
                    "rotation": 90
                },
                "down": {
                    "uv": [11.39375,9.218746,11.112497,9.625],
                    "texture": "#texture",
                    "rotation": 90
                },
                "west": {
                    "uv": [8.065622,8.737501,9.04375,10.73125],
                    "texture": "#texture"
                },
                "east": {
                    "uv": [11.39375,8.493754,10.465626,10.70625],
                    "texture": "#texture"
                },
                "north": {
                    "uv": [11.41875,8.48125,10.51875,10.76875],
                    "texture": "#texture"
                },
                "south": {
                    "uv": [9.290628,8.5687475,10.23125,10.70625],
                    "texture": "#texture"
                }
            }
        },
        {
            "from": [7.5000005,8.9,9.3],
            "to": [8.5,11.499999,10.3],
            "faces": {
                "up": {
                    "uv": [10.450004,10.087505,11.375,10.60625],
                    "texture": "#texture",
                    "rotation": 90
                },
                "down": {
                    "uv": [11.39375,9.218746,11.112497,9.625],
                    "texture": "#texture",
                    "rotation": 90
                },
                "west": {
                    "uv": [8.065622,8.737501,9.04375,10.73125],
                    "texture": "#texture"
                },
                "east": {
                    "uv": [11.39375,8.493754,10.465626,10.70625],
                    "texture": "#texture"
                },
                "north": {
                    "uv": [11.41875,8.48125,10.51875,10.76875],
                    "texture": "#texture"
                },
                "south": {
                    "uv": [9.290628,8.5687475,10.23125,10.70625],
                    "texture": "#texture"
                }
            }
        },
        {
            "from": [7.8,9.1,9.2],
            "to": [8.2,11.4,10.400001],
            "faces": {
                "up": {
                    "uv": [10.450004,10.087505,11.375,10.60625],
                    "texture": "#texture",
                    "rotation": 90
                },
                "down": {
                    "uv": [11.39375,9.218746,11.112497,9.625],
                    "texture": "#texture",
                    "rotation": 90
                },
                "west": {
                    "uv": [8.065622,8.737501,9.04375,10.73125],
                    "texture": "#texture"
                },
                "east": {
                    "uv": [11.39375,8.493754,10.465626,10.70625],
                    "texture": "#texture"
                },
                "north": {
                    "uv": [11.41875,8.48125,10.51875,10.76875],
                    "texture": "#texture"
                },
                "south": {
                    "uv": [9.290628,8.5687475,10.23125,10.70625],
                    "texture": "#texture"
                }
            }
        },
        {
            "from": [7.4,9.1,9.599999],
            "to": [8.6,11.4,10],
            "faces": {
                "up": {
                    "uv": [10.450004,10.087505,11.375,10.60625],
                    "texture": "#texture",
                    "rotation": 90
                },
                "down": {
                    "uv": [11.39375,9.218746,11.112497,9.625],
                    "texture": "#texture",
                    "rotation": 90
                },
                "west": {
                    "uv": [8.065622,8.737501,9.04375,10.73125],
                    "texture": "#texture"
                },
                "east": {
                    "uv": [11.39375,8.493754,10.465626,10.70625],
                    "texture": "#texture"
                },
                "north": {
                    "uv": [11.41875,8.48125,10.51875,10.76875],
                    "texture": "#texture"
                },
                "south": {
                    "uv": [9.290628,8.5687475,10.23125,10.70625],
                    "texture": "#texture"
                }
            }
        },
        {
            "from": [7.8,11.5,8.3],
            "to": [8.2,12.099999,8.7],
            "faces": {
                "up": {
                    "uv": [10.450004,10.087505,11.375,10.60625],
                    "texture": "#texture",
                    "rotation": 90
                },
                "down": {
                    "uv": [11.39375,9.218746,11.112497,9.625],
                    "texture": "#texture",
                    "rotation": 90
                },
                "west": {
                    "uv": [8.065622,8.737501,9.04375,10.73125],
                    "texture": "#texture"
                },
                "east": {
                    "uv": [11.39375,8.493754,10.465626,10.70625],
                    "texture": "#texture"
                },
                "north": {
                    "uv": [11.41875,8.48125,10.51875,10.76875],
                    "texture": "#texture"
                },
                "south": {
                    "uv": [9.290628,8.5687475,10.23125,10.70625],
                    "texture": "#texture"
                }
            }
        },
        {
            "from": [7.5000005,8.9,8],
            "to": [8.5,11.499999,9],
            "faces": {
                "up": {
                    "uv": [10.450004,10.087505,11.375,10.60625],
                    "texture": "#texture",
                    "rotation": 90
                },
                "down": {
                    "uv": [11.39375,9.218746,11.112497,9.625],
                    "texture": "#texture",
                    "rotation": 90
                },
                "west": {
                    "uv": [8.065622,8.737501,9.04375,10.73125],
                    "texture": "#texture"
                },
                "east": {
                    "uv": [11.39375,8.493754,10.465626,10.70625],
                    "texture": "#texture"
                },
                "north": {
                    "uv": [11.41875,8.48125,10.51875,10.76875],
                    "texture": "#texture"
                },
                "south": {
                    "uv": [9.290628,8.5687475,10.23125,10.70625],
                    "texture": "#texture"
                }
            }
        },
        {
            "from": [7.8,9.1,7.8999996],
            "to": [8.2,11.4,9.1],
            "faces": {
                "up": {
                    "uv": [10.450004,10.087505,11.375,10.60625],
                    "texture": "#texture",
                    "rotation": 90
                },
                "down": {
                    "uv": [11.39375,9.218746,11.112497,9.625],
                    "texture": "#texture",
                    "rotation": 90
                },
                "west": {
                    "uv": [8.065622,8.737501,9.04375,10.73125],
                    "texture": "#texture"
                },
                "east": {
                    "uv": [11.39375,8.493754,10.465626,10.70625],
                    "texture": "#texture"
                },
                "north": {
                    "uv": [11.41875,8.48125,10.51875,10.76875],
                    "texture": "#texture"
                },
                "south": {
                    "uv": [9.290628,8.5687475,10.23125,10.70625],
                    "texture": "#texture"
                }
            }
        },
        {
            "from": [7.4,9.1,8.299999],
            "to": [8.6,11.4,8.7],
            "faces": {
                "up": {
                    "uv": [10.450004,10.087505,11.375,10.60625],
                    "texture": "#texture",
                    "rotation": 90
                },
                "down": {
                    "uv": [11.39375,9.218746,11.112497,9.625],
                    "texture": "#texture",
                    "rotation": 90
                },
                "west": {
                    "uv": [8.065622,8.737501,9.04375,10.73125],
                    "texture": "#texture"
                },
                "east": {
                    "uv": [11.39375,8.493754,10.465626,10.70625],
                    "texture": "#texture"
                },
                "north": {
                    "uv": [11.41875,8.48125,10.51875,10.76875],
                    "texture": "#texture"
                },
                "south": {
                    "uv": [9.290628,8.5687475,10.23125,10.70625],
                    "texture": "#texture"
                }
            }
        },
        {
            "from": [7.6,8.799999,9.4],
            "to": [8.400001,8.9,10.2],
            "faces": {
                "up": {
                    "uv": [10.450004,10.087505,11.375,10.60625],
                    "texture": "#texture",
                    "rotation": 90
                },
                "down": {
                    "uv": [11.39375,9.218746,11.112497,9.625],
                    "texture": "#texture",
                    "rotation": 90
                },
                "west": {
                    "uv": [8.065622,8.737501,9.04375,10.73125],
                    "texture": "#texture"
                },
                "east": {
                    "uv": [11.39375,8.493754,10.465626,10.70625],
                    "texture": "#texture"
                },
                "north": {
                    "uv": [11.41875,8.48125,10.51875,10.76875],
                    "texture": "#texture"
                },
                "south": {
                    "uv": [9.290628,8.5687475,10.23125,10.70625],
                    "texture": "#texture"
                }
            }
        },
        {
            "from": [7.6,8.799999,8.099999],
            "to": [8.400001,8.9,8.9],
            "faces": {
                "up": {
                    "uv": [10.450004,10.087505,11.375,10.60625],
                    "texture": "#texture",
                    "rotation": 90
                },
                "down": {
                    "uv": [11.39375,9.218746,11.112497,9.625],
                    "texture": "#texture",
                    "rotation": 90
                },
                "west": {
                    "uv": [8.065622,8.737501,9.04375,10.73125],
                    "texture": "#texture"
                },
                "east": {
                    "uv": [11.39375,8.493754,10.465626,10.70625],
                    "texture": "#texture"
                },
                "north": {
                    "uv": [11.41875,8.48125,10.51875,10.76875],
                    "texture": "#texture"
                },
                "south": {
                    "uv": [9.290628,8.5687475,10.23125,10.70625],
                    "texture": "#texture"
                }
            }
        },
        {
            "from": [7.6,8.799999,6.6999993],
            "to": [8.400001,8.9,7.4999995],
            "faces": {
                "up": {
                    "uv": [10.450004,10.087505,11.375,10.60625],
                    "texture": "#texture",
                    "rotation": 90
                },
                "down": {
                    "uv": [11.39375,9.218746,11.112497,9.625],
                    "texture": "#texture",
                    "rotation": 90
                },
                "west": {
                    "uv": [8.065622,8.737501,9.04375,10.73125],
                    "texture": "#texture"
                },
                "east": {
                    "uv": [11.39375,8.493754,10.465626,10.70625],
                    "texture": "#texture"
                },
                "north": {
                    "uv": [11.41875,8.48125,10.51875,10.76875],
                    "texture": "#texture"
                },
                "south": {
                    "uv": [9.290628,8.5687475,10.23125,10.70625],
                    "texture": "#texture"
                }
            }
        },
        {
            "from": [8,11.500001,-1.8000001],
            "to": [8,14.500001,0.4],
            "faces": {
                "down": {
                    "uv": [4.875,7.9531174,0.9749994,8.15625],
                    "texture": "#texture",
                    "rotation": 90
                },
                "west": {
                    "uv": [0,0,16,16],
                    "texture": "#flameth"
                },
                "east": {
                    "uv": [16,0,0,16],
                    "texture": "#flameth"
                }
            }
        }
    ],
	"display": {
	"thirdperson": {"rotation": [ 150, 180, 10], "translation": [ -0.5,8,0 ], "scale": [ 2, 2, 2 ]},
	"firstperson": {"rotation": [ 5, -50, 0], "translation": [ -5, -4, 2 ], "scale": [ 5, 5, 5 ]},
	"gui": {"rotation": [ 0, 180, 0], "translation": [ -5, -10, 0 ], "scale": [ 5, 5, 5 ]},
	"ground": {"scale": [5, 5, 5 ]},
	"fixed": {"rotation": [ 0, 90, 0],"scale": [ 3, 3, 3 ]}
	}
}