{
    "__createdwith": "opl's Model Creator",
    "ambientocclusion": false,
    "textures": {
        "texture": "items/egg",
        "particle": "items/egg"
    },
    "elements": [
        {
            "from": [6,7,6],
            "to": [9,9,9],
            "faces": {
                "up": {
                    "uv": [5.5625,7.75,10.75,12.5],
                    "texture": "#texture",
                    "rotation": 90
                },
                "down": {
                    "uv": [5.625,7.75,10.5,12.5625],
                    "texture": "#texture",
                    "rotation": 90
                },
                "west": {
                    "uv": [5.5,10.1875,10.5625,12.5],
                    "texture": "#texture"
                },
                "east": {
                    "uv": [6.25,6.4375,9.75,8.125],
                    "texture": "#texture"
                },
                "north": {
                    "uv": [5.5,8.4375,10.9375,10.5],
                    "texture": "#texture"
                },
                "south": {
                    "uv": [5.8125,10.25,10.625,12.3125],
                    "texture": "#texture"
                }
            }
        },
        {
            "from": [6.5,7.25,5.75],
            "to": [8.5,8.75,9.25],
            "faces": {
                "up": {
                    "uv": [5.5625,7.75,10.75,12.5],
                    "texture": "#texture",
                    "rotation": 90
                },
                "down": {
                    "uv": [5.625,7.75,10.5,12.5625],
                    "texture": "#texture",
                    "rotation": 90
                },
                "west": {
                    "uv": [5.5,10.1875,10.5625,12.5],
                    "texture": "#texture"
                },
                "east": {
                    "uv": [6.25,6.4375,9.75,8.125],
                    "texture": "#texture"
                },
                "north": {
                    "uv": [5.5,8.4375,10.9375,10.5],
                    "texture": "#texture"
                },
                "south": {
                    "uv": [5.8125,10.25,10.625,12.3125],
                    "texture": "#texture"
                }
            }
        },
        {
            "from": [5.75,7.25,6.5],
            "to": [9.25,8.75,8.5],
            "faces": {
                "up": {
                    "uv": [5.5625,7.75,10.75,12.5],
                    "texture": "#texture",
                    "rotation": 90
                },
                "down": {
                    "uv": [5.625,7.75,10.5,12.5625],
                    "texture": "#texture",
                    "rotation": 90
                },
                "west": {
                    "uv": [5.5,10.1875,10.5625,12.5],
                    "texture": "#texture"
                },
                "east": {
                    "uv": [6.25,6.4375,9.75,8.125],
                    "texture": "#texture"
                },
                "north": {
                    "uv": [5.5,8.4375,10.9375,10.5],
                    "texture": "#texture"
                },
                "south": {
                    "uv": [5.8125,10.25,10.625,12.3125],
                    "texture": "#texture"
                }
            }
        },
        {
            "from": [6.25,9,6.25],
            "to": [8.75,10,8.75],
            "faces": {
                "up": {
                    "uv": [5.5625,7.75,10.75,12.5],
                    "texture": "#texture",
                    "rotation": 90
                },
                "down": {
                    "uv": [5.625,7.75,10.5,12.5625],
                    "texture": "#texture",
                    "rotation": 90
                },
                "west": {
                    "uv": [5.5,10.1875,10.5625,12.5],
                    "texture": "#texture"
                },
                "east": {
                    "uv": [6.25,6.4375,9.75,8.125],
                    "texture": "#texture"
                },
                "north": {
                    "uv": [5.5,8.4375,10.9375,10.5],
                    "texture": "#texture"
                },
                "south": {
                    "uv": [5.8125,10.25,10.625,12.3125],
                    "texture": "#texture"
                }
            }
        },
        {
            "from": [6.25,6.25,6.25],
            "to": [8.75,7,8.75],
            "faces": {
                "up": {
                    "uv": [5.5625,7.75,10.75,12.5],
                    "texture": "#texture",
                    "rotation": 90
                },
                "down": {
                    "uv": [5.625,7.75,10.5,12.5625],
                    "texture": "#texture",
                    "rotation": 90
                },
                "west": {
                    "uv": [5.5,10.1875,10.5625,12.5],
                    "texture": "#texture"
                },
                "east": {
                    "uv": [6.25,6.4375,9.75,8.125],
                    "texture": "#texture"
                },
                "north": {
                    "uv": [5.5,8.4375,10.9375,10.5],
                    "texture": "#texture"
                },
                "south": {
                    "uv": [5.8125,10.25,10.625,12.3125],
                    "texture": "#texture"
                }
            }
        },
        {
            "from": [6.75,10,6.5],
            "to": [8.25,10.75,8.5],
            "faces": {
                "up": {
                    "uv": [5.5625,7.75,10.75,12.5],
                    "texture": "#texture",
                    "rotation": 90
                },
                "down": {
                    "uv": [5.625,7.75,10.5,12.5625],
                    "texture": "#texture",
                    "rotation": 90
                },
                "west": {
                    "uv": [5.5,10.1875,10.5625,12.5],
                    "texture": "#texture"
                },
                "east": {
                    "uv": [6.25,6.4375,9.75,8.125],
                    "texture": "#texture"
                },
                "north": {
                    "uv": [5.5,8.4375,10.9375,10.5],
                    "texture": "#texture"
                },
                "south": {
                    "uv": [5.8125,10.25,10.625,12.3125],
                    "texture": "#texture"
                }
            }
        },
        {
            "from": [6.5,10,6.75],
            "to": [8.5,10.75,8.25],
            "faces": {
                "up": {
                    "uv": [5.5625,7.75,10.75,12.5],
                    "texture": "#texture",
                    "rotation": 90
                },
                "down": {
                    "uv": [5.625,7.75,10.5,12.5625],
                    "texture": "#texture",
                    "rotation": 90
                },
                "west": {
                    "uv": [5.5,10.1875,10.5625,12.5],
                    "texture": "#texture"
                },
                "east": {
                    "uv": [6.25,6.4375,9.75,8.125],
                    "texture": "#texture"
                },
                "north": {
                    "uv": [5.5,8.4375,10.9375,10.5],
                    "texture": "#texture"
                },
                "south": {
                    "uv": [5.8125,10.25,10.625,12.3125],
                    "texture": "#texture"
                }
            }
        },
        {
            "from": [7,10.75,7],
            "to": [8,11.5,8],
            "faces": {
                "up": {
                    "uv": [5.5625,7.75,10.75,12.5],
                    "texture": "#texture",
                    "rotation": 90
                },
                "down": {
                    "uv": [5.625,7.75,10.5,12.5625],
                    "texture": "#texture",
                    "rotation": 90
                },
                "west": {
                    "uv": [5.5,10.1875,10.5625,12.5],
                    "texture": "#texture"
                },
                "east": {
                    "uv": [6.25,6.4375,9.75,8.125],
                    "texture": "#texture"
                },
                "north": {
                    "uv": [5.5,8.4375,10.9375,10.5],
                    "texture": "#texture"
                },
                "south": {
                    "uv": [5.8125,10.25,10.625,12.3125],
                    "texture": "#texture"
                }
            }
        },
        {
            "from": [6.5,6,6.5],
            "to": [8.5,6.25,8.5],
            "faces": {
                "up": {
                    "uv": [5.5625,7.75,10.75,12.5],
                    "texture": "#texture",
                    "rotation": 90
                },
                "down": {
                    "uv": [5.625,7.75,10.5,12.5625],
                    "texture": "#texture",
                    "rotation": 90
                },
                "west": {
                    "uv": [5.5,10.1875,10.5625,12.5],
                    "texture": "#texture"
                },
                "east": {
                    "uv": [6.25,6.4375,9.75,8.125],
                    "texture": "#texture"
                },
                "north": {
                    "uv": [5.5,8.4375,10.9375,10.5],
                    "texture": "#texture"
                },
                "south": {
                    "uv": [5.8125,10.25,10.625,12.3125],
                    "texture": "#texture"
                }
            }
        },
        {
            "from": [7.25,11.5,7.25],
            "to": [7.75,13.25,7.75],
            "faces": {
                "up": {
                    "uv": [8,4.1875,8.625,4.5],
                    "texture": "#texture",
                    "rotation": 90
                },
                "down": {
                    "uv": [5.625,7.75,10.5,12.5625],
                    "texture": "#texture",
                    "rotation": 90
                },
                "west": {
                    "uv": [7.5625,0.875,8.75,1.5625],
                    "texture": "#texture"
                },
                "east": {
                    "uv": [7.75,0.8125,8.8125,1.5],
                    "texture": "#texture"
                },
                "north": {
                    "uv": [7.625,0.8125,8.75,1.625],
                    "texture": "#texture"
                },
                "south": {
                    "uv": [7.75,0.875,8.75,1.5625],
                    "texture": "#texture"
                }
            }
        },
        {
            "from": [7.5,11.75,7.75],
            "to": [7.75,13,9],
            "faces": {
                "west": {
                    "uv": [8.0625,1.3125,11.25,4.65625],
                    "texture": "#texture"
                },
                "east": {
                    "uv": [11.21875,1.28125,8.0625,4.71875],
                    "texture": "#texture"
                },
                "north": {
                    "uv": [7.625,0.8125,8.75,1.625],
                    "texture": "#texture"
                }
            }
        },
        {
            "from": [7.5,12,6.25],
            "to": [7.75,12.5,7.25],
            "faces": {
                "up": {
                    "uv": [8,4.1875,8.625,4.5],
                    "texture": "#texture",
                    "rotation": 90
                },
                "down": {
                    "uv": [5.625,7.75,10.5,12.5625],
                    "texture": "#texture",
                    "rotation": 90
                },
                "west": {
                    "uv": [7.5625,0.875,8.75,1.5625],
                    "texture": "#texture"
                },
                "east": {
                    "uv": [7.75,0.8125,8.8125,1.5],
                    "texture": "#texture"
                },
                "north": {
                    "uv": [7.625,0.8125,8.75,1.625],
                    "texture": "#texture"
                },
                "south": {
                    "uv": [7.75,0.875,8.75,1.5625],
                    "texture": "#texture"
                }
            }
        },
        {
            "from": [7.5,11,6],
            "to": [7.75,12.25,6.25],
            "faces": {
                "up": {
                    "uv": [8,4.1875,8.625,4.5],
                    "texture": "#texture",
                    "rotation": 90
                },
                "down": {
                    "uv": [5.625,7.75,10.5,12.5625],
                    "texture": "#texture",
                    "rotation": 90
                },
                "west": {
                    "uv": [7.5625,0.875,8.75,1.5625],
                    "texture": "#texture"
                },
                "east": {
                    "uv": [7.75,0.8125,8.8125,1.5],
                    "texture": "#texture"
                },
                "north": {
                    "uv": [7.625,0.8125,8.75,1.625],
                    "texture": "#texture"
                },
                "south": {
                    "uv": [7.75,0.875,8.75,1.5625],
                    "texture": "#texture"
                }
            }
        },
        {
            "from": [8,7.25,8],
            "to": [8.25,9,8.25],
            "faces": {
                "up": {
                    "uv": [8,4.1875,8.625,4.5],
                    "texture": "#texture",
                    "rotation": 90
                },
                "down": {
                    "uv": [5.625,7.75,10.5,12.5625],
                    "texture": "#texture",
                    "rotation": 90
                },
                "west": {
                    "uv": [7.5625,0.875,8.75,1.5625],
                    "texture": "#texture"
                },
                "east": {
                    "uv": [7.75,0.8125,8.8125,1.5],
                    "texture": "#texture"
                },
                "north": {
                    "uv": [7.625,0.8125,8.75,1.625],
                    "texture": "#texture"
                },
                "south": {
                    "uv": [7.75,0.875,8.75,1.5625],
                    "texture": "#texture"
                }
            }
        },
        {
            "from": [8,7.25,8],
            "to": [8.25,9,8.25],
            "faces": {
                "up": {
                    "uv": [8,4.1875,8.625,4.5],
                    "texture": "#texture",
                    "rotation": 90
                },
                "down": {
                    "uv": [5.625,7.75,10.5,12.5625],
                    "texture": "#texture",
                    "rotation": 90
                },
                "west": {
                    "uv": [7.5625,0.875,8.75,1.5625],
                    "texture": "#texture"
                },
                "east": {
                    "uv": [7.75,0.8125,8.8125,1.5],
                    "texture": "#texture"
                },
                "north": {
                    "uv": [7.625,0.8125,8.75,1.625],
                    "texture": "#texture"
                },
                "south": {
                    "uv": [7.75,0.875,8.75,1.5625],
                    "texture": "#texture"
                }
            }
        },
        {
            "from": [7.5,10,5.75],
            "to": [7.75,11.25,6],
            "faces": {
                "up": {
                    "uv": [8,4.1875,8.625,4.5],
                    "texture": "#texture",
                    "rotation": 90
                },
                "down": {
                    "uv": [5.625,7.75,10.5,12.5625],
                    "texture": "#texture",
                    "rotation": 90
                },
                "west": {
                    "uv": [7.5625,0.875,8.75,1.5625],
                    "texture": "#texture"
                },
                "east": {
                    "uv": [7.75,0.8125,8.8125,1.5],
                    "texture": "#texture"
                },
                "north": {
                    "uv": [7.625,0.8125,8.75,1.625],
                    "texture": "#texture"
                },
                "south": {
                    "uv": [7.75,0.875,8.75,1.5625],
                    "texture": "#texture"
                }
            }
        },
        {
            "from": [7.5,9,5.5],
            "to": [7.75,10.25,5.75],
            "faces": {
                "up": {
                    "uv": [8,4.1875,8.625,4.5],
                    "texture": "#texture",
                    "rotation": 90
                },
                "down": {
                    "uv": [5.625,7.75,10.5,12.5625],
                    "texture": "#texture",
                    "rotation": 90
                },
                "west": {
                    "uv": [7.5625,0.875,8.75,1.5625],
                    "texture": "#texture"
                },
                "east": {
                    "uv": [7.75,0.8125,8.8125,1.5],
                    "texture": "#texture"
                },
                "north": {
                    "uv": [7.625,0.8125,8.75,1.625],
                    "texture": "#texture"
                },
                "south": {
                    "uv": [7.75,0.875,8.75,1.5625],
                    "texture": "#texture"
                }
            }
        },
        {
            "from": [7.5,7.25,5.25],
            "to": [7.75,9.25,5.5],
            "faces": {
                "up": {
                    "uv": [8,4.1875,8.625,4.5],
                    "texture": "#texture",
                    "rotation": 90
                },
                "down": {
                    "uv": [5.625,7.75,10.5,12.5625],
                    "texture": "#texture",
                    "rotation": 90
                },
                "west": {
                    "uv": [7.5625,0.875,8.75,1.5625],
                    "texture": "#texture"
                },
                "east": {
                    "uv": [7.75,0.8125,8.8125,1.5],
                    "texture": "#texture"
                },
                "north": {
                    "uv": [7.625,0.8125,8.75,1.625],
                    "texture": "#texture"
                },
                "south": {
                    "uv": [7.75,0.875,8.75,1.5625],
                    "texture": "#texture"
                }
            }
        }
    ],
	"display": {
	"thirdperson": {"rotation": [ 180, 90, -50], "translation": [ 0, 1, -2 ], "scale": [ 1, 1, 1 ]},
	"firstperson": {"rotation": [ -10, 10, 0], "translation": [ 4, 2, 2], "scale": [ 2, 2, 2 ]},
	"gui": {"rotation": [ 0, 90, 20 ], "translation": [ -2, -2, 0 ], "scale": [ 4, 4, 4 ]},
	"ground": {"rotation": [ 0, 90, 20 ],"scale": [5, 5, 5 ], "translation": [ 0, -10, 0 ]},
	"fixed": {"rotation": [ 0, 90, 20 ],"scale": [ 2, 2, 2 ]}
	}
}