{
    "variants": {
        "shape=north_south":  { "model": "rail_normal" },
        "shape=east_west":  { "model": "rail_normal", "y": 90 },
        "shape=ascending_east": { "model": "rail_normal_r", "y": 90 },
        "shape=ascending_west": { "model": "rail_normal_r", "y": 270 },
        "shape=ascending_north": { "model": "rail_normal_r" },
        "shape=ascending_south": { "model": "rail_normal_r", "y": 180 },
        "shape=south_east": { "model": "rail_curved" },
        "shape=south_west": { "model": "rail_curved", "y": 90 },
        "shape=north_west": { "model": "rail_curved", "y": 180 },
        "shape=north_east": { "model": "rail_curved", "y": 270 }
    }
}
