{
"__comment":"Made by Know2Good, part of the 'Default 3D™' resource pack || Official download page: http://www.planetminecraft.com/texture_pack/default-3d-2985741/ || © Know2Good. All rights reserved. ",
    "variants": {
        "normal": [
            { "model": "tall_grass_0", "weight": 40 },
            { "model": "tall_grass_1", "weight": 40 },
            { "model": "tall_grass_2", "weight": 40 },
			{ "model": "tall_grass_3", "weight": 10 },
            { "model": "tall_grass_4", "weight": 5 }
        ]
    }
}
