{
  "glock_sliderelease": {
    "category": "master",
    "sounds": [
      {
        "name": "custom/weapons/glock/glock_sliderelease",
        "stream": true
      }
    ]
  },
  "m249_boxin": {
    "category": "master",
    "sounds": [
      {
        "name": "custom/weapons/m249/m249_boxin",
        "stream": true
      }
    ]
  },
  "usp_slideback2": {
    "category": "master",
    "sounds": [
      {
        "name": "custom/weapons/usp/usp_slideback2",
        "stream": true
      }
    ]
  },
  "usp_clipout": {
    "category": "master",
    "sounds": [
      {
        "name": "custom/weapons/usp/usp_clipout",
        "stream": true
      }
    ]
  },
  "ak47_clipout": {
    "category": "master",
    "sounds": [
      {
        "name": "custom/weapons/ak47/ak47_clipout",
        "stream": true
      }
    ]
  },
  "de_deploy": {
    "category": "master",
    "sounds": [
      {
        "name": "custom/weapons/deagle/de_deploy",
        "stream": true
      }
    ]
  },
  "m249_chain": {
    "category": "master",
    "sounds": [
      {
        "name": "custom/weapons/m249/m249_chain",
        "stream": true
      }
    ]
  },
  "ak47-1": {
    "category": "master",
    "sounds": [
      {
        "name": "custom/weapons/ak47/ak47-1",
        "stream": true
      }
    ]
  },
  "ClipEmpty_Pistol": {
    "category": "master",
    "sounds": [
      {
        "name": "custom/weapons/ClipEmpty_Pistol",
        "stream": true
      }
    ]
  },
  "scout_clipout": {
    "category": "master",
    "sounds": [
      {
        "name": "custom/weapons/scout_rifle/scout_clipout",
        "stream": true
      }
    ]
  },
  "m249-1": {
    "category": "master",
    "sounds": [
      {
        "name": "custom/weapons/m249/m249-1",
        "stream": true
      }
    ]
  },
  "usp_clipin": {
    "category": "master",
    "sounds": [
      {
        "name": "custom/weapons/usp/usp_clipin",
        "stream": true
      }
    ]
  },
  "m249_boxout": {
    "category": "master",
    "sounds": [
      {
        "name": "custom/weapons/m249/m249_boxout",
        "stream": true
      }
    ]
  },
  "aug-1": {
    "category": "master",
    "sounds": [
      {
        "name": "custom/weapons/aug/aug-1",
        "stream": true
      }
    ]
  },
  "usp_silencer_on": {
    "category": "master",
    "sounds": [
      {
        "name": "custom/weapons/usp/usp_silencer_on",
        "stream": true
      }
    ]
  },
  "scout_bolt": {
    "category": "master",
    "sounds": [
      {
        "name": "custom/weapons/scout_rifle/scout_bolt",
        "stream": true
      }
    ]
  },
  "usp_sliderelease": {
    "category": "master",
    "sounds": [
      {
        "name": "custom/weapons/usp/usp_sliderelease",
        "stream": true
      }
    ]
  },
  "m4a1_silencer_off": {
    "category": "master",
    "sounds": [
      {
        "name": "custom/weapons/m4a1/m4a1_silencer_off",
        "stream": true
      }
    ]
  },
  "p90_cliprelease": {
    "category": "master",
    "sounds": [
      {
        "name": "custom/weapons/p90/p90_cliprelease",
        "stream": true
      }
    ]
  },
  "he_bounce-1": {
    "category": "master",
    "sounds": [
      {
        "name": "custom/weapons/he_bounce-1",
        "stream": true
      }
    ]
  },
  "usp_slideback": {
    "category": "master",
    "sounds": [
      {
        "name": "custom/weapons/usp/usp_slideback",
        "stream": true
      }
    ]
  },
  "mac10_clipin": {
    "category": "master",
    "sounds": [
      {
        "name": "custom/weapons/uzi/mac10_clipin",
        "stream": true
      }
    ]
  },
  "usp_silencer_off": {
    "category": "master",
    "sounds": [
      {
        "name": "custom/weapons/usp/usp_silencer_off",
        "stream": true
      }
    ]
  },
  "knife_slash1": {
    "category": "master",
    "sounds": [
      {
        "name": "custom/weapons/knife/knife_slash1",
        "stream": true
      }
    ]
  },
  "mp5_slideback": {
    "category": "master",
    "sounds": [
      {
        "name": "custom/weapons/mp5/mp5_slideback",
        "stream": true
      }
    ]
  },
  "knife_slash2": {
    "category": "master",
    "sounds": [
      {
        "name": "custom/weapons/knife/knife_slash2",
        "stream": true
      }
    ]
  },
  "usp_unsil-1": {
    "category": "master",
    "sounds": [
      {
        "name": "custom/weapons/usp/usp_unsil-1",
        "stream": true
      }
    ]
  },
  "mac10_clipout": {
    "category": "master",
    "sounds": [
      {
        "name": "custom/weapons/uzi/mac10_clipout",
        "stream": true
      }
    ]
  },
  "m4a1_deploy": {
    "category": "master",
    "sounds": [
      {
        "name": "custom/weapons/m4a1/m4a1_deploy",
        "stream": true
      }
    ]
  },
  "awp_clipout": {
    "category": "master",
    "sounds": [
      {
        "name": "custom/weapons/awp/awp_clipout",
        "stream": true
      }
    ]
  },
  "mp5-1": {
    "category": "master",
    "sounds": [
      {
        "name": "custom/weapons/mp5/mp5-1",
        "stream": true
      }
    ]
  },
  "glock_clipin": {
    "category": "master",
    "sounds": [
      {
        "name": "custom/weapons/glock/glock_clipin",
        "stream": true
      }
    ]
  },
  "p90_boltpull": {
    "category": "master",
    "sounds": [
      {
        "name": "custom/weapons/p90/p90_boltpull",
        "stream": true
      }
    ]
  },
  "knife_hit3": {
    "category": "master",
    "sounds": [
      {
        "name": "custom/weapons/knife/knife_hit3",
        "stream": true
      }
    ]
  },
  "knife_hit4": {
    "category": "master",
    "sounds": [
      {
        "name": "custom/weapons/knife/knife_hit4",
        "stream": true
      }
    ]
  },
  "knife_hit1": {
    "category": "master",
    "sounds": [
      {
        "name": "custom/weapons/knife/knife_hit1",
        "stream": true
      }
    ]
  },
  "knife_hit2": {
    "category": "master",
    "sounds": [
      {
        "name": "custom/weapons/knife/knife_hit2",
        "stream": true
      }
    ]
  },
  "m4a1_silencer_on": {
    "category": "master",
    "sounds": [
      {
        "name": "custom/weapons/m4a1/m4a1_silencer_on",
        "stream": true
      }
    ]
  },
  "p90-1": {
    "category": "master",
    "sounds": [
      {
        "name": "custom/weapons/p90/p90-1",
        "stream": true
      }
    ]
  },
  "m4a1_clipout": {
    "category": "master",
    "sounds": [
      {
        "name": "custom/weapons/m4a1/m4a1_clipout",
        "stream": true
      }
    ]
  },
  "p90_clipin": {
    "category": "master",
    "sounds": [
      {
        "name": "custom/weapons/p90/p90_clipin",
        "stream": true
      }
    ]
  },
  "mp5_clipin": {
    "category": "master",
    "sounds": [
      {
        "name": "custom/weapons/mp5/mp5_clipin",
        "stream": true
      }
    ]
  },
  "xm1014-1": {
    "category": "master",
    "sounds": [
      {
        "name": "custom/weapons/shotgun_auto/xm1014-1",
        "stream": true
      }
    ]
  },
  "aug_clipin": {
    "category": "master",
    "sounds": [
      {
        "name": "custom/weapons/aug/aug_clipin",
        "stream": true
      }
    ]
  },
  "de_slideback": {
    "category": "master",
    "sounds": [
      {
        "name": "custom/weapons/deagle/de_slideback",
        "stream": true
      }
    ]
  },
  "m3-1": {
    "category": "master",
    "sounds": [
      {
        "name": "custom/weapons/shotgun/m3-1",
        "stream": true
      }
    ]
  },
  "mp5_clipout": {
    "category": "master",
    "sounds": [
      {
        "name": "custom/weapons/mp5/mp5_clipout",
        "stream": true
      }
    ]
  },
  "knife_hitwall1": {
    "category": "master",
    "sounds": [
      {
        "name": "custom/weapons/knife/knife_hitwall1",
        "stream": true
      }
    ]
  },
  "scout_clipin": {
    "category": "master",
    "sounds": [
      {
        "name": "custom/weapons/scout_rifle/scout_clipin",
        "stream": true
      }
    ]
  },
  "ak47_boltpull": {
    "category": "master",
    "sounds": [
      {
        "name": "custom/weapons/ak47/ak47_boltpull",
        "stream": true
      }
    ]
  },
  "mac10-1": {
    "category": "master",
    "sounds": [
      {
        "name": "custom/weapons/uzi/mac10-1",
        "stream": true
      }
    ]
  },
  "flashbang_explode2": {
    "category": "master",
    "sounds": [
      {
        "name": "custom/weapons/flashbang_explode2",
        "stream": true
      }
    ]
  },
  "m4a1_clipin": {
    "category": "master",
    "sounds": [
      {
        "name": "custom/weapons/m4a1/m4a1_clipin",
        "stream": true
      }
    ]
  },
  "knife_deploy1": {
    "category": "master",
    "sounds": [
      {
        "name": "custom/weapons/knife/knife_deploy1",
        "stream": true
      }
    ]
  },
  "de_clipout": {
    "category": "master",
    "sounds": [
      {
        "name": "custom/weapons/deagle/de_clipout",
        "stream": true
      }
    ]
  },
  "m4a1_unsil-1": {
    "category": "master",
    "sounds": [
      {
        "name": "custom/weapons/m4a1/m4a1_unsil-1",
        "stream": true
      }
    ]
  },
  "aug_clipout": {
    "category": "master",
    "sounds": [
      {
        "name": "custom/weapons/aug/aug_clipout",
        "stream": true
      }
    ]
  },
  "m249_coverdown": {
    "category": "master",
    "sounds": [
      {
        "name": "custom/weapons/m249/m249_coverdown",
        "stream": true
      }
    ]
  },
  "aug_boltpull": {
    "category": "master",
    "sounds": [
      {
        "name": "custom/weapons/aug/aug_boltpull",
        "stream": true
      }
    ]
  },
  "aug_boltslap": {
    "category": "master",
    "sounds": [
      {
        "name": "custom/weapons/aug/aug_boltslap",
        "stream": true
      }
    ]
  },
  "glock18-1": {
    "category": "master",
    "sounds": [
      {
        "name": "custom/weapons/glock/glock18-1",
        "stream": true
      }
    ]
  },
  "awp1": {
    "category": "master",
    "sounds": [
      {
        "name": "custom/weapons/awp/awp1",
        "stream": true
      }
    ]
  },
  "m249_coverup": {
    "category": "master",
    "sounds": [
      {
        "name": "custom/weapons/m249/m249_coverup",
        "stream": true
      }
    ]
  },
  "p90_clipout": {
    "category": "master",
    "sounds": [
      {
        "name": "custom/weapons/p90/p90_clipout",
        "stream": true
      }
    ]
  },
  "scout_fire-1": {
    "category": "master",
    "sounds": [
      {
        "name": "custom/weapons/scout_rifle/scout_fire-1",
        "stream": true
      }
    ]
  },
  "m3_pump": {
    "category": "master",
    "sounds": [
      {
        "name": "custom/weapons/shotgun/m3_pump",
        "stream": true
      }
    ]
  },
  "m3_insertshell": {
    "category": "master",
    "sounds": [
      {
        "name": "custom/weapons/shotgun/m3_insertshell",
        "stream": true
      }
    ]
  },
  "ClipEmpty_Rifle": {
    "category": "master",
    "sounds": [
      {
        "name": "custom/weapons/ClipEmpty_Rifle",
        "stream": true
      }
    ]
  },
  "tmp_clipout": {
    "category": "master",
    "sounds": [
      {
        "name": "custom/weapons/tmp_silencer/tmp_clipout",
        "stream": true
      }
    ]
  },
  "ak47_clipin": {
    "category": "master",
    "sounds": [
      {
        "name": "custom/weapons/ak47/ak47_clipin",
        "stream": true
      }
    ]
  },
  "awp_bolt": {
    "category": "master",
    "sounds": [
      {
        "name": "custom/weapons/awp/awp_bolt",
        "stream": true
      }
    ]
  },
  "glock_clipout": {
    "category": "master",
    "sounds": [
      {
        "name": "custom/weapons/glock/glock_clipout",
        "stream": true
      }
    ]
  },
  "de_clipin": {
    "category": "master",
    "sounds": [
      {
        "name": "custom/weapons/deagle/de_clipin",
        "stream": true
      }
    ]
  },
  "m4a1_boltpull": {
    "category": "master",
    "sounds": [
      {
        "name": "custom/weapons/m4a1/m4a1_boltpull",
        "stream": true
      }
    ]
  },
  "knife_stab": {
    "category": "master",
    "sounds": [
      {
        "name": "custom/weapons/knife/knife_stab",
        "stream": true
      }
    ]
  },
  "usp1": {
    "category": "master",
    "sounds": [
      {
        "name": "custom/weapons/usp/usp1",
        "stream": true
      }
    ]
  },
  "mac10_boltpull": {
    "category": "master",
    "sounds": [
      {
        "name": "custom/weapons/uzi/mac10_boltpull",
        "stream": true
      }
    ]
  },
  "zoom": {
    "category": "master",
    "sounds": [
      {
        "name": "custom/weapons/zoom",
        "stream": true
      }
    ]
  },
  "deagle-1": {
    "category": "master",
    "sounds": [
      {
        "name": "custom/weapons/deagle/deagle-1",
        "stream": true
      }
    ]
  },
  "glock_slideback": {
    "category": "master",
    "sounds": [
      {
        "name": "custom/weapons/glock/glock_slideback",
        "stream": true
      }
    ]
  },
  "tmp_clipin": {
    "category": "master",
    "sounds": [
      {
        "name": "custom/weapons/tmp_silencer/tmp_clipin",
        "stream": true
      }
    ]
  },
  "tmp-1": {
    "category": "master",
    "sounds": [
      {
        "name": "custom/weapons/tmp_silencer/tmp-1",
        "stream": true
      }
    ]
  },
  "awp_clipin": {
    "category": "master",
    "sounds": [
      {
        "name": "custom/weapons/awp/awp_clipin",
        "stream": true
      }
    ]
  },
  "m4a1-1": {
    "category": "master",
    "sounds": [
      {
        "name": "custom/weapons/m4a1/m4a1-1",
        "stream": true
      }
    ]
  },
  "explode5": {
    "category": "master",
    "sounds": [
      {
        "name": "custom/weapons/explode5",
        "stream": true
      }
    ]
  },
  "pinpull": {
    "category": "master",
    "sounds": [
      {
        "name": "custom/weapons/pinpull",
        "stream": true
      }
    ]
  },
  "debris2": {
    "category": "master",
    "sounds": [
      {
        "name": "custom/weapons/debris2",
        "stream": true
      }
    ]
  },
  "explode4": {
    "category": "master",
    "sounds": [
      {
        "name": "custom/weapons/explode4",
        "stream": true
      }
    ]
  },
  "debris1": {
    "category": "master",
    "sounds": [
      {
        "name": "custom/weapons/debris1",
        "stream": true
      }
    ]
  },
  "explode3": {
    "category": "master",
    "sounds": [
      {
        "name": "custom/weapons/explode3",
        "stream": true
      }
    ]
  },
  "aug_forearm": {
    "category": "master",
    "sounds": [
      {
        "name": "custom/weapons/aug/aug_forearm",
        "stream": true
      }
    ]
  },
  "sg_explode": {
    "category": "master",
    "sounds": [
      {
        "name": "custom/weapons/sg_explode",
        "stream": true
      }
    ]
  },
  "xm1014_insertshell": {
    "category": "master",
    "sounds": [
      {
        "name": "custom/weapons/shotgun_auto/xm1014_insertshell",
        "stream": true
      }
    ]
  }
}