{
  "m249_boxin": {
    "category": "master",
    "sounds": [
      {
        "name": "custom/weapons/m249/m249_boxin",
        "stream": true
      }
    ]
  },
  "knife_slash": {
    "category": "master",
    "sounds": [
      {
        "name": "custom/weapons/knife/knife_slash",
        "stream": true
      }
    ]
  },
  "usp_clipout": {
    "category": "master",
    "sounds": [
      {
        "name": "custom/weapons/usp/usp_clipout",
        "stream": true
      }
    ]
  },
  "ak47_clipout": {
    "category": "master",
    "sounds": [
      {
        "name": "custom/weapons/ak47/ak47_clipout",
        "stream": true
      }
    ]
  },
  "twinbow_clipout": {
    "category": "master",
    "sounds": [
      {
        "name": "custom/weapons/twinbow/twinbow_clipout",
        "stream": true
      }
    ]
  },
  "mac10_fire": {
    "category": "master",
    "sounds": [
      {
        "name": "custom/weapons/mac10/mac10_fire",
        "stream": true
      }
    ]
  },
  "usp_fire_silencer": {
    "category": "master",
    "sounds": [
      {
        "name": "custom/weapons/usp/usp_fire_silencer",
        "stream": true
      }
    ]
  },
  "m249_chain": {
    "category": "master",
    "sounds": [
      {
        "name": "custom/weapons/m249/m249_chain",
        "stream": true
      }
    ]
  },
  "door_open": {
    "category": "master",
    "sounds": [
      {
        "name": "random/door_open",
        "stream": true
      }
    ]
  },
  "explode": {
    "category": "master",
    "sounds": [
      {
        "name": "custom/weapons/explode",
        "stream": true
      }
    ]
  },
  "m3_fire": {
    "category": "master",
    "sounds": [
      {
        "name": "custom/weapons/m3/m3_fire",
        "stream": true
      }
    ]
  },
  "mp5_fire": {
    "category": "master",
    "sounds": [
      {
        "name": "custom/weapons/mp5/mp5_fire",
        "stream": true
      }
    ]
  },
  "scout_clipout": {
    "category": "master",
    "sounds": [
      {
        "name": "custom/weapons/scout_rifle/scout_clipout",
        "stream": true
      }
    ]
  },
  "usp_clipin": {
    "category": "master",
    "sounds": [
      {
        "name": "custom/weapons/usp/usp_clipin",
        "stream": true
      }
    ]
  },
  "m249_boxout": {
    "category": "master",
    "sounds": [
      {
        "name": "custom/weapons/m249/m249_boxout",
        "stream": true
      }
    ]
  },
  "usp_silencer_on": {
    "category": "master",
    "sounds": [
      {
        "name": "custom/weapons/usp/usp_silencer_on",
        "stream": true
      }
    ]
  },
  "usp_fire": {
    "category": "master",
    "sounds": [
      {
        "name": "custom/weapons/usp/usp_fire",
        "stream": true
      }
    ]
  },
  "ak47_fire": {
    "category": "master",
    "sounds": [
      {
        "name": "custom/weapons/ak47/ak47_fire",
        "stream": true
      }
    ]
  },
  "m4a1_silencer_off": {
    "category": "master",
    "sounds": [
      {
        "name": "custom/weapons/m4a1/m4a1_silencer_off",
        "stream": true
      }
    ]
  },
  "change_item": {
    "category": "master",
    "sounds": [
      {
        "name": "custom/weapons/change_item",
        "stream": true
      }
    ]
  },
  "mac10_clipin": {
    "category": "master",
    "sounds": [
      {
        "name": "custom/weapons/mac10/mac10_clipin",
        "stream": true
      }
    ]
  },
  "usp_silencer_off": {
    "category": "master",
    "sounds": [
      {
        "name": "custom/weapons/usp/usp_silencer_off",
        "stream": true
      }
    ]
  },
  "knife_slot": {
    "category": "master",
    "sounds": [
      {
        "name": "custom/weapons/knife/knife_slot",
        "stream": true
      }
    ]
  },
  "mac10_clipout": {
    "category": "master",
    "sounds": [
      {
        "name": "custom/weapons/mac10/mac10_clipout",
        "stream": true
      }
    ]
  },
  "twinbow_fire": {
    "category": "master",
    "sounds": [
      {
        "name": "custom/weapons/twinbow/twinbow_fire",
        "stream": true
      }
    ]
  },
  "awp_clipout": {
    "category": "master",
    "sounds": [
      {
        "name": "custom/weapons/awp/awp_clipout",
        "stream": true
      }
    ]
  },
  "glock_clipin": {
    "category": "master",
    "sounds": [
      {
        "name": "custom/weapons/glock/glock_clipin",
        "stream": true
      }
    ]
  },
  "m3_reload": {
    "category": "master",
    "sounds": [
      {
        "name": "custom/weapons/m3/m3_reload",
        "stream": true
      }
    ]
  },
  "knife_hit3": {
    "category": "master",
    "sounds": [
      {
        "name": "custom/weapons/knife/knife_hit3",
        "stream": true
      }
    ]
  },
  "knife_hit4": {
    "category": "master",
    "sounds": [
      {
        "name": "custom/weapons/knife/knife_hit4",
        "stream": true
      }
    ]
  },
  "knife_hit1": {
    "category": "master",
    "sounds": [
      {
        "name": "custom/weapons/knife/knife_hit1",
        "stream": true
      }
    ]
  },
  "m4a1_fire_silencer": {
    "category": "master",
    "sounds": [
      {
        "name": "custom/weapons/m4a1/m4a1_fire_silencer",
        "stream": true
      }
    ]
  },
  "glock_shutter": {
    "category": "master",
    "sounds": [
      {
        "name": "custom/weapons/glock/glock_shutter",
        "stream": true
      }
    ]
  },
  "knife_hit2": {
    "category": "master",
    "sounds": [
      {
        "name": "custom/weapons/knife/knife_hit2",
        "stream": true
      }
    ]
  },
  "m4a1_silencer_on": {
    "category": "master",
    "sounds": [
      {
        "name": "custom/weapons/m4a1/m4a1_silencer_on",
        "stream": true
      }
    ]
  },
  "m4a1_clipout": {
    "category": "master",
    "sounds": [
      {
        "name": "custom/weapons/m4a1/m4a1_clipout",
        "stream": true
      }
    ]
  },
  "no_ammo": {
    "category": "master",
    "sounds": [
      {
        "name": "custom/weapons/no_ammo",
        "stream": true
      }
    ]
  },
  "p90_clipin": {
    "category": "master",
    "sounds": [
      {
        "name": "custom/weapons/p90/p90_clipin",
        "stream": true
      }
    ]
  },
  "flashbang_explode": {
    "category": "master",
    "sounds": [
      {
        "name": "custom/weapons/flashbang_explode",
        "stream": true
      }
    ]
  },
  "mp5_clipin": {
    "category": "master",
    "sounds": [
      {
        "name": "custom/weapons/mp5/mp5_clipin",
        "stream": true
      }
    ]
  },
  "aug_clipin": {
    "category": "master",
    "sounds": [
      {
        "name": "custom/weapons/aug/aug_clipin",
        "stream": true
      }
    ]
  },
  "thunder1": {
    "category": "master",
    "sounds": [
      {
        "name": "ambient/weather/thunder1",
        "stream": true
      }
    ]
  },
  "thunder2": {
    "category": "master",
    "sounds": [
      {
        "name": "ambient/weather/thunder2",
        "stream": true
      }
    ]
  },
  "awp_fire": {
    "category": "master",
    "sounds": [
      {
        "name": "custom/weapons/awp/awp_fire",
        "stream": true
      }
    ]
  },
  "thunder3": {
    "category": "master",
    "sounds": [
      {
        "name": "ambient/weather/thunder3",
        "stream": true
      }
    ]
  },
  "m249_fire": {
    "category": "master",
    "sounds": [
      {
        "name": "custom/weapons/m249/m249_fire",
        "stream": true
      }
    ]
  },
  "chainsav_idle": {
    "category": "master",
    "sounds": [
      {
        "name": "custom/weapons/chainsaw/chainsav_idle",
        "stream": true
      }
    ]
  },
  "aug_shutter": {
    "category": "master",
    "sounds": [
      {
        "name": "custom/weapons/aug/aug_shutter",
        "stream": true
      }
    ]
  },
  "mp5_clipout": {
    "category": "master",
    "sounds": [
      {
        "name": "custom/weapons/mp5/mp5_clipout",
        "stream": true
      }
    ]
  },
  "knife_hitwall1": {
    "category": "master",
    "sounds": [
      {
        "name": "custom/weapons/knife/knife_hitwall1",
        "stream": true
      }
    ]
  },
  "scout_clipin": {
    "category": "master",
    "sounds": [
      {
        "name": "custom/weapons/scout_rifle/scout_clipin",
        "stream": true
      }
    ]
  },
  "chainsav_fire": {
    "category": "master",
    "sounds": [
      {
        "name": "custom/weapons/chainsaw/chainsav_fire",
        "stream": true
      }
    ]
  },
  "tmp_fire": {
    "category": "master",
    "sounds": [
      {
        "name": "custom/weapons/tmp_silencer/tmp_fire",
        "stream": true
      }
    ]
  },
  "m4a1_clipin": {
    "category": "master",
    "sounds": [
      {
        "name": "custom/weapons/m4a1/m4a1_clipin",
        "stream": true
      }
    ]
  },
  "grenade_bounce": {
    "category": "master",
    "sounds": [
      {
        "name": "custom/weapons/grenade_bounce",
        "stream": true
      }
    ]
  },
  "scout_shutter": {
    "category": "master",
    "sounds": [
      {
        "name": "custom/weapons/scout_rifle/scout_shutter",
        "stream": true
      }
    ]
  },
  "deagle_fire": {
    "category": "master",
    "sounds": [
      {
        "name": "custom/weapons/deagle/deagle_fire",
        "stream": true
      }
    ]
  },
  "xm1014_clipin": {
    "category": "master",
    "sounds": [
      {
        "name": "custom/weapons/xm1014/xm1014_clipin",
        "stream": true
      }
    ]
  },
  "usp_shutter": {
    "category": "master",
    "sounds": [
      {
        "name": "custom/weapons/usp/usp_shutter",
        "stream": true
      }
    ]
  },
  "de_clipout": {
    "category": "master",
    "sounds": [
      {
        "name": "custom/weapons/deagle/de_clipout",
        "stream": true
      }
    ]
  },
  "aug_clipout": {
    "category": "master",
    "sounds": [
      {
        "name": "custom/weapons/aug/aug_clipout",
        "stream": true
      }
    ]
  },
  "rain4": {
    "category": "master",
    "sounds": [
      {
        "name": "ambient/weather/rain4",
        "stream": true
      }
    ]
  },
  "chainsav_select": {
    "category": "master",
    "sounds": [
      {
        "name": "custom/weapons/chainsaw/chainsav_select",
        "stream": true
      }
    ]
  },
  "glock_fire": {
    "category": "master",
    "sounds": [
      {
        "name": "custom/weapons/glock/glock_fire",
        "stream": true
      }
    ]
  },
  "m249_coverdown": {
    "category": "master",
    "sounds": [
      {
        "name": "custom/weapons/m249/m249_coverdown",
        "stream": true
      }
    ]
  },
  "mac10_shutter": {
    "category": "master",
    "sounds": [
      {
        "name": "custom/weapons/mac10/mac10_shutter",
        "stream": true
      }
    ]
  },
  "m249_coverup": {
    "category": "master",
    "sounds": [
      {
        "name": "custom/weapons/m249/m249_coverup",
        "stream": true
      }
    ]
  },
  "p90_clipout": {
    "category": "master",
    "sounds": [
      {
        "name": "custom/weapons/p90/p90_clipout",
        "stream": true
      }
    ]
  },
  "tmp_clipout": {
    "category": "master",
    "sounds": [
      {
        "name": "custom/weapons/tmp_silencer/tmp_clipout",
        "stream": true
      }
    ]
  },
  "door_close": {
    "category": "master",
    "sounds": [
      {
        "name": "random/door_close",
        "stream": true
      }
    ]
  },
  "ak47_clipin": {
    "category": "master",
    "sounds": [
      {
        "name": "custom/weapons/ak47/ak47_clipin",
        "stream": true
      }
    ]
  },
  "de_shutter": {
    "category": "master",
    "sounds": [
      {
        "name": "custom/weapons/deagle/de_shutter",
        "stream": true
      }
    ]
  },
  "glock_clipout": {
    "category": "master",
    "sounds": [
      {
        "name": "custom/weapons/glock/glock_clipout",
        "stream": true
      }
    ]
  },
  "m4a1_shutter": {
    "category": "master",
    "sounds": [
      {
        "name": "custom/weapons/m4a1/m4a1_shutter",
        "stream": true
      }
    ]
  },
  "de_clipin": {
    "category": "master",
    "sounds": [
      {
        "name": "custom/weapons/deagle/de_clipin",
        "stream": true
      }
    ]
  },
  "gas_explode": {
    "category": "master",
    "sounds": [
      {
        "name": "custom/weapons/gas_explode",
        "stream": true
      }
    ]
  },
  "mp5_shutter": {
    "category": "master",
    "sounds": [
      {
        "name": "custom/weapons/mp5/mp5_shutter",
        "stream": true
      }
    ]
  },
  "rain1": {
    "category": "master",
    "sounds": [
      {
        "name": "ambient/weather/rain1",
        "stream": true
      }
    ]
  },
  "rain2": {
    "category": "master",
    "sounds": [
      {
        "name": "ambient/weather/rain2",
        "stream": true
      }
    ]
  },
  "zoom": {
    "category": "master",
    "sounds": [
      {
        "name": "custom/weapons/zoom",
        "stream": true
      }
    ]
  },
  "rain3": {
    "category": "master",
    "sounds": [
      {
        "name": "ambient/weather/rain3",
        "stream": true
      }
    ]
  },
  "m3_clipin": {
    "category": "master",
    "sounds": [
      {
        "name": "custom/weapons/m3/m3_clipin",
        "stream": true
      }
    ]
  },
  "tmp_clipin": {
    "category": "master",
    "sounds": [
      {
        "name": "custom/weapons/tmp_silencer/tmp_clipin",
        "stream": true
      }
    ]
  },
  "p90_shutter": {
    "category": "master",
    "sounds": [
      {
        "name": "custom/weapons/p90/p90_shutter",
        "stream": true
      }
    ]
  },
  "awp_clipin": {
    "category": "master",
    "sounds": [
      {
        "name": "custom/weapons/awp/awp_clipin",
        "stream": true
      }
    ]
  },
  "p90_fire": {
    "category": "master",
    "sounds": [
      {
        "name": "custom/weapons/p90/p90_fire",
        "stream": true
      }
    ]
  },
  "twinbow_shutter": {
    "category": "master",
    "sounds": [
      {
        "name": "custom/weapons/twinbow/twinbow_shutter",
        "stream": true
      }
    ]
  },
  "aug_fire": {
    "category": "master",
    "sounds": [
      {
        "name": "custom/weapons/aug/aug_fire",
        "stream": true
      }
    ]
  },
  "m4a1_fire": {
    "category": "master",
    "sounds": [
      {
        "name": "custom/weapons/m4a1/m4a1_fire",
        "stream": true
      }
    ]
  },
  "scout_fire": {
    "category": "master",
    "sounds": [
      {
        "name": "custom/weapons/scout_rifle/scout_fire",
        "stream": true
      }
    ]
  },
  "ak47_shutter": {
    "category": "master",
    "sounds": [
      {
        "name": "custom/weapons/ak47/ak47_shutter",
        "stream": true
      }
    ]
  },
  "xm1014_fire": {
    "category": "master",
    "sounds": [
      {
        "name": "custom/weapons/xm1014/xm1014_fire",
        "stream": true
      }
    ]
  },
  "awp_shutter": {
    "category": "master",
    "sounds": [
      {
        "name": "custom/weapons/awp/awp_shutter",
        "stream": true
      }
    ]
  }
}